  0x00, 0x3c, 0x00, 0x00, 0x00, 0x00, 0x50, 0x01, 0x00, 0x3c, 0x00, 0x00,
  0x00, 0x00, 0x21, 0x10, 0x00, 0x3c, 0x00, 0x00, 0x00, 0x00, 0x21, 0x18,
  0x00, 0x3c, 0x00, 0x00, 0x00, 0x00, 0xa5, 0x1c, 0x00, 0x3c, 0x00, 0x00,
  0x00, 0x00, 0x21, 0x20, 0x00, 0x3c, 0x00, 0x00, 0x00, 0x00, 0x73, 0x22,
  0x00, 0x3c, 0x00, 0x00, 0x00, 0x00, 0xa5, 0x24, 0x00, 0x3c, 0x00, 0x00,
  0x00, 0x00, 0x52, 0x26, 0x00, 0x3c, 0x00, 0x00, 0x00, 0x00, 0x21, 0x28,
  0x00, 0x3c, 0x00, 0x00, 0x00, 0x00, 0x3a, 0x29, 0x00, 0x3c, 0x00, 0x00,
  0x00, 0x00, 0x74, 0x2a, 0x00, 0x3c, 0x00, 0x00, 0x00, 0x00, 0xcf, 0x2b,
  0x00, 0x3c, 0x00, 0x00, 0x00, 0x00, 0xa5, 0x2c, 0x00, 0x3c, 0x00, 0x00,
  0x00, 0x00, 0x74, 0x2d, 0x00, 0x3c, 0x00, 0x00, 0x00, 0x00, 0x53, 0x2e,
  0x00, 0x3c, 0x00, 0x00, 0x00, 0x00, 0x43, 0x2f, 0x00, 0x3c, 0x00, 0x00,
  0x00, 0x00, 0x22, 0x30, 0x00, 0x3c, 0x00, 0x00, 0x00, 0x00, 0xab, 0x30,
  0x00, 0x3c, 0x00, 0x00, 0x00, 0x00, 0x3c, 0x31, 0x00, 0x3c, 0x00, 0x00,
  0x00, 0x00, 0xd5, 0x31, 0x00, 0x3c, 0x00, 0x00, 0x00, 0x00, 0x76, 0x32,
  0x00, 0x3c, 0x00, 0x00, 0x00, 0x00, 0x1d, 0x33, 0x00, 0x3c, 0x00, 0x00,
  0x00, 0x00, 0xbe, 0x33, 0x00, 0x3c, 0x00, 0x00, 0x00, 0x00, 0x32, 0x34,
  0x00, 0x3c, 0x00, 0x00, 0x00, 0x00, 0x92, 0x34, 0x00, 0x3c, 0x00, 0x00,
  0x00, 0x00, 0xf6, 0x34, 0x00, 0x3c, 0x00, 0x00, 0x00, 0x00, 0x5e, 0x35,
  0x00, 0x3c, 0x00, 0x00, 0x00, 0x00, 0xc8, 0x35, 0x00, 0x3c, 0x00, 0x00,
  0x00, 0x00, 0x33, 0x36, 0x00, 0x3c, 0x00, 0x00, 0x00, 0x00, 0x9b, 0x36,
  0x00, 0x3c, 0x00, 0x00, 0x00, 0x00, 0x03, 0x37, 0x00, 0x3c, 0x00, 0x00,
  0x00, 0x00, 0x79, 0x37, 0x00, 0x3c, 0x00, 0x00, 0x00, 0x00, 0xee, 0x37,
  0x00, 0x3c, 0x00, 0x00, 0x00, 0x00, 0x30, 0x38, 0x00, 0x3c, 0x00, 0x00,
  0x00, 0x00, 0x66, 0x38, 0x00, 0x3c, 0x00, 0x00, 0x00, 0x00, 0xa3, 0x38,
  0x00, 0x3c, 0x00, 0x00, 0x00, 0x00, 0xdf, 0x38, 0x00, 0x3c, 0x00, 0x00,
  0x00, 0x00, 0x17, 0x39, 0x00, 0x3c, 0x00, 0x00, 0x00, 0x00, 0x51, 0x39,
  0x00, 0x3c, 0x00, 0x00, 0x00, 0x00, 0x8c, 0x39, 0x00, 0x3c, 0x00, 0x00,
  0x00, 0x00, 0xc2, 0x39, 0x00, 0x3c, 0x00, 0x00, 0x00, 0x00, 0xfb, 0x39,
  0x00, 0x3c, 0x00, 0x00, 0x00, 0x00, 0x31, 0x3a, 0x00, 0x3c, 0x00, 0x00,
  0x00, 0x00, 0x66, 0x3a, 0x00, 0x3c, 0x00, 0x00, 0x00, 0x00, 0x9a, 0x3a,
  0x00, 0x3c, 0x00, 0x00, 0x00, 0x00, 0xcb, 0x3a, 0x00, 0x3c, 0x00, 0x00,
  0x00, 0x00, 0xfc, 0x3a, 0x00, 0x3c, 0x00, 0x00, 0x00, 0x00, 0x2a, 0x3b,
  0x00, 0x3c, 0x00, 0x00, 0x00, 0x00, 0x57, 0x3b, 0x00, 0x3c, 0x00, 0x00,
  0x00, 0x00, 0x81, 0x3b, 0x00, 0x3c, 0x00, 0x00, 0x00, 0x00, 0xaa, 0x3b,
  0x00, 0x3c, 0x00, 0x00, 0x00, 0x00, 0xd0, 0x3b, 0x00, 0x3c, 0x00, 0x00,
  0x00, 0x00, 0xf5, 0x3b, 0x00, 0x3c, 0x00, 0x00, 0x00, 0x00, 0x0b, 0x3c,
  0x00, 0x3c, 0x00, 0x00, 0x00, 0x00, 0x1c, 0x3c, 0x00, 0x3c, 0x00, 0x00,
  0x00, 0x00, 0x2b, 0x3c, 0x00, 0x3c, 0x00, 0x00, 0x00, 0x00, 0x39, 0x3c,
  0x00, 0x3c, 0x00, 0x00, 0x00, 0x00, 0x46, 0x3c, 0x00, 0x3c, 0x00, 0x00,
  0x00, 0x00, 0x53, 0x3c, 0x00, 0x3c, 0x00, 0x00, 0x00, 0x00, 0x5e, 0x3c,
  0x00, 0x3c, 0x00, 0x00, 0x00, 0x00, 0x68, 0x3c, 0x00, 0x3c, 0x00, 0x00,
  0x00, 0x00, 0x72, 0x3c, 0x00, 0x3c, 0x00, 0x00, 0x00, 0x00, 0x7b, 0x3c,
  0x00, 0x3c, 0x00, 0x00, 0x00, 0x00, 0x83, 0x3c, 0xff, 0x3b, 0x08, 0x80,
  0xbf, 0x25, 0x4f, 0x01, 0xff, 0x3b, 0xbe, 0x80, 0xbf, 0x25, 0x20, 0x10,
  0xff, 0x3b, 0xf7, 0x82, 0xbf, 0x25, 0x20, 0x18, 0xff, 0x3b, 0xab, 0x86,
  0xbf, 0x25, 0xa4, 0x1c, 0xff, 0x3b, 0xee, 0x89, 0xbf, 0x25, 0x20, 0x20,
  0xff, 0x3b, 0xa2, 0x8c, 0xbf, 0x25, 0x72, 0x22, 0xff, 0x3b, 0xab, 0x8e,
  0xbf, 0x25, 0xa4, 0x24, 0xff, 0x3b, 0x8a, 0x90, 0xbf, 0x25, 0x51, 0x26,
  0xff, 0x3b, 0xee, 0x91, 0xbf, 0x25, 0x20, 0x28, 0xff, 0x3b, 0x81, 0x93,
  0xbf, 0x25, 0x39, 0x29, 0xff, 0x3b, 0xa2, 0x94, 0xbf, 0x25, 0x73, 0x2a,
  0xff, 0x3b, 0x9b, 0x95, 0xbf, 0x25, 0xcd, 0x2b, 0xff, 0x3b, 0xac, 0x96,
  0xbf, 0x25, 0xa5, 0x2c, 0xff, 0x3b, 0xd5, 0x97, 0xbf, 0x25, 0x73, 0x2d,
  0xff, 0x3b, 0x8b, 0x98, 0xbf, 0x25, 0x53, 0x2e, 0xff, 0x3b, 0x37, 0x99,
  0xbf, 0x25, 0x42, 0x2f, 0xff, 0x3b, 0xef, 0x99, 0xbf, 0x25, 0x21, 0x30,
  0xff, 0x3b, 0xb3, 0x9a, 0xbf, 0x25, 0xaa, 0x30, 0xff, 0x3b, 0x83, 0x9b,
  0xbf, 0x25, 0x3b, 0x31, 0xff, 0x3b, 0x2e, 0x9c, 0xbf, 0x25, 0xd4, 0x31,
  0xff, 0x3b, 0x9c, 0x9c, 0xbe, 0x25, 0x75, 0x32, 0xff, 0x3b, 0xf4, 0x9c,
  0xbd, 0x25, 0x1c, 0x33, 0xff, 0x3b, 0xa3, 0x9c, 0xb6, 0x25, 0xbc, 0x33,
  0xff, 0x3b, 0x04, 0x9e, 0xbe, 0x25, 0x32, 0x34, 0xff, 0x3b, 0x8b, 0x9e,
  0xbe, 0x25, 0x92, 0x34, 0xff, 0x3b, 0x13, 0x9f, 0xbd, 0x25, 0xf6, 0x34,
  0xff, 0x3b, 0x99, 0x9f, 0xbc, 0x25, 0x5d, 0x35, 0xff, 0x3b, 0x07, 0xa0,
  0xba, 0x25, 0xc7, 0x35, 0xff, 0x3b, 0x28, 0xa0, 0xb4, 0x25, 0x32, 0x36,
  0xff, 0x3b, 0x18, 0xa0, 0xa9, 0x25, 0x9a, 0x36, 0xff, 0x3b, 0xe1, 0xa0,
  0xb6, 0x25, 0x02, 0x37, 0xff, 0x3b, 0x13, 0xa1, 0xaf, 0x25, 0x78, 0x37,
  0xff, 0x3b, 0x2b, 0xa1, 0xa4, 0x25, 0xed, 0x37, 0xff, 0x3b, 0x1b, 0xa1,
  0x95, 0x25, 0x30, 0x38, 0xff, 0x3b, 0x61, 0xa1, 0x8f, 0x25, 0x67, 0x38,
  0xff, 0x3b, 0xd9, 0xa1, 0x90, 0x25, 0xa3, 0x38, 0xff, 0x3b, 0xba, 0xa1,
  0x76, 0x25, 0xde, 0x38, 0xff, 0x3b, 0x84, 0xa1, 0x58, 0x25, 0x16, 0x39,
  0xff, 0x3b, 0x3b, 0xa2, 0x61, 0x25, 0x51, 0x39, 0xff, 0x3b, 0xf1, 0xa1,
  0x3b, 0x25, 0x8b, 0x39, 0xff, 0x3b, 0xeb, 0xa1, 0x1d, 0x25, 0xc2, 0x39,
  0xff, 0x3b, 0x34, 0xa2, 0x0e, 0x25, 0xfb, 0x39, 0xff, 0x3b, 0xac, 0xa1,
  0xd6, 0x24, 0x31, 0x3a, 0xff, 0x3b, 0x44, 0xa2, 0xd3, 0x24, 0x65, 0x3a,
  0x00, 0x3c, 0xa6, 0xa1, 0x8f, 0x24, 0x9a, 0x3a, 0xff, 0x3b, 0xe2, 0xa1,
  0x76, 0x24, 0xcb, 0x3a, 0xff, 0x3b, 0x6c, 0xa1, 0x35, 0x24, 0xfc, 0x3a,
  0xff, 0x3b, 0x6d, 0xa1, 0x0d, 0x24, 0x2a, 0x3b, 0xff, 0x3b, 0x04, 0xa1,
  0x96, 0x23, 0x57, 0x3b, 0x00, 0x3c, 0xf4, 0xa0, 0x34, 0x23, 0x81, 0x3b,
  0xff, 0x3b, 0x73, 0xa0, 0xa2, 0x22, 0xaa, 0x3b, 0xff, 0x3b, 0x70, 0xa0,
  0x43, 0x22, 0xd0, 0x3b, 0x00, 0x3c, 0x7f, 0x9f, 0x94, 0x21, 0xf5, 0x3b,
  0x00, 0x3c, 0xbe, 0x9f, 0x42, 0x21, 0x0b, 0x3c, 0x00, 0x3c, 0xfa, 0x9d,
  0x80, 0x20, 0x1c, 0x3c, 0x00, 0x3c, 0x77, 0x9e, 0x3d, 0x20, 0x2b, 0x3c,
  0x00, 0x3c, 0x9e, 0x9c, 0xe8, 0x1e, 0x39, 0x3c, 0x00, 0x3c, 0xfa, 0x9c,
  0x5c, 0x1e, 0x46, 0x3c, 0x00, 0x3c, 0x99, 0x9a, 0xe6, 0x1c, 0x53, 0x3c,
  0x00, 0x3c, 0x84, 0x9a, 0x29, 0x1c, 0x5e, 0x3c, 0x00, 0x3c, 0xeb, 0x97,
  0xc0, 0x19, 0x69, 0x3c, 0x00, 0x3c, 0x4c, 0x96, 0x12, 0x18, 0x72, 0x3c,
  0x00, 0x3c, 0x1c, 0x91, 0x85, 0x13, 0x7b, 0x3c, 0x00, 0x3c, 0x11, 0x80,
  0x0f, 0x00, 0x83, 0x3c, 0xfc, 0x3b, 0x0f, 0x80, 0xbd, 0x29, 0x4f, 0x01,
  0xfc, 0x3b, 0x7b, 0x81, 0xbd, 0x29, 0x1f, 0x10, 0xfc, 0x3b, 0xec, 0x85,
  0xbd, 0x29, 0x1f, 0x18, 0xfc, 0x3b, 0xaa, 0x8a, 0xbd, 0x29, 0xa2, 0x1c,
  0xfc, 0x3b, 0xec, 0x8d, 0xbd, 0x29, 0x1f, 0x20, 0xfc, 0x3b, 0xa1, 0x90,
  0xbd, 0x29, 0x70, 0x22, 0xfc, 0x3b, 0xaa, 0x92, 0xbd, 0x29, 0xa2, 0x24,
  0xfc, 0x3b, 0x89, 0x94, 0xbd, 0x29, 0x4f, 0x26, 0xfc, 0x3b, 0xec, 0x95,
  0xbd, 0x29, 0x1f, 0x28, 0xfc, 0x3b, 0x7f, 0x97, 0xbd, 0x29, 0x37, 0x29,
  0xfc, 0x3b, 0xa1, 0x98, 0xbd, 0x29, 0x70, 0x2a, 0xfc, 0x3b, 0x9a, 0x99,
  0xbd, 0x29, 0xca, 0x2b, 0xfc, 0x3b, 0xaa, 0x9a, 0xbd, 0x29, 0xa3, 0x2c,
  0xfc, 0x3b, 0xd3, 0x9b, 0xbd, 0x29, 0x71, 0x2d, 0xfc, 0x3b, 0x8a, 0x9c,
  0xbd, 0x29, 0x50, 0x2e, 0xfc, 0x3b, 0x36, 0x9d, 0xbd, 0x29, 0x40, 0x2f,
  0xfc, 0x3b, 0xee, 0x9d, 0xbd, 0x29, 0x20, 0x30, 0xfc, 0x3b, 0xb2, 0x9e,
  0xbd, 0x29, 0xa8, 0x30, 0xfc, 0x3b, 0x81, 0x9f, 0xbd, 0x29, 0x39, 0x31,
  0xfc, 0x3b, 0x2d, 0xa0, 0xbd, 0x29, 0xd2, 0x31, 0xfc, 0x3b, 0x9a, 0xa0,
  0xbd, 0x29, 0x73, 0x32, 0xfc, 0x3b, 0xf0, 0xa0, 0xbc, 0x29, 0x19, 0x33,
  0xfc, 0x3b, 0xb9, 0xa0, 0xb6, 0x29, 0xb9, 0x33, 0xfc, 0x3b, 0x02, 0xa2,
  0xbd, 0x29, 0x30, 0x34, 0xfc, 0x3b, 0x89, 0xa2, 0xbd, 0x29, 0x90, 0x34,
  0xfc, 0x3b, 0x12, 0xa3, 0xbc, 0x29, 0xf4, 0x34, 0xfc, 0x3b, 0x97, 0xa3,
  0xbb, 0x29, 0x5b, 0x35, 0xfc, 0x3b, 0x05, 0xa4, 0xb9, 0x29, 0xc5, 0x35,
  0xfc, 0x3b, 0x26, 0xa4, 0xb3, 0x29, 0x30, 0x36, 0xfc, 0x3b, 0x15, 0xa4,
  0xa7, 0x29, 0x97, 0x36, 0xfc, 0x3b, 0xb6, 0xa4, 0xb0, 0x29, 0x01, 0x37,
  0xfc, 0x3b, 0x11, 0xa5, 0xae, 0x29, 0x75, 0x37, 0xfc, 0x3b, 0x28, 0xa5,
  0xa4, 0x29, 0xea, 0x37, 0xfd, 0x3b, 0x17, 0xa5, 0x93, 0x29, 0x2e, 0x38,
  0xfc, 0x3b, 0x64, 0xa5, 0x8f, 0x29, 0x66, 0x38, 0xfc, 0x3b, 0xd6, 0xa5,
  0x8e, 0x29, 0xa1, 0x38, 0xfd, 0x3b, 0xb6, 0xa5, 0x76, 0x29, 0xdc, 0x38,
  0xfd, 0x3b, 0xb6, 0xa5, 0x60, 0x29, 0x16, 0x39, 0xfd, 0x3b, 0x2c, 0xa6,
  0x5d, 0x29, 0x4f, 0x39, 0xfd, 0x3b, 0xed, 0xa5, 0x39, 0x29, 0x89, 0x39,
  0xfd, 0x3b, 0xfb, 0xa5, 0x21, 0x29, 0xc1, 0x39, 0xfd, 0x3b, 0x30, 0xa6,
  0x0d, 0x29, 0xf9, 0x39, 0xfd, 0x3b, 0xdb, 0xa5, 0xdd, 0x28, 0x2f, 0x3a,
  0xfd, 0x3b, 0x05, 0xa6, 0xc4, 0x28, 0x64, 0x3a, 0xfd, 0x3b, 0xb6, 0xa5,
  0x90, 0x28, 0x98, 0x3a, 0xfd, 0x3b, 0xb6, 0xa5, 0x6b, 0x28, 0xca, 0x3a,
  0xfd, 0x3b, 0x77, 0xa5, 0x36, 0x28, 0xfa, 0x3a, 0xfd, 0x3b, 0x53, 0xa5,
  0x06, 0x28, 0x29, 0x3b, 0xfd, 0x3b, 0x14, 0xa5, 0x9a, 0x27, 0x56, 0x3b,
  0xfe, 0x3b, 0xd8, 0xa4, 0x29, 0x27, 0x81, 0x3b, 0xfe, 0x3b, 0x94, 0xa4,
  0xb2, 0x26, 0xa9, 0x3b, 0xfe, 0x3b, 0x45, 0xa4, 0x33, 0x26, 0xd0, 0x3b,
  0xfe, 0x3b, 0xf6, 0xa3, 0xb3, 0x25, 0xf4, 0x3b, 0xfe, 0x3b, 0x3d, 0xa3,
  0x2c, 0x25, 0x0b, 0x3c, 0xff, 0x3b, 0x9f, 0xa2, 0xa7, 0x24, 0x1c, 0x3c,
  0xff, 0x3b, 0xcc, 0xa1, 0x18, 0x24, 0x2b, 0x3c, 0xff, 0x3b, 0x2f, 0xa1,
  0x30, 0x23, 0x39, 0x3c, 0xff, 0x3b, 0x4a, 0xa0, 0x08, 0x22, 0x46, 0x3c,
  0xff, 0x3b, 0x64, 0x9f, 0x09, 0x21, 0x53, 0x3c, 0x00, 0x3c, 0xac, 0x9d,
  0xe0, 0x1f, 0x5e, 0x3c, 0x00, 0x3c, 0x5f, 0x9c, 0xec, 0x1d, 0x69, 0x3c,
  0x00, 0x3c, 0x9c, 0x99, 0xab, 0x1b, 0x72, 0x3c, 0x00, 0x3c, 0x9a, 0x95,
  0xab, 0x17, 0x7b, 0x3c, 0x00, 0x3c, 0x94, 0x02, 0xe5, 0x81, 0x83, 0x3c,
  0xf7, 0x3b, 0x17, 0x80, 0x4d, 0x2c, 0x4e, 0x01, 0xf7, 0x3b, 0x38, 0x82,
  0x4c, 0x2c, 0x1c, 0x10, 0xf7, 0x3b, 0x6f, 0x88, 0x4c, 0x2c, 0x1c, 0x18,
  0xf7, 0x3b, 0xfd, 0x8c, 0x4c, 0x2c, 0x9f, 0x1c, 0xf7, 0x3b, 0x6f, 0x90,
  0x4c, 0x2c, 0x1c, 0x20, 0xf7, 0x3b, 0xee, 0x92, 0x4c, 0x2c, 0x6c, 0x22,
  0xf7, 0x3b, 0xfd, 0x94, 0x4c, 0x2c, 0xa0, 0x24, 0xf7, 0x3b, 0xcb, 0x96,
  0x4c, 0x2c, 0x4b, 0x26, 0xf7, 0x3b, 0x70, 0x98, 0x4c, 0x2c, 0x1c, 0x28,
  0xf7, 0x3b, 0x9d, 0x99, 0x4c, 0x2c, 0x34, 0x29, 0xf7, 0x3b, 0xee, 0x9a,
  0x4c, 0x2c, 0x6c, 0x2a, 0xf7, 0x3b, 0x32, 0x9c, 0x4c, 0x2c, 0xc5, 0x2b,
  0xf7, 0x3b, 0xfe, 0x9c, 0x4c, 0x2c, 0xa0, 0x2c, 0xf7, 0x3b, 0xdc, 0x9d,
  0x4c, 0x2c, 0x6e, 0x2d, 0xf7, 0x3b, 0xcc, 0x9e, 0x4c, 0x2c, 0x4c, 0x2e,
  0xf7, 0x3b, 0xce, 0x9f, 0x4c, 0x2c, 0x3b, 0x2f, 0xf7, 0x3b, 0x71, 0xa0,
  0x4c, 0x2c, 0x1d, 0x30, 0xf7, 0x3b, 0x03, 0xa1, 0x4c, 0x2c, 0xa5, 0x30,
  0xf7, 0x3b, 0x9e, 0xa1, 0x4c, 0x2c, 0x36, 0x31, 0xf7, 0x3b, 0x41, 0xa2,
  0x4c, 0x2c, 0xce, 0x31, 0xf7, 0x3b, 0xe4, 0xa2, 0x4c, 0x2c, 0x6f, 0x32,
  0xf7, 0x3b, 0x5e, 0xa3, 0x4b, 0x2c, 0x14, 0x33, 0xf7, 0x3b, 0x59, 0xa3,
  0x48, 0x2c, 0xb5, 0x33, 0xf7, 0x3b, 0x74, 0xa4, 0x4b, 0x2c, 0x2e, 0x34,
  0xf7, 0x3b, 0xe4, 0xa4, 0x4c, 0x2c, 0x8d, 0x34, 0xf7, 0x3b, 0x4b, 0xa5,
  0x4b, 0x2c, 0xf1, 0x34, 0xf7, 0x3b, 0xae, 0xa5, 0x4b, 0x2c, 0x58, 0x35,
  0xf7, 0x3b, 0x03, 0xa6, 0x49, 0x2c, 0xc1, 0x35, 0xf7, 0x3b, 0x32, 0xa6,
  0x44, 0x2c, 0x2b, 0x36, 0xf7, 0x3b, 0x3c, 0xa6, 0x3e, 0x2c, 0x93, 0x36,
  0xf8, 0x3b, 0xf6, 0xa6, 0x40, 0x2c, 0xff, 0x36, 0xf8, 0x3b, 0x94, 0xa7,
  0x41, 0x2c, 0x70, 0x37, 0xf8, 0x3b, 0xb5, 0xa7, 0x3a, 0x2c, 0xe5, 0x37,
  0xf8, 0x3b, 0xa3, 0xa7, 0x2d, 0x2c, 0x2b, 0x38, 0xf8, 0x3b, 0x0d, 0xa8,
  0x2a, 0x2c, 0x65, 0x38, 0xf8, 0x3b, 0x57, 0xa8, 0x28, 0x2c, 0x9e, 0x38,
  0xf8, 0x3b, 0x44, 0xa8, 0x17, 0x2c, 0xd9, 0x38, 0xf9, 0x3b, 0x57, 0xa8,
  0x0a, 0x2c, 0x14, 0x39, 0xf9, 0x3b, 0x85, 0xa8, 0x00, 0x2c, 0x4d, 0x39,
  0xf9, 0x3b, 0x77, 0xa8, 0xd5, 0x2b, 0x86, 0x39, 0xf9, 0x3b, 0x80, 0xa8,
  0xb0, 0x2b, 0xbf, 0x39, 0xf9, 0x3b, 0x89, 0xa8, 0x88, 0x2b, 0xf6, 0x39,
  0xf9, 0x3b, 0x79, 0xa8, 0x52, 0x2b, 0x2d, 0x3a, 0xfa, 0x3b, 0x6d, 0xa8,
  0x1c, 0x2b, 0x62, 0x3a, 0xf9, 0x3b, 0x63, 0xa8, 0xe2, 0x2a, 0x96, 0x3a,
  0xfa, 0x3b, 0x3c, 0xa8, 0x9b, 0x2a, 0xc9, 0x3a, 0xfa, 0x3b, 0x28, 0xa8,
  0x58, 0x2a, 0xf9, 0x3a, 0xfa, 0x3b, 0xed, 0xa7, 0x05, 0x2a, 0x28, 0x3b,
  0xfa, 0x3b, 0xaa, 0xa7, 0xb6, 0x29, 0x54, 0x3b, 0xfb, 0x3b, 0x34, 0xa7,
  0x5c, 0x29, 0x7f, 0x3b, 0xfb, 0x3b, 0xe1, 0xa6, 0x04, 0x29, 0xa8, 0x3b,
  0xfc, 0x3b, 0x54, 0xa6, 0xa0, 0x28, 0xcf, 0x3b, 0xfc, 0x3b, 0xfa, 0xa5,
  0x46, 0x28, 0xf4, 0x3b, 0xfc, 0x3b, 0x5f, 0xa5, 0xbb, 0x27, 0x0b, 0x3c,
  0xfd, 0x3b, 0xf9, 0xa4, 0xfb, 0x26, 0x1b, 0x3c, 0xfe, 0x3b, 0x58, 0xa4,
  0x26, 0x26, 0x2b, 0x3c, 0xfe, 0x3b, 0xcd, 0xa3, 0x64, 0x25, 0x39, 0x3c,
  0xfe, 0x3b, 0x87, 0xa2, 0x93, 0x24, 0x46, 0x3c, 0xff, 0x3b, 0x8b, 0xa1,
  0x92, 0x23, 0x52, 0x3c, 0xff, 0x3b, 0x55, 0xa0, 0xf3, 0x21, 0x5e, 0x3c,
  0x00, 0x3c, 0x8c, 0x9e, 0x71, 0x20, 0x69, 0x3c, 0x00, 0x3c, 0x3f, 0x9c,
  0xce, 0x1d, 0x72, 0x3c, 0x00, 0x3c, 0x40, 0x98, 0xaf, 0x19, 0x7b, 0x3c,
  0x00, 0x3c, 0xb4, 0x05, 0x86, 0x83, 0x83, 0x3c, 0xef, 0x3b, 0x1e, 0x80,
  0xb8, 0x2d, 0x4d, 0x01, 0xf0, 0x3b, 0xf3, 0x82, 0xb8, 0x2d, 0x18, 0x10,
  0xf0, 0x3b, 0xe7, 0x89, 0xb8, 0x2d, 0x18, 0x18, 0xf0, 0x3b, 0xa3, 0x8e,
  0xb8, 0x2d, 0x9b, 0x1c, 0xf0, 0x3b, 0xe7, 0x91, 0xb8, 0x2d, 0x18, 0x20,
  0xf0, 0x3b, 0x9c, 0x94, 0xb8, 0x2d, 0x66, 0x22, 0xf0, 0x3b, 0xa3, 0x96,
  0xb8, 0x2d, 0x9b, 0x24, 0xf0, 0x3b, 0x85, 0x98, 0xb8, 0x2d, 0x45, 0x26,
  0xf0, 0x3b, 0xe7, 0x99, 0xb8, 0x2d, 0x18, 0x28, 0xf0, 0x3b, 0x78, 0x9b,
  0xb8, 0x2d, 0x2f, 0x29, 0xf0, 0x3b, 0x9c, 0x9c, 0xb8, 0x2d, 0x66, 0x2a,
  0xf0, 0x3b, 0x94, 0x9d, 0xb8, 0x2d, 0xbe, 0x2b, 0xf0, 0x3b, 0xa4, 0x9e,
  0xb8, 0x2d, 0x9c, 0x2c, 0xf0, 0x3b, 0xcb, 0x9f, 0xb8, 0x2d, 0x69, 0x2d,
  0xf0, 0x3b, 0x85, 0xa0, 0xb8, 0x2d, 0x46, 0x2e, 0xf0, 0x3b, 0x31, 0xa1,
  0xb8, 0x2d, 0x34, 0x2f, 0xf0, 0x3b, 0xe8, 0xa1, 0xb8, 0x2d, 0x1a, 0x30,
  0xf0, 0x3b, 0xab, 0xa2, 0xb8, 0x2d, 0xa1, 0x30, 0xf0, 0x3b, 0x79, 0xa3,
  0xb8, 0x2d, 0x31, 0x31, 0xf0, 0x3b, 0x28, 0xa4, 0xb8, 0x2d, 0xc9, 0x31,
  0xf0, 0x3b, 0x94, 0xa4, 0xb7, 0x2d, 0x69, 0x32, 0xf0, 0x3b, 0xe0, 0xa4,
  0xb6, 0x2d, 0x0d, 0x33, 0xf0, 0x3b, 0x02, 0xa5, 0xb3, 0x2d, 0xaf, 0x33,
  0xf0, 0x3b, 0xd1, 0xa5, 0xb6, 0x2d, 0x2c, 0x34, 0xf0, 0x3b, 0x82, 0xa6,
  0xb7, 0x2d, 0x89, 0x34, 0xf0, 0x3b, 0x09, 0xa7, 0xb7, 0x2d, 0xec, 0x34,
  0xf0, 0x3b, 0x8d, 0xa7, 0xb5, 0x2d, 0x53, 0x35, 0xf0, 0x3b, 0xfc, 0xa7,
  0xb3, 0x2d, 0xbc, 0x35, 0xf1, 0x3b, 0x1b, 0xa8, 0xad, 0x2d, 0x25, 0x36,
  0xf1, 0x3b, 0x38, 0xa8, 0xa7, 0x2d, 0x8e, 0x36, 0xf1, 0x3b, 0x9c, 0xa8,
  0xa8, 0x2d, 0xfa, 0x36, 0xf1, 0x3b, 0x07, 0xa9, 0xa9, 0x2d, 0x69, 0x37,
  0xf1, 0x3b, 0x1d, 0xa9, 0x9f, 0x2d, 0xdd, 0x37, 0xf2, 0x3b, 0x26, 0xa9,
  0x92, 0x2d, 0x28, 0x38, 0xf2, 0x3b, 0x67, 0xa9, 0x8b, 0x2d, 0x62, 0x38,
  0xf2, 0x3b, 0xad, 0xa9, 0x84, 0x2d, 0x9b, 0x38, 0xf3, 0x3b, 0xb7, 0xa9,
  0x73, 0x2d, 0xd5, 0x38, 0xf3, 0x3b, 0xd1, 0xa9, 0x61, 0x2d, 0x10, 0x39,
  0xf3, 0x3b, 0xee, 0xa9, 0x4f, 0x2d, 0x4a, 0x39, 0xf3, 0x3b, 0x06, 0xaa,
  0x3b, 0x2d, 0x82, 0x39, 0xf4, 0x3b, 0x00, 0xaa, 0x1f, 0x2d, 0xbc, 0x39,
  0xf4, 0x3b, 0xfa, 0xa9, 0x00, 0x2d, 0xf3, 0x39, 0xf4, 0x3b, 0x03, 0xaa,
  0xe3, 0x2c, 0x2a, 0x3a, 0xf5, 0x3b, 0xd9, 0xa9, 0xb9, 0x2c, 0x60, 0x3a,
  0xf4, 0x3b, 0xd5, 0xa9, 0x94, 0x2c, 0x93, 0x3a, 0xf5, 0x3b, 0xa0, 0xa9,
  0x64, 0x2c, 0xc6, 0x3a, 0xf6, 0x3b, 0x81, 0xa9, 0x37, 0x2c, 0xf7, 0x3a,
  0xf6, 0x3b, 0x4b, 0xa9, 0x02, 0x2c, 0x25, 0x3b, 0xf7, 0x3b, 0x13, 0xa9,
  0x97, 0x2b, 0x53, 0x3b, 0xf7, 0x3b, 0xd8, 0xa8, 0x26, 0x2b, 0x7d, 0x3b,
  0xf8, 0x3b, 0x8c, 0xa8, 0xab, 0x2a, 0xa7, 0x3b, 0xf8, 0x3b, 0x4a, 0xa8,
  0x31, 0x2a, 0xcd, 0x3b, 0xf9, 0x3b, 0xdb, 0xa7, 0xaa, 0x29, 0xf3, 0x3b,
  0xfa, 0x3b, 0x4f, 0xa7, 0x2e, 0x29, 0x0b, 0x3c, 0xfb, 0x3b, 0x7d, 0xa6,
  0x9f, 0x28, 0x1b, 0x3c, 0xfb, 0x3b, 0xee, 0xa5, 0x20, 0x28, 0x2a, 0x3c,
  0xfc, 0x3b, 0x13, 0xa5, 0x21, 0x27, 0x39, 0x3c, 0xfd, 0x3b, 0x77, 0xa4,
  0x1d, 0x26, 0x46, 0x3c, 0xfe, 0x3b, 0x3d, 0xa3, 0x04, 0x25, 0x52, 0x3c,
  0xff, 0x3b, 0xeb, 0xa1, 0x00, 0x24, 0x5e, 0x3c, 0xff, 0x3b, 0x4c, 0xa0,
  0xde, 0x21, 0x69, 0x3c, 0xff, 0x3b, 0xcd, 0x9d, 0xd1, 0x1f, 0x72, 0x3c,
  0x00, 0x3c, 0x87, 0x99, 0x79, 0x1b, 0x7b, 0x3c, 0x00, 0x3c, 0x17, 0x04,
  0x18, 0x82, 0x83, 0x3c, 0xe6, 0x3b, 0x25, 0x80, 0x20, 0x2f, 0x4b, 0x01,
  0xe6, 0x3b, 0xad, 0x83, 0x20, 0x2f, 0x13, 0x10, 0xe6, 0x3b, 0x5b, 0x8b,
  0x20, 0x2f, 0x13, 0x18, 0xe6, 0x3b, 0x23, 0x90, 0x20, 0x2f, 0x96, 0x1c,
  0xe6, 0x3b, 0x5b, 0x93, 0x20, 0x2f, 0x14, 0x20, 0xe6, 0x3b, 0xbf, 0x95,
  0x20, 0x2f, 0x5e, 0x22, 0xe6, 0x3b, 0x23, 0x98, 0x20, 0x2f, 0x96, 0x24,
  0xe6, 0x3b, 0xa2, 0x99, 0x20, 0x2f, 0x3e, 0x26, 0xe6, 0x3b, 0x5b, 0x9b,
  0x20, 0x2f, 0x14, 0x28, 0xe6, 0x3b, 0xa8, 0x9c, 0x20, 0x2f, 0x29, 0x29,
  0xe6, 0x3b, 0xbf, 0x9d, 0x20, 0x2f, 0x5f, 0x2a, 0xe6, 0x3b, 0xf4, 0x9e,
  0x20, 0x2f, 0xb5, 0x2b, 0xe6, 0x3b, 0x23, 0xa0, 0x20, 0x2f, 0x96, 0x2c,
  0xe6, 0x3b, 0xdc, 0xa0, 0x20, 0x2f, 0x62, 0x2d, 0xe6, 0x3b, 0xa2, 0xa1,
  0x21, 0x2f, 0x3f, 0x2e, 0xe6, 0x3b, 0x78, 0xa2, 0x21, 0x2f, 0x2c, 0x2f,
  0xe6, 0x3b, 0x5c, 0xa3, 0x20, 0x2f, 0x15, 0x30, 0xe6, 0x3b, 0x28, 0xa4,
  0x21, 0x2f, 0x9c, 0x30, 0xe7, 0x3b, 0xa8, 0xa4, 0x21, 0x2f, 0x2b, 0x31,
  0xe7, 0x3b, 0x2e, 0xa5, 0x20, 0x2f, 0xc2, 0x31, 0xe7, 0x3b, 0xb4, 0xa5,
  0x20, 0x2f, 0x61, 0x32, 0xe7, 0x3b, 0x06, 0xa6, 0x1e, 0x2f, 0x04, 0x33,
  0xe7, 0x3b, 0x57, 0xa6, 0x1c, 0x2f, 0xa8, 0x33, 0xe7, 0x3b, 0x2f, 0xa7,
  0x1d, 0x2f, 0x29, 0x34, 0xe7, 0x3b, 0x0e, 0xa8, 0x20, 0x2f, 0x84, 0x34,
  0xe7, 0x3b, 0x62, 0xa8, 0x1f, 0x2f, 0xe7, 0x34, 0xe7, 0x3b, 0xb3, 0xa8,
  0x1e, 0x2f, 0x4d, 0x35, 0xe8, 0x3b, 0xf7, 0xa8, 0x1b, 0x2f, 0xb5, 0x35,
  0xe8, 0x3b, 0x17, 0xa9, 0x13, 0x2f, 0x1e, 0x36, 0xe8, 0x3b, 0x53, 0xa9,
  0x0d, 0x2f, 0x88, 0x36, 0xe9, 0x3b, 0xbd, 0xa9, 0x0c, 0x2f, 0xf4, 0x36,
  0xe9, 0x3b, 0x31, 0xaa, 0x0d, 0x2f, 0x62, 0x37, 0xe9, 0x3b, 0x59, 0xaa,
  0x01, 0x2f, 0xd4, 0x37, 0xea, 0x3b, 0x7d, 0xaa, 0xf4, 0x2e, 0x24, 0x38,
  0xea, 0x3b, 0xbf, 0xaa, 0xea, 0x2e, 0x5e, 0x38, 0xeb, 0x3b, 0xfc, 0xaa,
  0xdd, 0x2e, 0x97, 0x38, 0xeb, 0x3b, 0x30, 0xab, 0xce, 0x2e, 0xd1, 0x38,
  0xec, 0x3b, 0x47, 0xab, 0xb7, 0x2e, 0x0c, 0x39, 0xec, 0x3b, 0x55, 0xab,
  0x9d, 0x2e, 0x45, 0x39, 0xec, 0x3b, 0x81, 0xab, 0x85, 0x2e, 0x7e, 0x39,
  0xed, 0x3b, 0x7c, 0xab, 0x63, 0x2e, 0xb7, 0x39, 0xee, 0x3b, 0x75, 0xab,
  0x3c, 0x2e, 0xef, 0x39, 0xee, 0x3b, 0x7a, 0xab, 0x17, 0x2e, 0x26, 0x3a,
  0xef, 0x3b, 0x56, 0xab, 0xe6, 0x2d, 0x5c, 0x3a, 0xf0, 0x3b, 0x39, 0xab,
  0xb4, 0x2d, 0x90, 0x3a, 0xf0, 0x3b, 0x16, 0xab, 0x7e, 0x2d, 0xc2, 0x3a,
  0xf1, 0x3b, 0xd5, 0xaa, 0x40, 0x2d, 0xf4, 0x3a, 0xf1, 0x3b, 0xa4, 0xaa,
  0x02, 0x2d, 0x23, 0x3b, 0xf3, 0x3b, 0x4e, 0xaa, 0xbb, 0x2c, 0x50, 0x3b,
  0xf3, 0x3b, 0x0b, 0xaa, 0x75, 0x2c, 0x7c, 0x3b, 0xf4, 0x3b, 0xa9, 0xa9,
  0x28, 0x2c, 0xa5, 0x3b, 0xf5, 0x3b, 0x55, 0xa9, 0xb8, 0x2b, 0xcc, 0x3b,
  0xf6, 0x3b, 0xeb, 0xa8, 0x16, 0x2b, 0xf1, 0x3b, 0xf7, 0x3b, 0x86, 0xa8,
  0x73, 0x2a, 0x0a, 0x3c, 0xf8, 0x3b, 0x18, 0xa8, 0xca, 0x29, 0x1b, 0x3c,
  0xf9, 0x3b, 0x4a, 0xa7, 0x1f, 0x29, 0x2a, 0x3c, 0xfa, 0x3b, 0x6c, 0xa6,
  0x79, 0x28, 0x38, 0x3c, 0xfc, 0x3b, 0x76, 0xa5, 0x97, 0x27, 0x46, 0x3c,
  0xfd, 0x3b, 0x92, 0xa4, 0x49, 0x26, 0x52, 0x3c, 0xfe, 0x3b, 0x3a, 0xa3,
  0xf9, 0x24, 0x5e, 0x3c, 0xfe, 0x3b, 0x6c, 0xa1, 0x5e, 0x23, 0x69, 0x3c,
  0xff, 0x3b, 0x1a, 0x9f, 0xd5, 0x20, 0x72, 0x3c, 0xff, 0x3b, 0xf9, 0x9a,
  0xc0, 0x1c, 0x7b, 0x3c, 0x00, 0x3c, 0x28, 0x07, 0x65, 0x87, 0x84, 0x3c,
  0xde, 0x3b, 0x2d, 0x80, 0x44, 0x30, 0x4a, 0x01, 0xdb, 0x3b, 0x66, 0x84,
  0x43, 0x30, 0x0e, 0x10, 0xdb, 0x3b, 0x66, 0x8c, 0x43, 0x30, 0x0e, 0x18,
  0xdb, 0x3b, 0xf2, 0x90, 0x43, 0x30, 0x8f, 0x1c, 0xdb, 0x3b, 0x66, 0x94,
  0x43, 0x30, 0x0e, 0x20, 0xdb, 0x3b, 0xdf, 0x96, 0x43, 0x30, 0x55, 0x22,
  0xdb, 0x3b, 0xf3, 0x98, 0x43, 0x30, 0x8f, 0x24, 0xdb, 0x3b, 0xbc, 0x9a,
  0x43, 0x30, 0x35, 0x26, 0xdb, 0x3b, 0x66, 0x9c, 0x43, 0x30, 0x0e, 0x28,
  0xdb, 0x3b, 0x91, 0x9d, 0x43, 0x30, 0x21, 0x29, 0xdb, 0x3b, 0xdf, 0x9e,
  0x43, 0x30, 0x56, 0x2a, 0xdb, 0x3b, 0x28, 0xa0, 0x43, 0x30, 0xaa, 0x2b,
  0xdb, 0x3b, 0xf3, 0xa0, 0x43, 0x30, 0x90, 0x2c, 0xdb, 0x3b, 0xcf, 0xa1,
  0x43, 0x30, 0x5b, 0x2d, 0xdb, 0x3b, 0xbd, 0xa2, 0x43, 0x30, 0x36, 0x2e,
  0xdb, 0x3b, 0xbc, 0xa3, 0x43, 0x30, 0x22, 0x2f, 0xdb, 0x3b, 0x67, 0xa4,
  0x43, 0x30, 0x0f, 0x30, 0xdb, 0x3b, 0xf8, 0xa4, 0x43, 0x30, 0x95, 0x30,
  0xdb, 0x3b, 0x91, 0xa5, 0x43, 0x30, 0x24, 0x31, 0xdb, 0x3b, 0x32, 0xa6,
  0x43, 0x30, 0xba, 0x31, 0xdc, 0x3b, 0xcf, 0xa6, 0x43, 0x30, 0x58, 0x32,
  0xdc, 0x3b, 0x26, 0xa7, 0x41, 0x30, 0xf8, 0x32, 0xdc, 0x3b, 0xac, 0xa7,
  0x40, 0x30, 0x9e, 0x33, 0xdc, 0x3b, 0x48, 0xa8, 0x41, 0x30, 0x24, 0x34,
  0xdc, 0x3b, 0xd9, 0xa8, 0x43, 0x30, 0x7d, 0x34, 0xdc, 0x3b, 0x3d, 0xa9,
  0x42, 0x30, 0xe0, 0x34, 0xdd, 0x3b, 0x9d, 0xa9, 0x41, 0x30, 0x45, 0x35,
  0xdd, 0x3b, 0xeb, 0xa9, 0x3f, 0x30, 0xad, 0x35, 0xdd, 0x3b, 0x18, 0xaa,
  0x3b, 0x30, 0x15, 0x36, 0xde, 0x3b, 0x6d, 0xaa, 0x39, 0x30, 0x80, 0x36,
  0xde, 0x3b, 0xdc, 0xaa, 0x37, 0x30, 0xec, 0x36, 0xdf, 0x3b, 0x52, 0xab,
  0x36, 0x30, 0x5a, 0x37, 0xdf, 0x3b, 0x95, 0xab, 0x31, 0x30, 0xc9, 0x37,
  0xe0, 0x3b, 0xd0, 0xab, 0x2a, 0x30, 0x1f, 0x38, 0xe1, 0x3b, 0x09, 0xac,
  0x23, 0x30, 0x59, 0x38, 0xe1, 0x3b, 0x25, 0xac, 0x1a, 0x30, 0x92, 0x38,
  0xe2, 0x3b, 0x4d, 0xac, 0x11, 0x30, 0xcc, 0x38, 0xe3, 0x3b, 0x5c, 0xac,
  0x05, 0x30, 0x06, 0x39, 0xe4, 0x3b, 0x64, 0xac, 0xea, 0x2f, 0x40, 0x39,
  0xe4, 0x3b, 0x78, 0xac, 0xcc, 0x2f, 0x79, 0x39, 0xe5, 0x3b, 0x7c, 0xac,
  0xa5, 0x2f, 0xb2, 0x39, 0xe6, 0x3b, 0x78, 0xac, 0x78, 0x2f, 0xeb, 0x39,
  0xe8, 0x3b, 0x71, 0xac, 0x47, 0x2f, 0x21, 0x3a, 0xe8, 0x3b, 0x6a, 0xac,
  0x12, 0x2f, 0x57, 0x3a, 0xea, 0x3b, 0x4e, 0xac, 0xd3, 0x2e, 0x8c, 0x3a,
  0xea, 0x3b, 0x3d, 0xac, 0x92, 0x2e, 0xbe, 0x3a, 0xec, 0x3b, 0x17, 0xac,
  0x48, 0x2e, 0xf0, 0x3a, 0xed, 0x3b, 0xeb, 0xab, 0xfd, 0x2d, 0x1f, 0x3b,
  0xee, 0x3b, 0x98, 0xab, 0xab, 0x2d, 0x4d, 0x3b, 0xef, 0x3b, 0x34, 0xab,
  0x53, 0x2d, 0x79, 0x3b, 0xf0, 0x3b, 0xd6, 0xaa, 0xfb, 0x2c, 0xa2, 0x3b,
  0xf2, 0x3b, 0x58, 0xaa, 0x9c, 0x2c, 0xca, 0x3b, 0xf2, 0x3b, 0xef, 0xa9,
  0x3f, 0x2c, 0xf0, 0x3b, 0xf4, 0x3b, 0x64, 0xa9, 0xb4, 0x2b, 0x0a, 0x3c,
  0xf5, 0x3b, 0xed, 0xa8, 0xf2, 0x2a, 0x1a, 0x3c, 0xf7, 0x3b, 0x5d, 0xa8,
  0x24, 0x2a, 0x2a, 0x3c, 0xf8, 0x3b, 0xb5, 0xa7, 0x5d, 0x29, 0x38, 0x3c,
  0xfa, 0x3b, 0x8e, 0xa6, 0x8c, 0x28, 0x46, 0x3c, 0xfb, 0x3b, 0x7a, 0xa5,
  0x84, 0x27, 0x52, 0x3c, 0xfc, 0x3b, 0x58, 0xa4, 0xf7, 0x25, 0x5e, 0x3c,
  0xfe, 0x3b, 0x7d, 0xa2, 0x6c, 0x24, 0x69, 0x3c, 0xff, 0x3b, 0x43, 0xa0,
  0xcb, 0x21, 0x73, 0x3c, 0xff, 0x3b, 0x35, 0x9c, 0xb6, 0x1d, 0x7c, 0x3c,
  0x00, 0x3c, 0xf2, 0x08, 0xce, 0x87, 0x84, 0x3c, 0xcd, 0x3b, 0x34, 0x80,
  0xf3, 0x30, 0x47, 0x01, 0xce, 0x3b, 0x1c, 0x85, 0xf3, 0x30, 0x07, 0x10,
  0xce, 0x3b, 0x1c, 0x8d, 0xf3, 0x30, 0x07, 0x18, 0xce, 0x3b, 0xbf, 0x91,
  0xf3, 0x30, 0x88, 0x1c, 0xce, 0x3b, 0x1c, 0x95, 0xf3, 0x30, 0x07, 0x20,
  0xce, 0x3b, 0xfc, 0x97, 0xf3, 0x30, 0x4b, 0x22, 0xce, 0x3b, 0xc0, 0x99,
  0xf3, 0x30, 0x88, 0x24, 0xce, 0x3b, 0xd3, 0x9b, 0xf3, 0x30, 0x2b, 0x26,
  0xce, 0x3b, 0x1c, 0x9d, 0xf3, 0x30, 0x07, 0x28, 0xce, 0x3b, 0x78, 0x9e,
  0xf3, 0x30, 0x19, 0x29, 0xce, 0x3b, 0xfc, 0x9f, 0xf3, 0x30, 0x4b, 0x2a,
  0xce, 0x3b, 0xd5, 0xa0, 0xf3, 0x30, 0x9d, 0x2b, 0xce, 0x3b, 0xc0, 0xa1,
  0xf3, 0x30, 0x88, 0x2c, 0xce, 0x3b, 0xc0, 0xa2, 0xf4, 0x30, 0x52, 0x2d,
  0xce, 0x3b, 0xd4, 0xa3, 0xf4, 0x30, 0x2c, 0x2e, 0xce, 0x3b, 0x7e, 0xa4,
  0xf4, 0x30, 0x16, 0x2f, 0xce, 0x3b, 0x1d, 0xa5, 0xf4, 0x30, 0x08, 0x30,
  0xce, 0x3b, 0xc5, 0xa5, 0xf4, 0x30, 0x8d, 0x30, 0xce, 0x3b, 0x78, 0xa6,
  0xf4, 0x30, 0x1b, 0x31, 0xce, 0x3b, 0x31, 0xa7, 0xf4, 0x30, 0xb1, 0x31,
  0xcf, 0x3b, 0xe4, 0xa7, 0xf3, 0x30, 0x4d, 0x32, 0xcf, 0x3b, 0x28, 0xa8,
  0xf2, 0x30, 0xec, 0x32, 0xcf, 0x3b, 0x7f, 0xa8, 0xf1, 0x30, 0x92, 0x33,
  0xcf, 0x3b, 0xf9, 0xa8, 0xf1, 0x30, 0x1f, 0x34, 0xcf, 0x3b, 0x9a, 0xa9,
  0xf3, 0x30, 0x77, 0x34, 0xd0, 0x3b, 0x15, 0xaa, 0xf3, 0x30, 0xd7, 0x34,
  0xd0, 0x3b, 0x83, 0xaa, 0xf2, 0x30, 0x3c, 0x35, 0xd0, 0x3b, 0xd9, 0xaa,
  0xef, 0x30, 0xa3, 0x35, 0xd1, 0x3b, 0x1c, 0xab, 0xeb, 0x30, 0x0b, 0x36,
  0xd1, 0x3b, 0x83, 0xab, 0xe9, 0x30, 0x76, 0x36, 0xd2, 0x3b, 0xf9, 0xab,
  0xe6, 0x30, 0xe3, 0x36, 0xd3, 0x3b, 0x36, 0xac, 0xe3, 0x30, 0x4f, 0x37,
  0xd3, 0x3b, 0x6a, 0xac, 0xdf, 0x30, 0xbd, 0x37, 0xd4, 0x3b, 0x90, 0xac,
  0xd8, 0x30, 0x19, 0x38, 0xd5, 0x3b, 0xb1, 0xac, 0xcf, 0x30, 0x53, 0x38,
  0xd7, 0x3b, 0xcf, 0xac, 0xc4, 0x30, 0x8c, 0x38, 0xd7, 0x3b, 0xfb, 0xac,
  0xba, 0x30, 0xc6, 0x38, 0xd9, 0x3b, 0x11, 0xad, 0xac, 0x30, 0x00, 0x39,
  0xda, 0x3b, 0x1e, 0xad, 0x9b, 0x30, 0x3a, 0x39, 0xdb, 0x3b, 0x2d, 0xad,
  0x88, 0x30, 0x74, 0x39, 0xdd, 0x3b, 0x39, 0xad, 0x73, 0x30, 0xac, 0x39,
  0xdf, 0x3b, 0x33, 0xad, 0x58, 0x30, 0xe5, 0x39, 0xe0, 0x3b, 0x29, 0xad,
  0x3b, 0x30, 0x1c, 0x3a, 0xe1, 0x3b, 0x21, 0xad, 0x1c, 0x30, 0x52, 0x3a,
  0xe4, 0x3b, 0x05, 0xad, 0xf1, 0x2f, 0x87, 0x3a, 0xe5, 0x3b, 0xe8, 0xac,
  0xa3, 0x2f, 0xba, 0x3a, 0xe6, 0x3b, 0xc9, 0xac, 0x50, 0x2f, 0xeb, 0x3a,
  0xe8, 0x3b, 0x96, 0xac, 0xf4, 0x2e, 0x1c, 0x3b, 0xe9, 0x3b, 0x6d, 0xac,
  0x97, 0x2e, 0x4a, 0x3b, 0xec, 0x3b, 0x30, 0xac, 0x31, 0x2e, 0x76, 0x3b,
  0xec, 0x3b, 0xef, 0xab, 0xc9, 0x2d, 0xa0, 0x3b, 0xee, 0x3b, 0x6a, 0xab,
  0x5d, 0x2d, 0xc8, 0x3b, 0xf0, 0x3b, 0xde, 0xaa, 0xee, 0x2c, 0xee, 0x3b,
  0xf1, 0x3b, 0x52, 0xaa, 0x7d, 0x2c, 0x09, 0x3c, 0xf3, 0x3b, 0xb2, 0xa9,
  0x07, 0x2c, 0x1a, 0x3c, 0xf4, 0x3b, 0x1f, 0xa9, 0x2c, 0x2b, 0x29, 0x3c,
  0xf6, 0x3b, 0x74, 0xa8, 0x37, 0x2a, 0x38, 0x3c, 0xf8, 0x3b, 0xb5, 0xa7,
  0x54, 0x29, 0x46, 0x3c, 0xfa, 0x3b, 0x5b, 0xa6, 0x63, 0x28, 0x52, 0x3c,
  0xfb, 0x3b, 0x1a, 0xa5, 0xf4, 0x26, 0x5e, 0x3c, 0xfd, 0x3b, 0x8c, 0xa3,
  0x28, 0x25, 0x69, 0x3c, 0xfe, 0x3b, 0x05, 0xa1, 0xc1, 0x22, 0x73, 0x3c,
  0xff, 0x3b, 0xdb, 0x9c, 0x90, 0x1e, 0x7c, 0x3c, 0x00, 0x3c, 0xd8, 0x05,
  0xcd, 0x86, 0x84, 0x3c, 0xbe, 0x3b, 0x3b, 0x80, 0xa1, 0x31, 0x45, 0x01,
  0xbe, 0x3b, 0xd0, 0x85, 0xa2, 0x31, 0xfe, 0x0f, 0xbe, 0x3b, 0xd0, 0x8d,
  0xa2, 0x31, 0xfe, 0x17, 0xbe, 0x3b, 0x8a, 0x92, 0xa2, 0x31, 0x7f, 0x1c,
  0xbe, 0x3b, 0xd0, 0x95, 0xa2, 0x31, 0xfe, 0x1f, 0xbe, 0x3b, 0x8a, 0x98,
  0xa2, 0x31, 0x3e, 0x22, 0xbe, 0x3b, 0x8a, 0x9a, 0xa2, 0x31, 0x7f, 0x24,
  0xbf, 0x3b, 0x73, 0x9c, 0xa2, 0x31, 0x1e, 0x26, 0xbf, 0x3b, 0xd0, 0x9d,
  0xa2, 0x31, 0xfe, 0x27, 0xbf, 0x3b, 0x5b, 0x9f, 0xa2, 0x31, 0x0f, 0x29,
  0xbf, 0x3b, 0x8a, 0xa0, 0xa2, 0x31, 0x3f, 0x2a, 0xbf, 0x3b, 0x7f, 0xa1,
  0xa2, 0x31, 0x8f, 0x2b, 0xbf, 0x3b, 0x8a, 0xa2, 0xa2, 0x31, 0x7f, 0x2c,
  0xbf, 0x3b, 0xad, 0xa3, 0xa2, 0x31, 0x47, 0x2d, 0xbf, 0x3b, 0x73, 0xa4,
  0xa2, 0x31, 0x20, 0x2e, 0xbf, 0x3b, 0x1c, 0xa5, 0xa2, 0x31, 0x08, 0x2f,
  0xbf, 0x3b, 0xd1, 0xa5, 0xa2, 0x31, 0x00, 0x30, 0xbf, 0x3b, 0x90, 0xa6,
  0xa2, 0x31, 0x85, 0x30, 0xbf, 0x3b, 0x5b, 0xa7, 0xa2, 0x31, 0x11, 0x31,
  0xbf, 0x3b, 0x17, 0xa8, 0xa2, 0x31, 0xa5, 0x31, 0xbf, 0x3b, 0x79, 0xa8,
  0xa1, 0x31, 0x40, 0x32, 0xc0, 0x3b, 0xbf, 0xa8, 0xa0, 0x31, 0xdf, 0x32,
  0xc0, 0x3b, 0x26, 0xa9, 0x9f, 0x31, 0x85, 0x33, 0xc0, 0x3b, 0xaa, 0xa9,
  0x9f, 0x31, 0x18, 0x34, 0xc1, 0x3b, 0x53, 0xaa, 0xa1, 0x31, 0x70, 0x34,
  0xc1, 0x3b, 0xe9, 0xaa, 0xa1, 0x31, 0xce, 0x34, 0xc1, 0x3b, 0x64, 0xab,
  0xa0, 0x31, 0x32, 0x35, 0xc2, 0x3b, 0xc1, 0xab, 0x9d, 0x31, 0x98, 0x35,
  0xc3, 0x3b, 0x10, 0xac, 0x9a, 0x31, 0x00, 0x36, 0xc3, 0x3b, 0x4b, 0xac,
  0x96, 0x31, 0x6b, 0x36, 0xc4, 0x3b, 0x88, 0xac, 0x93, 0x31, 0xd7, 0x36,
  0xc5, 0x3b, 0xc1, 0xac, 0x8f, 0x31, 0x43, 0x37, 0xc6, 0x3b, 0x02, 0xad,
  0x8b, 0x31, 0xb1, 0x37, 0xc7, 0x3b, 0x34, 0xad, 0x83, 0x31, 0x12, 0x38,
  0xc9, 0x3b, 0x54, 0xad, 0x79, 0x31, 0x4c, 0x38, 0xca, 0x3b, 0x7a, 0xad,
  0x6d, 0x31, 0x85, 0x38, 0xcb, 0x3b, 0xa5, 0xad, 0x62, 0x31, 0xbf, 0x38,
  0xcd, 0x3b, 0xc5, 0xad, 0x52, 0x31, 0xf8, 0x38, 0xcf, 0x3b, 0xd6, 0xad,
  0x3f, 0x31, 0x33, 0x39, 0xd1, 0x3b, 0xde, 0xad, 0x28, 0x31, 0x6d, 0x39,
  0xd3, 0x3b, 0xef, 0xad, 0x11, 0x31, 0xa5, 0x39, 0xd6, 0x3b, 0xec, 0xad,
  0xf4, 0x30, 0xde, 0x39, 0xd8, 0x3b, 0xe0, 0xad, 0xd2, 0x30, 0x15, 0x3a,
  0xdb, 0x3b, 0xd1, 0xad, 0xae, 0x30, 0x4c, 0x3a, 0xdd, 0x3b, 0xbc, 0xad,
  0x86, 0x30, 0x81, 0x3a, 0xe0, 0x3b, 0x94, 0xad, 0x59, 0x30, 0xb5, 0x3a,
  0xe1, 0x3b, 0x72, 0xad, 0x2a, 0x30, 0xe7, 0x3a, 0xe4, 0x3b, 0x3d, 0xad,
  0xee, 0x2f, 0x17, 0x3b, 0xe5, 0x3b, 0x05, 0xad, 0x7f, 0x2f, 0x46, 0x3b,
  0xe8, 0x3b, 0xcc, 0xac, 0x10, 0x2f, 0x72, 0x3b, 0xe9, 0x3b, 0x81, 0xac,
  0x96, 0x2e, 0x9d, 0x3b, 0xea, 0x3b, 0x3e, 0xac, 0x1b, 0x2e, 0xc5, 0x3b,
  0xec, 0x3b, 0xd2, 0xab, 0x9c, 0x2d, 0xeb, 0x3b, 0xee, 0x3b, 0x35, 0xab,
  0x1b, 0x2d, 0x08, 0x3c, 0xf0, 0x3b, 0x81, 0xaa, 0x99, 0x2c, 0x19, 0x3c,
  0xf1, 0x3b, 0xd0, 0xa9, 0x14, 0x2c, 0x29, 0x3c, 0xf3, 0x3b, 0x19, 0xa9,
  0x1c, 0x2b, 0x37, 0x3c, 0xf5, 0x3b, 0x5f, 0xa8, 0x0f, 0x2a, 0x45, 0x3c,
  0xf8, 0x3b, 0x47, 0xa7, 0x01, 0x29, 0x52, 0x3c, 0xfa, 0x3b, 0xcc, 0xa5,
  0xef, 0x27, 0x5e, 0x3c, 0xfc, 0x3b, 0x52, 0xa4, 0xe5, 0x25, 0x69, 0x3c,
  0xfe, 0x3b, 0xb2, 0xa1, 0xb8, 0x23, 0x73, 0x3c, 0xff, 0x3b, 0x92, 0x9d,
  0x95, 0x1f, 0x7c, 0x3c, 0x00, 0x3c, 0x51, 0x09, 0xeb, 0x86, 0x85, 0x3c,
  0xad, 0x3b, 0x42, 0x80, 0x4d, 0x32, 0x42, 0x01, 0xad, 0x3b, 0x81, 0x86,
  0x4d, 0x32, 0xec, 0x0f, 0xad, 0x3b, 0x81, 0x8e, 0x4d, 0x32, 0xec, 0x17,
  0xad, 0x3b, 0x51, 0x93, 0x4d, 0x32, 0x75, 0x1c, 0xad, 0x3b, 0x81, 0x96,
  0x4d, 0x32, 0xec, 0x1f, 0xad, 0x3b, 0x14, 0x99, 0x4d, 0x32, 0x31, 0x22,
  0xad, 0x3b, 0x51, 0x9b, 0x4d, 0x32, 0x75, 0x24, 0xad, 0x3b, 0xfa, 0x9c,
  0x4d, 0x32, 0x11, 0x26, 0xad, 0x3b, 0x81, 0x9e, 0x4d, 0x32, 0xec, 0x27,
  0xad, 0x3b, 0x1d, 0xa0, 0x4d, 0x32, 0x04, 0x29, 0xad, 0x3b, 0x15, 0xa1,
  0x4d, 0x32, 0x31, 0x2a, 0xad, 0x3b, 0x26, 0xa2, 0x4d, 0x32, 0x7e, 0x2b,
  0xad, 0x3b, 0x51, 0xa3, 0x4d, 0x32, 0x75, 0x2c, 0xad, 0x3b, 0x4b, 0xa4,
  0x4d, 0x32, 0x3c, 0x2d, 0xae, 0x3b, 0xfb, 0xa4, 0x4d, 0x32, 0x12, 0x2e,
  0xae, 0x3b, 0xb8, 0xa5, 0x4d, 0x32, 0xf8, 0x2e, 0xae, 0x3b, 0x81, 0xa6,
  0x4d, 0x32, 0xef, 0x2f, 0xae, 0x3b, 0x58, 0xa7, 0x4d, 0x32, 0x7b, 0x30,
  0xae, 0x3b, 0x1d, 0xa8, 0x4d, 0x32, 0x06, 0x31, 0xae, 0x3b, 0x92, 0xa8,
  0x4d, 0x32, 0x99, 0x31, 0xaf, 0x3b, 0xfb, 0xa8, 0x4d, 0x32, 0x32, 0x32,
  0xaf, 0x3b, 0x54, 0xa9, 0x4c, 0x32, 0xd0, 0x32, 0xaf, 0x3b, 0xcb, 0xa9,
  0x4b, 0x32, 0x75, 0x33, 0xb0, 0x3b, 0x5a, 0xaa, 0x4b, 0x32, 0x10, 0x34,
  0xb0, 0x3b, 0x08, 0xab, 0x4c, 0x32, 0x68, 0x34, 0xb0, 0x3b, 0xb9, 0xab,
  0x4d, 0x32, 0xc4, 0x34, 0xb1, 0x3b, 0x20, 0xac, 0x4c, 0x32, 0x26, 0x35,
  0xb2, 0x3b, 0x53, 0xac, 0x48, 0x32, 0x8b, 0x35, 0xb3, 0x3b, 0x90, 0xac,
  0x45, 0x32, 0xf3, 0x35, 0xb3, 0x3b, 0xd1, 0xac, 0x42, 0x32, 0x5e, 0x36,
  0xb5, 0x3b, 0x12, 0xad, 0x3e, 0x32, 0xca, 0x36, 0xb6, 0x3b, 0x4d, 0xad,
  0x39, 0x32, 0x36, 0x37, 0xb7, 0x3b, 0x97, 0xad, 0x34, 0x32, 0xa3, 0x37,
  0xb8, 0x3b, 0xd5, 0xad, 0x2d, 0x32, 0x0a, 0x38, 0xba, 0x3b, 0xf8, 0xad,
  0x21, 0x32, 0x44, 0x38, 0xbc, 0x3b, 0x23, 0xae, 0x15, 0x32, 0x7e, 0x38,
  0xbf, 0x3b, 0x4b, 0xae, 0x06, 0x32, 0xb7, 0x38, 0xc1, 0x3b, 0x73, 0xae,
  0xf6, 0x31, 0xf1, 0x38, 0xc4, 0x3b, 0x8b, 0xae, 0xe1, 0x31, 0x2b, 0x39,
  0xc7, 0x3b, 0x94, 0xae, 0xc8, 0x31, 0x65, 0x39, 0xc9, 0x3b, 0xa0, 0xae,
  0xac, 0x31, 0x9e, 0x39, 0xcd, 0x3b, 0xa5, 0xae, 0x8d, 0x31, 0xd6, 0x39,
  0xd0, 0x3b, 0x95, 0xae, 0x68, 0x31, 0x0e, 0x3a, 0xd4, 0x3b, 0x82, 0xae,
  0x3f, 0x31, 0x45, 0x3a, 0xd7, 0x3b, 0x6c, 0xae, 0x12, 0x31, 0x7a, 0x3a,
  0xda, 0x3b, 0x43, 0xae, 0xdf, 0x30, 0xaf, 0x3a, 0xdd, 0x3b, 0x14, 0xae,
  0xa9, 0x30, 0xe1, 0x3a, 0xdf, 0x3b, 0xe5, 0xad, 0x72, 0x30, 0x12, 0x3b,
  0xe1, 0x3b, 0xa0, 0xad, 0x33, 0x30, 0x41, 0x3b, 0xe3, 0x3b, 0x5f, 0xad,
  0xe7, 0x2f, 0x6e, 0x3b, 0xe6, 0x3b, 0x10, 0xad, 0x61, 0x2f, 0x99, 0x3b,
  0xe7, 0x3b, 0xbb, 0xac, 0xd7, 0x2e, 0xc2, 0x3b, 0xe9, 0x3b, 0x67, 0xac,
  0x4a, 0x2e, 0xe9, 0x3b, 0xeb, 0x3b, 0x06, 0xac, 0xb8, 0x2d, 0x07, 0x3c,
  0xec, 0x3b, 0x56, 0xab, 0x28, 0x2d, 0x18, 0x3c, 0xef, 0x3b, 0x85, 0xaa,
  0x91, 0x2c, 0x28, 0x3c, 0xf1, 0x3b, 0xbe, 0xa9, 0xfc, 0x2b, 0x37, 0x3c,
  0xf3, 0x3b, 0xe9, 0xa8, 0xcb, 0x2a, 0x45, 0x3c, 0xf6, 0x3b, 0x17, 0xa8,
  0xa0, 0x29, 0x52, 0x3c, 0xf9, 0x3b, 0x81, 0xa6, 0x74, 0x28, 0x5e, 0x3c,
  0xfb, 0x3b, 0xdb, 0xa4, 0x9b, 0x26, 0x69, 0x3c, 0xfd, 0x3b, 0x5f, 0xa2,
  0x59, 0x24, 0x73, 0x3c, 0xff, 0x3b, 0x4a, 0x9e, 0x3f, 0x20, 0x7c, 0x3c,
  0x00, 0x3c, 0x19, 0x0b, 0xca, 0x88, 0x85, 0x3c, 0x9a, 0x3b, 0x49, 0x80,
  0xf5, 0x32, 0x3f, 0x01, 0x9a, 0x3b, 0x2e, 0x87, 0xf5, 0x32, 0xd8, 0x0f,
  0x9a, 0x3b, 0x2e, 0x8f, 0xf5, 0x32, 0xd8, 0x17, 0x9a, 0x3b, 0x0a, 0x94,
  0xf5, 0x32, 0x6a, 0x1c, 0x9a, 0x3b, 0x2e, 0x97, 0xf5, 0x32, 0xd8, 0x1f,
  0x9a, 0x3b, 0x9c, 0x99, 0xf5, 0x32, 0x21, 0x22, 0x9a, 0x3b, 0x0a, 0x9c,
  0xf5, 0x32, 0x6a, 0x24, 0x9a, 0x3b, 0x7f, 0x9d, 0xf5, 0x32, 0x02, 0x26,
  0x9a, 0x3b, 0x2e, 0x9f, 0xf5, 0x32, 0xd9, 0x27, 0x9a, 0x3b, 0x8b, 0xa0,
  0xf5, 0x32, 0xf7, 0x28, 0x9a, 0x3b, 0x9c, 0xa1, 0xf5, 0x32, 0x21, 0x2a,
  0x9a, 0x3b, 0xca, 0xa2, 0xf5, 0x32, 0x6b, 0x2b, 0x9a, 0x3b, 0x0a, 0xa4,
  0xf5, 0x32, 0x6a, 0x2c, 0x9a, 0x3b, 0xbe, 0xa4, 0xf5, 0x32, 0x2f, 0x2d,
  0x9a, 0x3b, 0x80, 0xa5, 0xf5, 0x32, 0x03, 0x2e, 0x9b, 0x3b, 0x50, 0xa6,
  0xf6, 0x32, 0xe7, 0x2e, 0x9b, 0x3b, 0x2f, 0xa7, 0xf6, 0x32, 0xdb, 0x2f,
  0x9b, 0x3b, 0x0e, 0xa8, 0xf6, 0x32, 0x6f, 0x30, 0x9b, 0x3b, 0x8b, 0xa8,
  0xf6, 0x32, 0xf9, 0x30, 0x9b, 0x3b, 0x0b, 0xa9, 0xf6, 0x32, 0x8b, 0x31,
  0x9c, 0x3b, 0x77, 0xa9, 0xf5, 0x32, 0x22, 0x32, 0x9c, 0x3b, 0xe8, 0xa9,
  0xf4, 0x32, 0xbf, 0x32, 0x9c, 0x3b, 0x6d, 0xaa, 0xf4, 0x32, 0x64, 0x33,
  0x9d, 0x3b, 0x08, 0xab, 0xf3, 0x32, 0x07, 0x34, 0x9d, 0x3b, 0xbd, 0xab,
  0xf4, 0x32, 0x5e, 0x34, 0x9e, 0x3b, 0x42, 0xac, 0xf5, 0x32, 0xb8, 0x34,
  0x9f, 0x3b, 0x8a, 0xac, 0xf4, 0x32, 0x1a, 0x35, 0xa0, 0x3b, 0xc6, 0xac,
  0xf1, 0x32, 0x7e, 0x35, 0xa1, 0x3b, 0x0d, 0xad, 0xee, 0x32, 0xe5, 0x35,
  0xa2, 0x3b, 0x55, 0xad, 0xea, 0x32, 0x4f, 0x36, 0xa3, 0x3b, 0x97, 0xad,
  0xe5, 0x32, 0xba, 0x36, 0xa5, 0x3b, 0xda, 0xad, 0xe0, 0x32, 0x27, 0x37,
  0xa6, 0x3b, 0x28, 0xae, 0xda, 0x32, 0x94, 0x37, 0xa8, 0x3b, 0x6e, 0xae,
  0xd3, 0x32, 0x01, 0x38, 0xab, 0x3b, 0x9c, 0xae, 0xc7, 0x32, 0x3b, 0x38,
  0xad, 0x3b, 0xc9, 0xae, 0xba, 0x32, 0x75, 0x38, 0xb1, 0x3b, 0xf0, 0xae,
  0xa9, 0x32, 0xaf, 0x38, 0xb4, 0x3b, 0x1d, 0xaf, 0x98, 0x32, 0xe8, 0x38,
  0xb8, 0x3b, 0x3b, 0xaf, 0x83, 0x32, 0x21, 0x39, 0xbb, 0x3b, 0x47, 0xaf,
  0x66, 0x32, 0x5c, 0x39, 0xc0, 0x3b, 0x4e, 0xaf, 0x46, 0x32, 0x96, 0x39,
  0xc4, 0x3b, 0x54, 0xaf, 0x24, 0x32, 0xce, 0x39, 0xc9, 0x3b, 0x48, 0xaf,
  0xfc, 0x31, 0x06, 0x3a, 0xcc, 0x3b, 0x32, 0xaf, 0xce, 0x31, 0x3d, 0x3a,
  0xd0, 0x3b, 0x15, 0xaf, 0x9b, 0x31, 0x73, 0x3a, 0xd5, 0x3b, 0xf1, 0xae,
  0x65, 0x31, 0xa8, 0x3a, 0xd8, 0x3b, 0xb9, 0xae, 0x28, 0x31, 0xdb, 0x3a,
  0xdb, 0x3b, 0x82, 0xae, 0xe9, 0x30, 0x0d, 0x3b, 0xdd, 0x3b, 0x3d, 0xae,
  0xa5, 0x30, 0x3c, 0x3b, 0xe0, 0x3b, 0xed, 0xad, 0x5e, 0x30, 0x6a, 0x3b,
  0xe3, 0x3b, 0x9e, 0xad, 0x15, 0x30, 0x95, 0x3b, 0xe4, 0x3b, 0x3e, 0xad,
  0x8f, 0x2f, 0xbf, 0x3b, 0xe6, 0x3b, 0xdf, 0xac, 0xf3, 0x2e, 0xe6, 0x3b,
  0xe8, 0x3b, 0x78, 0xac, 0x56, 0x2e, 0x06, 0x3c, 0xea, 0x3b, 0x0d, 0xac,
  0xb2, 0x2d, 0x17, 0x3c, 0xec, 0x3b, 0x3c, 0xab, 0x10, 0x2d, 0x27, 0x3c,
  0xee, 0x3b, 0x57, 0xaa, 0x69, 0x2c, 0x37, 0x3c, 0xf1, 0x3b, 0x72, 0xa9,
  0x89, 0x2b, 0x45, 0x3c, 0xf4, 0x3b, 0x85, 0xa8, 0x3b, 0x2a, 0x52, 0x3c,
  0xf7, 0x3b, 0x3a, 0xa7, 0xf1, 0x28, 0x5e, 0x3c, 0xfa, 0x3b, 0x5d, 0xa5,
  0x55, 0x27, 0x69, 0x3c, 0xfc, 0x3b, 0x22, 0xa3, 0xd3, 0x24, 0x73, 0x3c,
  0xfe, 0x3b, 0xe6, 0x9e, 0xb7, 0x20, 0x7d, 0x3c, 0x00, 0x3c, 0xa6, 0x08,
  0x50, 0x84, 0x85, 0x3c, 0x7c, 0x3b, 0x50, 0x80, 0x91, 0x33, 0x3b, 0x01,
  0x85, 0x3b, 0xd8, 0x87, 0x9a, 0x33, 0xc3, 0x0f, 0x85, 0x3b, 0xd8, 0x8f,
  0x9a, 0x33, 0xc3, 0x17, 0x85, 0x3b, 0x6a, 0x94, 0x9a, 0x33, 0x5d, 0x1c,
  0x85, 0x3b, 0xd8, 0x97, 0x9a, 0x33, 0xc3, 0x1f, 0x85, 0x3b, 0x21, 0x9a,
  0x9a, 0x33, 0x10, 0x22, 0x85, 0x3b, 0x6a, 0x9c, 0x9a, 0x33, 0x5e, 0x24,
  0x85, 0x3b, 0x02, 0x9e, 0x9a, 0x33, 0xf1, 0x25, 0x85, 0x3b, 0xd8, 0x9f,
  0x9a, 0x33, 0xc3, 0x27, 0x85, 0x3b, 0xf7, 0xa0, 0x9a, 0x33, 0xe9, 0x28,
  0x85, 0x3b, 0x21, 0xa2, 0x9a, 0x33, 0x10, 0x2a, 0x85, 0x3b, 0x6b, 0xa3,
  0x9a, 0x33, 0x57, 0x2b, 0x85, 0x3b, 0x6a, 0xa4, 0x9a, 0x33, 0x5e, 0x2c,
  0x85, 0x3b, 0x2e, 0xa5, 0x9a, 0x33, 0x20, 0x2d, 0x85, 0x3b, 0x02, 0xa6,
  0x9a, 0x33, 0xf2, 0x2d, 0x86, 0x3b, 0xe5, 0xa6, 0x9b, 0x33, 0xd4, 0x2e,
  0x86, 0x3b, 0xd9, 0xa7, 0x9b, 0x33, 0xc5, 0x2f, 0x86, 0x3b, 0x6e, 0xa8,
  0x9b, 0x33, 0x63, 0x30, 0x86, 0x3b, 0xf6, 0xa8, 0x9b, 0x33, 0xec, 0x30,
  0x87, 0x3b, 0x81, 0xa9, 0x9b, 0x33, 0x7c, 0x31, 0x87, 0x3b, 0xf4, 0xa9,
  0x9a, 0x33, 0x10, 0x32, 0x87, 0x3b, 0x78, 0xaa, 0x99, 0x33, 0xad, 0x32,
  0x88, 0x3b, 0x0c, 0xab, 0x99, 0x33, 0x51, 0x33, 0x88, 0x3b, 0xb2, 0xab,
  0x99, 0x33, 0xfa, 0x33, 0x89, 0x3b, 0x37, 0xac, 0x99, 0x33, 0x54, 0x34,
  0x8a, 0x3b, 0xa0, 0xac, 0x9a, 0x33, 0xac, 0x34, 0x8b, 0x3b, 0xf0, 0xac,
  0x99, 0x33, 0x0b, 0x35, 0x8c, 0x3b, 0x38, 0xad, 0x96, 0x33, 0x6f, 0x35,
  0x8d, 0x3b, 0x88, 0xad, 0x93, 0x33, 0xd6, 0x35, 0x8e, 0x3b, 0xd5, 0xad,
  0x8f, 0x33, 0x3f, 0x36, 0x90, 0x3b, 0x19, 0xae, 0x8a, 0x33, 0xaa, 0x36,
  0x92, 0x3b, 0x65, 0xae, 0x84, 0x33, 0x16, 0x37, 0x94, 0x3b, 0xb5, 0xae,
  0x7e, 0x33, 0x82, 0x37, 0x97, 0x3b, 0xfe, 0xae, 0x77, 0x33, 0xf0, 0x37,
  0x9a, 0x3b, 0x3d, 0xaf, 0x6b, 0x33, 0x31, 0x38, 0x9e, 0x3b, 0x6b, 0xaf,
  0x5c, 0x33, 0x6b, 0x38, 0xa2, 0x3b, 0x95, 0xaf, 0x4b, 0x33, 0xa5, 0x38,
  0xa5, 0x3b, 0xc1, 0xaf, 0x37, 0x33, 0xdf, 0x38, 0xaa, 0x3b, 0xe5, 0xaf,
  0x20, 0x33, 0x18, 0x39, 0xaf, 0x3b, 0xf8, 0xaf, 0x03, 0x33, 0x52, 0x39,
  0xb5, 0x3b, 0xfc, 0xaf, 0xdf, 0x32, 0x8c, 0x39, 0xba, 0x3b, 0x00, 0xb0,
  0xb9, 0x32, 0xc5, 0x39, 0xc0, 0x3b, 0xfa, 0xaf, 0x8f, 0x32, 0xfd, 0x39,
  0xc6, 0x3b, 0xdf, 0xaf, 0x5b, 0x32, 0x36, 0x3a, 0xca, 0x3b, 0xbe, 0xaf,
  0x23, 0x32, 0x6b, 0x3a, 0xd0, 0x3b, 0x97, 0xaf, 0xe6, 0x31, 0xa1, 0x3a,
  0xd3, 0x3b, 0x5e, 0xaf, 0xa5, 0x31, 0xd4, 0x3a, 0xd6, 0x3b, 0x1c, 0xaf,
  0x5e, 0x31, 0x06, 0x3b, 0xdb, 0x3b, 0xd7, 0xae, 0x15, 0x31, 0x36, 0x3b,
  0xdc, 0x3b, 0x7e, 0xae, 0xc8, 0x30, 0x64, 0x3b, 0xdf, 0x3b, 0x25, 0xae,
  0x76, 0x30, 0x91, 0x3b, 0xe1, 0x3b, 0xc2, 0xad, 0x24, 0x30, 0xbb, 0x3b,
  0xe3, 0x3b, 0x55, 0xad, 0x9d, 0x2f, 0xe3, 0x3b, 0xe5, 0x3b, 0xe9, 0xac,
  0xef, 0x2e, 0x04, 0x3c, 0xe7, 0x3b, 0x70, 0xac, 0x3f, 0x2e, 0x16, 0x3c,
  0xe9, 0x3b, 0xf3, 0xab, 0x8c, 0x2d, 0x26, 0x3c, 0xec, 0x3b, 0xf7, 0xaa,
  0xd7, 0x2c, 0x36, 0x3c, 0xee, 0x3b, 0xfc, 0xa9, 0x22, 0x2c, 0x44, 0x3c,
  0xf2, 0x3b, 0xf7, 0xa8, 0xd8, 0x2a, 0x52, 0x3c, 0xf5, 0x3b, 0xee, 0xa7,
  0x6e, 0x29, 0x5e, 0x3c, 0xf9, 0x3b, 0xe5, 0xa5, 0x05, 0x28, 0x69, 0x3c,
  0xfc, 0x3b, 0xc9, 0xa3, 0x4c, 0x25, 0x74, 0x3c, 0xfe, 0x3b, 0xa1, 0x9f,
  0x33, 0x21, 0x7d, 0x3c, 0x00, 0x3c, 0xdf, 0x0b, 0xef, 0x84, 0x86, 0x3c,
  0x62, 0x3b, 0x56, 0x80, 0x17, 0x34, 0x38, 0x01, 0x6e, 0x3b, 0x3f, 0x88,
  0x1e, 0x34, 0xab, 0x0f, 0x6e, 0x3b, 0x3f, 0x90, 0x1e, 0x34, 0xab, 0x17,
  0x6e, 0x3b, 0xc7, 0x94, 0x1e, 0x34, 0x50, 0x1c, 0x6e, 0x3b, 0x3f, 0x98,
  0x1e, 0x34, 0xab, 0x1f, 0x6e, 0x3b, 0xa3, 0x9a, 0x1e, 0x34, 0xfe, 0x21,
  0x6e, 0x3b, 0xc7, 0x9c, 0x1e, 0x34, 0x50, 0x24, 0x6e, 0x3b, 0x81, 0x9e,
  0x1e, 0x34, 0xdf, 0x25, 0x6e, 0x3b, 0x3f, 0xa0, 0x1e, 0x34, 0xab, 0x27,
  0x6e, 0x3b, 0x60, 0xa1, 0x1e, 0x34, 0xda, 0x28, 0x6e, 0x3b, 0xa3, 0xa2,
  0x1e, 0x34, 0xfe, 0x29, 0x6e, 0x3b, 0x04, 0xa4, 0x1e, 0x34, 0x40, 0x2b,
  0x6e, 0x3b, 0xc7, 0xa4, 0x1e, 0x34, 0x51, 0x2c, 0x6e, 0x3b, 0x9c, 0xa5,
  0x1e, 0x34, 0x11, 0x2d, 0x6f, 0x3b, 0x81, 0xa6, 0x1e, 0x34, 0xe0, 0x2d,
  0x6f, 0x3b, 0x77, 0xa7, 0x1e, 0x34, 0xbf, 0x2e, 0x6f, 0x3b, 0x3f, 0xa8,
  0x1e, 0x34, 0xae, 0x2f, 0x6f, 0x3b, 0xcb, 0xa8, 0x1e, 0x34, 0x56, 0x30,
  0x70, 0x3b, 0x5e, 0xa9, 0x1e, 0x34, 0xdd, 0x30, 0x70, 0x3b, 0xf2, 0xa9,
  0x1e, 0x34, 0x6b, 0x31, 0x70, 0x3b, 0x72, 0xaa, 0x1e, 0x34, 0xfe, 0x31,
  0x71, 0x3b, 0x05, 0xab, 0x1d, 0x34, 0x99, 0x32, 0x71, 0x3b, 0xa8, 0xab,
  0x1d, 0x34, 0x3b, 0x33, 0x72, 0x3b, 0x2d, 0xac, 0x1d, 0x34, 0xe4, 0x33,
  0x73, 0x3b, 0x8f, 0xac, 0x1d, 0x34, 0x48, 0x34, 0x73, 0x3b, 0xfa, 0xac,
  0x1e, 0x34, 0xa0, 0x34, 0x75, 0x3b, 0x54, 0xad, 0x1d, 0x34, 0xfc, 0x34,
  0x76, 0x3b, 0xa8, 0xad, 0x1c, 0x34, 0x5f, 0x35, 0x77, 0x3b, 0xff, 0xad,
  0x1a, 0x34, 0xc5, 0x35, 0x79, 0x3b, 0x52, 0xae, 0x18, 0x34, 0x2e, 0x36,
  0x7c, 0x3b, 0x9b, 0xae, 0x16, 0x34, 0x98, 0x36, 0x7e, 0x3b, 0xed, 0xae,
  0x13, 0x34, 0x03, 0x37, 0x81, 0x3b, 0x3f, 0xaf, 0x0f, 0x34, 0x70, 0x37,
  0x84, 0x3b, 0x8e, 0xaf, 0x0b, 0x34, 0xdd, 0x37, 0x87, 0x3b, 0xda, 0xaf,
  0x06, 0x34, 0x26, 0x38, 0x8c, 0x3b, 0x04, 0xb0, 0xfb, 0x33, 0x61, 0x38,
  0x90, 0x3b, 0x1c, 0xb0, 0xe8, 0x33, 0x9b, 0x38, 0x95, 0x3b, 0x31, 0xb0,
  0xd2, 0x33, 0xd4, 0x38, 0x9b, 0x3b, 0x45, 0xb0, 0xb9, 0x33, 0x0e, 0x39,
  0xa3, 0x3b, 0x52, 0xb0, 0x9c, 0x33, 0x48, 0x39, 0xa8, 0x3b, 0x54, 0xb0,
  0x76, 0x33, 0x82, 0x39, 0xb0, 0x3b, 0x54, 0xb0, 0x4c, 0x33, 0xbc, 0x39,
  0xb7, 0x3b, 0x52, 0xb0, 0x1d, 0x33, 0xf4, 0x39, 0xbd, 0x3b, 0x46, 0xb0,
  0xe5, 0x32, 0x2d, 0x3a, 0xc2, 0x3b, 0x32, 0xb0, 0xa8, 0x32, 0x64, 0x3a,
  0xc9, 0x3b, 0x1d, 0xb0, 0x67, 0x32, 0x99, 0x3a, 0xce, 0x3b, 0x01, 0xb0,
  0x20, 0x32, 0xcd, 0x3a, 0xd2, 0x3b, 0xb8, 0xaf, 0xd2, 0x31, 0x00, 0x3b,
  0xd8, 0x3b, 0x6b, 0xaf, 0x82, 0x31, 0x30, 0x3b, 0xda, 0x3b, 0x10, 0xaf,
  0x2e, 0x31, 0x60, 0x3b, 0xdc, 0x3b, 0xaa, 0xae, 0xd6, 0x30, 0x8c, 0x3b,
  0xdf, 0x3b, 0x43, 0xae, 0x7e, 0x30, 0xb6, 0x3b, 0xe0, 0x3b, 0xcd, 0xad,
  0x21, 0x30, 0xdf, 0x3b, 0xe2, 0x3b, 0x55, 0xad, 0x87, 0x2f, 0x03, 0x3c,
  0xe5, 0x3b, 0xd4, 0xac, 0xc6, 0x2e, 0x15, 0x3c, 0xe6, 0x3b, 0x50, 0xac,
  0x06, 0x2e, 0x26, 0x3c, 0xe9, 0x3b, 0x96, 0xab, 0x43, 0x2d, 0x35, 0x3c,
  0xec, 0x3b, 0x7e, 0xaa, 0x7e, 0x2c, 0x44, 0x3c, 0xef, 0x3b, 0x6c, 0xa9,
  0x73, 0x2b, 0x52, 0x3c, 0xf4, 0x3b, 0x4d, 0xa8, 0xe7, 0x29, 0x5e, 0x3c,
  0xf7, 0x3b, 0x75, 0xa6, 0x63, 0x28, 0x6a, 0x3c, 0xfb, 0x3b, 0x39, 0xa4,
  0xc1, 0x25, 0x74, 0x3c, 0xfe, 0x3b, 0x2f, 0xa0, 0xaa, 0x21, 0x7e, 0x3c,
  0x00, 0x3c, 0xc7, 0x0c, 0x87, 0x89, 0x87, 0x3c, 0x53, 0x3b, 0x5d, 0x80,
  0x6a, 0x34, 0x34, 0x01, 0x55, 0x3b, 0x90, 0x88, 0x6c, 0x34, 0x91, 0x0f,
  0x55, 0x3b, 0x90, 0x90, 0x6c, 0x34, 0x91, 0x17, 0x55, 0x3b, 0x22, 0x95,
  0x6c, 0x34, 0x42, 0x1c, 0x55, 0x3b, 0x90, 0x98, 0x6c, 0x34, 0x91, 0x1f,
  0x55, 0x3b, 0x22, 0x9b, 0x6c, 0x34, 0xea, 0x21, 0x55, 0x3b, 0x22, 0x9d,
  0x6c, 0x34, 0x42, 0x24, 0x55, 0x3b, 0xfd, 0x9e, 0x6c, 0x34, 0xcb, 0x25,
  0x55, 0x3b, 0x90, 0xa0, 0x6c, 0x34, 0x92, 0x27, 0x55, 0x3b, 0xc7, 0xa1,
  0x6c, 0x34, 0xca, 0x28, 0x55, 0x3b, 0x22, 0xa3, 0x6c, 0x34, 0xea, 0x29,
  0x56, 0x3b, 0x50, 0xa4, 0x6c, 0x34, 0x28, 0x2b, 0x56, 0x3b, 0x22, 0xa5,
  0x6c, 0x34, 0x42, 0x2c, 0x56, 0x3b, 0x07, 0xa6, 0x6c, 0x34, 0x00, 0x2d,
  0x56, 0x3b, 0xfd, 0xa6, 0x6c, 0x34, 0xcd, 0x2d, 0x56, 0x3b, 0x03, 0xa8,
  0x6d, 0x34, 0xa9, 0x2e, 0x56, 0x3b, 0x90, 0xa8, 0x6d, 0x34, 0x94, 0x2f,
  0x57, 0x3b, 0x26, 0xa9, 0x6d, 0x34, 0x48, 0x30, 0x57, 0x3b, 0xc4, 0xa9,
  0x6d, 0x34, 0xcd, 0x30, 0x57, 0x3b, 0x5f, 0xaa, 0x6d, 0x34, 0x59, 0x31,
  0x58, 0x3b, 0xed, 0xaa, 0x6d, 0x34, 0xea, 0x31, 0x59, 0x3b, 0x90, 0xab,
  0x6c, 0x34, 0x84, 0x32, 0x59, 0x3b, 0x20, 0xac, 0x6c, 0x34, 0x25, 0x33,
  0x5a, 0x3b, 0x7f, 0xac, 0x6c, 0x34, 0xcb, 0x33, 0x5b, 0x3b, 0xe5, 0xac,
  0x6c, 0x34, 0x3b, 0x34, 0x5c, 0x3b, 0x51, 0xad, 0x6c, 0x34, 0x92, 0x34,
  0x5d, 0x3b, 0xb7, 0xad, 0x6c, 0x34, 0xec, 0x34, 0x5e, 0x3b, 0x15, 0xae,
  0x6b, 0x34, 0x4e, 0x35, 0x60, 0x3b, 0x73, 0xae, 0x69, 0x34, 0xb3, 0x35,
  0x62, 0x3b, 0xc9, 0xae, 0x67, 0x34, 0x1b, 0x36, 0x65, 0x3b, 0x1b, 0xaf,
  0x65, 0x34, 0x84, 0x36, 0x68, 0x3b, 0x72, 0xaf, 0x62, 0x34, 0xef, 0x36,
  0x6b, 0x3b, 0xc5, 0xaf, 0x5e, 0x34, 0x5c, 0x37, 0x6f, 0x3b, 0x0d, 0xb0,
  0x59, 0x34, 0xc9, 0x37, 0x74, 0x3b, 0x36, 0xb0, 0x54, 0x34, 0x1c, 0x38,
  0x79, 0x3b, 0x52, 0xb0, 0x4c, 0x34, 0x55, 0x38, 0x7e, 0x3b, 0x6b, 0xb0,
  0x42, 0x34, 0x8f, 0x38, 0x85, 0x3b, 0x81, 0xb0, 0x36, 0x34, 0xc9, 0x38,
  0x8c, 0x3b, 0x95, 0xb0, 0x29, 0x34, 0x03, 0x39, 0x95, 0x3b, 0xa5, 0xb0,
  0x19, 0x34, 0x3d, 0x39, 0x9c, 0x3b, 0xaa, 0xb0, 0x05, 0x34, 0x77, 0x39,
  0xa5, 0x3b, 0xa8, 0xb0, 0xdc, 0x33, 0xb2, 0x39, 0xad, 0x3b, 0xa4, 0xb0,
  0xa8, 0x33, 0xeb, 0x39, 0xb4, 0x3b, 0x9c, 0xb0, 0x6d, 0x33, 0x23, 0x3a,
  0xbc, 0x3b, 0x85, 0xb0, 0x2b, 0x33, 0x5b, 0x3a, 0xc3, 0x3b, 0x6d, 0xb0,
  0xe4, 0x32, 0x90, 0x3a, 0xca, 0x3b, 0x50, 0xb0, 0x98, 0x32, 0xc6, 0x3a,
  0xcd, 0x3b, 0x29, 0xb0, 0x45, 0x32, 0xf9, 0x3a, 0xd2, 0x3b, 0xfb, 0xaf,
  0xed, 0x31, 0x2a, 0x3b, 0xd7, 0x3b, 0x9f, 0xaf, 0x93, 0x31, 0x59, 0x3b,
  0xd9, 0x3b, 0x30, 0xaf, 0x36, 0x31, 0x87, 0x3b, 0xdb, 0x3b, 0xbe, 0xae,
  0xd5, 0x30, 0xb2, 0x3b, 0xde, 0x3b, 0x43, 0xae, 0x72, 0x30, 0xdb, 0x3b,
  0xdf, 0x3b, 0xbe, 0xad, 0x0d, 0x30, 0x01, 0x3c, 0xe1, 0x3b, 0x39, 0xad,
  0x50, 0x2f, 0x13, 0x3c, 0xe4, 0x3b, 0xa8, 0xac, 0x7d, 0x2e, 0x25, 0x3c,
  0xe6, 0x3b, 0x17, 0xac, 0xac, 0x2d, 0x35, 0x3c, 0xea, 0x3b, 0x04, 0xab,
  0xd8, 0x2c, 0x44, 0x3c, 0xed, 0x3b, 0xd9, 0xa9, 0x04, 0x2c, 0x51, 0x3c,
  0xf1, 0x3b, 0xaa, 0xa8, 0x61, 0x2a, 0x5e, 0x3c, 0xf6, 0x3b, 0xf5, 0xa6,
  0xbd, 0x28, 0x6a, 0x3c, 0xfa, 0x3b, 0x99, 0xa4, 0x3f, 0x26, 0x74, 0x3c,
  0xfe, 0x3b, 0x7f, 0xa0, 0x1f, 0x22, 0x7e, 0x3c, 0x00, 0x3c, 0x3e, 0x0c,
  0x16, 0x87, 0x87, 0x3c, 0x3b, 0x3b, 0x63, 0x80, 0xb9, 0x34, 0x30, 0x01,
  0x3b, 0x3b, 0xdf, 0x88, 0xb8, 0x34, 0x76, 0x0f, 0x3b, 0x3b, 0xdf, 0x90,
  0xb8, 0x34, 0x76, 0x17, 0x3b, 0x3b, 0x7b, 0x95, 0xb8, 0x34, 0x32, 0x1c,
  0x3b, 0x3b, 0xdf, 0x98, 0xb8, 0x34, 0x76, 0x1f, 0x3b, 0x3b, 0x9d, 0x9b,
  0xb8, 0x34, 0xd4, 0x21, 0x3b, 0x3b, 0x7b, 0x9d, 0xb8, 0x34, 0x32, 0x24,
  0x3b, 0x3b, 0x76, 0x9f, 0xb8, 0x34, 0xb6, 0x25, 0x3b, 0x3b, 0xdf, 0xa0,
  0xb9, 0x34, 0x76, 0x27, 0x3b, 0x3b, 0x2a, 0xa2, 0xb9, 0x34, 0xb9, 0x28,
  0x3b, 0x3b, 0x9d, 0xa3, 0xb9, 0x34, 0xd5, 0x29, 0x3b, 0x3b, 0x9b, 0xa4,
  0xb9, 0x34, 0x0e, 0x2b, 0x3b, 0x3b, 0x7b, 0xa5, 0xb9, 0x34, 0x33, 0x2c,
  0x3b, 0x3b, 0x6e, 0xa6, 0xb9, 0x34, 0xee, 0x2c, 0x3b, 0x3b, 0x75, 0xa7,
  0xb9, 0x34, 0xb8, 0x2d, 0x3c, 0x3b, 0x48, 0xa8, 0xb9, 0x34, 0x91, 0x2e,
  0x3c, 0x3b, 0xdf, 0xa8, 0xb9, 0x34, 0x79, 0x2f, 0x3c, 0x3b, 0x7f, 0xa9,
  0xb9, 0x34, 0x38, 0x30, 0x3d, 0x3b, 0x26, 0xaa, 0xb9, 0x34, 0xbb, 0x30,
  0x3d, 0x3b, 0xc6, 0xaa, 0xb9, 0x34, 0x45, 0x31, 0x3e, 0x3b, 0x65, 0xab,
  0xb9, 0x34, 0xd5, 0x31, 0x3e, 0x3b, 0x0b, 0xac, 0xb9, 0x34, 0x6d, 0x32,
  0x3f, 0x3b, 0x69, 0xac, 0xb9, 0x34, 0x0c, 0x33, 0x40, 0x3b, 0xce, 0xac,
  0xb9, 0x34, 0xb1, 0x33, 0x41, 0x3b, 0x39, 0xad, 0xb9, 0x34, 0x2d, 0x34,
  0x42, 0x3b, 0xa5, 0xad, 0xb9, 0x34, 0x84, 0x34, 0x44, 0x3b, 0x16, 0xae,
  0xb9, 0x34, 0xdb, 0x34, 0x45, 0x3b, 0x7f, 0xae, 0xb8, 0x34, 0x3c, 0x35,
  0x47, 0x3b, 0xe3, 0xae, 0xb7, 0x34, 0xa0, 0x35, 0x4b, 0x3b, 0x3c, 0xaf,
  0xb5, 0x34, 0x06, 0x36, 0x4d, 0x3b, 0x98, 0xaf, 0xb2, 0x34, 0x6f, 0x36,
  0x50, 0x3b, 0xf3, 0xaf, 0xae, 0x34, 0xda, 0x36, 0x55, 0x3b, 0x24, 0xb0,
  0xab, 0x34, 0x45, 0x37, 0x58, 0x3b, 0x51, 0xb0, 0xa6, 0x34, 0xb2, 0x37,
  0x5f, 0x3b, 0x7b, 0xb0, 0xa1, 0x34, 0x10, 0x38, 0x65, 0x3b, 0x9f, 0xb0,
  0x99, 0x34, 0x49, 0x38, 0x6d, 0x3b, 0xb8, 0xb0, 0x8f, 0x34, 0x83, 0x38,
  0x74, 0x3b, 0xce, 0xb0, 0x82, 0x34, 0xbd, 0x38, 0x7c, 0x3b, 0xe3, 0xb0,
  0x74, 0x34, 0xf7, 0x38, 0x87, 0x3b, 0xf4, 0xb0, 0x63, 0x34, 0x31, 0x39,
  0x91, 0x3b, 0xfd, 0xb0, 0x4e, 0x34, 0x6c, 0x39, 0x99, 0x3b, 0xfb, 0xb0,
  0x34, 0x34, 0xa6, 0x39, 0xa4, 0x3b, 0xf4, 0xb0, 0x19, 0x34, 0xe0, 0x39,
  0xac, 0x3b, 0xeb, 0xb0, 0xf5, 0x33, 0x18, 0x3a, 0xb4, 0x3b, 0xd7, 0xb0,
  0xac, 0x33, 0x50, 0x3a, 0xba, 0x3b, 0xb9, 0xb0, 0x5e, 0x33, 0x86, 0x3a,
  0xc2, 0x3b, 0x9b, 0xb0, 0x0d, 0x33, 0xbc, 0x3a, 0xc8, 0x3b, 0x76, 0xb0,
  0xb7, 0x32, 0xf1, 0x3a, 0xce, 0x3b, 0x45, 0xb0, 0x58, 0x32, 0x23, 0x3b,
  0xd4, 0x3b, 0x14, 0xb0, 0xf7, 0x31, 0x53, 0x3b, 0xd7, 0x3b, 0xb6, 0xaf,
  0x91, 0x31, 0x81, 0x3b, 0xd9, 0x3b, 0x38, 0xaf, 0x2a, 0x31, 0xae, 0x3b,
  0xdc, 0x3b, 0xb7, 0xae, 0xc1, 0x30, 0xd7, 0x3b, 0xdd, 0x3b, 0x2a, 0xae,
  0x56, 0x30, 0xff, 0x3b, 0xde, 0x3b, 0x97, 0xad, 0xd4, 0x2f, 0x12, 0x3c,
  0xe1, 0x3b, 0x04, 0xad, 0xf4, 0x2e, 0x24, 0x3c, 0xe4, 0x3b, 0x62, 0xac,
  0x14, 0x2e, 0x34, 0x3c, 0xe7, 0x3b, 0x90, 0xab, 0x31, 0x2d, 0x43, 0x3c,
  0xeb, 0x3b, 0x43, 0xaa, 0x4f, 0x2c, 0x51, 0x3c, 0xef, 0x3b, 0x01, 0xa9,
  0xdb, 0x2a, 0x5e, 0x3c, 0xf5, 0x3b, 0x72, 0xa7, 0x17, 0x29, 0x6a, 0x3c,
  0xf9, 0x3b, 0xe5, 0xa4, 0xb2, 0x26, 0x75, 0x3c, 0xfd, 0x3b, 0xd9, 0xa0,
  0x97, 0x22, 0x7f, 0x3c, 0x00, 0x3c, 0x50, 0x0f, 0x8a, 0x89, 0x88, 0x3c,
  0x1b, 0x3b, 0x69, 0x80, 0x00, 0x35, 0x2b, 0x01, 0x1f, 0x3b, 0x2c, 0x89,
  0x03, 0x35, 0x59, 0x0f, 0x1e, 0x3b, 0x2b, 0x91, 0x02, 0x35, 0x59, 0x17,
  0x1e, 0x3b, 0xd1, 0x95, 0x02, 0x35, 0x22, 0x1c, 0x1e, 0x3b, 0x2b, 0x99,
  0x02, 0x35, 0x59, 0x1f, 0x1e, 0x3b, 0x0a, 0x9c, 0x02, 0x35, 0xbd, 0x21,
  0x1e, 0x3b, 0xd1, 0x9d, 0x02, 0x35, 0x22, 0x24, 0x1e, 0x3b, 0xeb, 0x9f,
  0x02, 0x35, 0xa0, 0x25, 0x1e, 0x3b, 0x2b, 0xa1, 0x02, 0x35, 0x59, 0x27,
  0x1e, 0x3b, 0x8b, 0xa2, 0x02, 0x35, 0xa6, 0x28, 0x1f, 0x3b, 0x0a, 0xa4,
  0x03, 0x35, 0xbe, 0x29, 0x1f, 0x3b, 0xe3, 0xa4, 0x03, 0x35, 0xf3, 0x2a,
  0x1f, 0x3b, 0xd1, 0xa5, 0x03, 0x35, 0x22, 0x2c, 0x1f, 0x3b, 0xd3, 0xa6,
  0x03, 0x35, 0xda, 0x2c, 0x1f, 0x3b, 0xea, 0xa7, 0x03, 0x35, 0xa1, 0x2d,
  0x1f, 0x3b, 0x8b, 0xa8, 0x03, 0x35, 0x77, 0x2e, 0x20, 0x3b, 0x2b, 0xa9,
  0x03, 0x35, 0x5c, 0x2f, 0x20, 0x3b, 0xd4, 0xa9, 0x03, 0x35, 0x28, 0x30,
  0x21, 0x3b, 0x85, 0xaa, 0x03, 0x35, 0xa9, 0x30, 0x21, 0x3b, 0x2a, 0xab,
  0x03, 0x35, 0x30, 0x31, 0x22, 0x3b, 0xd9, 0xab, 0x03, 0x35, 0xbf, 0x31,
  0x23, 0x3b, 0x4c, 0xac, 0x03, 0x35, 0x55, 0x32, 0x23, 0x3b, 0xb1, 0xac,
  0x03, 0x35, 0xf2, 0x32, 0x24, 0x3b, 0x1b, 0xad, 0x03, 0x35, 0x95, 0x33,
  0x26, 0x3b, 0x8a, 0xad, 0x03, 0x35, 0x1e, 0x34, 0x27, 0x3b, 0xf6, 0xad,
  0x03, 0x35, 0x74, 0x34, 0x29, 0x3b, 0x6f, 0xae, 0x03, 0x35, 0xcb, 0x34,
  0x2b, 0x3b, 0xe5, 0xae, 0x03, 0x35, 0x28, 0x35, 0x2d, 0x3b, 0x4d, 0xaf,
  0x02, 0x35, 0x8b, 0x35, 0x30, 0x3b, 0xad, 0xaf, 0xff, 0x34, 0xf0, 0x35,
  0x34, 0x3b, 0x09, 0xb0, 0xfd, 0x34, 0x59, 0x36, 0x37, 0x3b, 0x38, 0xb0,
  0xf9, 0x34, 0xc3, 0x36, 0x3c, 0x3b, 0x65, 0xb0, 0xf5, 0x34, 0x2e, 0x37,
  0x41, 0x3b, 0x93, 0xb0, 0xf0, 0x34, 0x9b, 0x37, 0x49, 0x3b, 0xbe, 0xb0,
  0xeb, 0x34, 0x04, 0x38, 0x51, 0x3b, 0xe8, 0xb0, 0xe4, 0x34, 0x3c, 0x38,
  0x5a, 0x3b, 0x03, 0xb1, 0xda, 0x34, 0x76, 0x38, 0x63, 0x3b, 0x1c, 0xb1,
  0xcd, 0x34, 0xb1, 0x38, 0x6e, 0x3b, 0x2f, 0xb1, 0xbd, 0x34, 0xeb, 0x38,
  0x7a, 0x3b, 0x41, 0xb1, 0xab, 0x34, 0x25, 0x39, 0x85, 0x3b, 0x4d, 0xb1,
  0x96, 0x34, 0x5f, 0x39, 0x8f, 0x3b, 0x4b, 0xb1, 0x7b, 0x34, 0x9a, 0x39,
  0x98, 0x3b, 0x43, 0xb1, 0x5e, 0x34, 0xd4, 0x39, 0xa3, 0x3b, 0x37, 0xb1,
  0x3d, 0x34, 0x0c, 0x3a, 0xab, 0x3b, 0x27, 0xb1, 0x18, 0x34, 0x45, 0x3a,
  0xb2, 0x3b, 0x08, 0xb1, 0xdd, 0x33, 0x7c, 0x3a, 0xbc, 0x3b, 0xe4, 0xb0,
  0x86, 0x33, 0xb2, 0x3a, 0xc2, 0x3b, 0xbe, 0xb0, 0x27, 0x33, 0xe7, 0x3a,
  0xc7, 0x3b, 0x8d, 0xb0, 0xc2, 0x32, 0x1a, 0x3b, 0xcf, 0x3b, 0x56, 0xb0,
  0x5b, 0x32, 0x4b, 0x3b, 0xd3, 0x3b, 0x1c, 0xb0, 0xf0, 0x31, 0x7a, 0x3b,
  0xd6, 0x3b, 0xb3, 0xaf, 0x7f, 0x31, 0xa7, 0x3b, 0xd9, 0x3b, 0x25, 0xaf,
  0x10, 0x31, 0xd3, 0x3b, 0xda, 0x3b, 0x98, 0xae, 0x9f, 0x30, 0xfb, 0x3b,
  0xdc, 0x3b, 0xf4, 0xad, 0x29, 0x30, 0x11, 0x3c, 0xde, 0x3b, 0x57, 0xad,
  0x69, 0x2f, 0x22, 0x3c, 0xe1, 0x3b, 0xb0, 0xac, 0x7c, 0x2e, 0x33, 0x3c,
  0xe4, 0x3b, 0x05, 0xac, 0x8a, 0x2d, 0x43, 0x3c, 0xe8, 0x3b, 0xbd, 0xaa,
  0x9c, 0x2c, 0x51, 0x3c, 0xee, 0x3b, 0x52, 0xa9, 0x50, 0x2b, 0x5e, 0x3c,
  0xf3, 0x3b, 0x06, 0xa8, 0x76, 0x29, 0x6a, 0x3c, 0xf8, 0x3b, 0x36, 0xa5,
  0x27, 0x27, 0x75, 0x3c, 0xfd, 0x3b, 0x3f, 0xa1, 0x13, 0x23, 0x7f, 0x3c,
  0x00, 0x3c, 0xfb, 0x0e, 0x58, 0x8a, 0x88, 0x3c, 0xf9, 0x3a, 0x6f, 0x80,
  0x44, 0x35, 0x25, 0x01, 0x01, 0x3b, 0x75, 0x89, 0x4a, 0x35, 0x3a, 0x0f,
  0x01, 0x3b, 0x76, 0x91, 0x4b, 0x35, 0x3a, 0x17, 0x00, 0x3b, 0x24, 0x96,
  0x4a, 0x35, 0x10, 0x1c, 0x00, 0x3b, 0x75, 0x99, 0x4a, 0x35, 0x3a, 0x1f,
  0x00, 0x3b, 0x44, 0x9c, 0x4a, 0x35, 0xa5, 0x21, 0x00, 0x3b, 0x24, 0x9e,
  0x4a, 0x35, 0x10, 0x24, 0x00, 0x3b, 0x2e, 0xa0, 0x4a, 0x35, 0x88, 0x25,
  0x00, 0x3b, 0x75, 0xa1, 0x4a, 0x35, 0x3a, 0x27, 0x00, 0x3b, 0xe8, 0xa2,
  0x4a, 0x35, 0x93, 0x28, 0x01, 0x3b, 0x43, 0xa4, 0x4a, 0x35, 0xa5, 0x29,
  0x01, 0x3b, 0x29, 0xa5, 0x4a, 0x35, 0xd5, 0x2a, 0x01, 0x3b, 0x23, 0xa6,
  0x4a, 0x35, 0x11, 0x2c, 0x01, 0x3b, 0x34, 0xa7, 0x4a, 0x35, 0xc6, 0x2c,
  0x01, 0x3b, 0x2d, 0xa8, 0x4a, 0x35, 0x8a, 0x2d, 0x01, 0x3b, 0xcb, 0xa8,
  0x4a, 0x35, 0x5c, 0x2e, 0x02, 0x3b, 0x74, 0xa9, 0x4b, 0x35, 0x3d, 0x2f,
  0x02, 0x3b, 0x27, 0xaa, 0x4b, 0x35, 0x16, 0x30, 0x03, 0x3b, 0xe0, 0xaa,
  0x4b, 0x35, 0x95, 0x30, 0x03, 0x3b, 0x8d, 0xab, 0x4b, 0x35, 0x1a, 0x31,
  0x04, 0x3b, 0x25, 0xac, 0x4b, 0x35, 0xa7, 0x31, 0x05, 0x3b, 0x8b, 0xac,
  0x4b, 0x35, 0x3b, 0x32, 0x06, 0x3b, 0xf5, 0xac, 0x4b, 0x35, 0xd6, 0x32,
  0x07, 0x3b, 0x65, 0xad, 0x4b, 0x35, 0x77, 0x33, 0x08, 0x3b, 0xd7, 0xad,
  0x4b, 0x35, 0x0e, 0x34, 0x0a, 0x3b, 0x47, 0xae, 0x4b, 0x35, 0x63, 0x34,
  0x0c, 0x3b, 0xc6, 0xae, 0x4b, 0x35, 0xb9, 0x34, 0x0e, 0x3b, 0x46, 0xaf,
  0x4b, 0x35, 0x13, 0x35, 0x11, 0x3b, 0xb3, 0xaf, 0x4a, 0x35, 0x75, 0x35,
  0x14, 0x3b, 0x0e, 0xb0, 0x48, 0x35, 0xda, 0x35, 0x18, 0x3b, 0x43, 0xb0,
  0x45, 0x35, 0x41, 0x36, 0x1d, 0x3b, 0x73, 0xb0, 0x42, 0x35, 0xaa, 0x36,
  0x23, 0x3b, 0xa4, 0xb0, 0x3e, 0x35, 0x15, 0x37, 0x29, 0x3b, 0xd3, 0xb0,
  0x39, 0x35, 0x82, 0x37, 0x32, 0x3b, 0x00, 0xb1, 0x34, 0x35, 0xef, 0x37,
  0x3e, 0x3b, 0x2d, 0xb1, 0x2e, 0x35, 0x2f, 0x38, 0x47, 0x3b, 0x4d, 0xb1,
  0x24, 0x35, 0x68, 0x38, 0x53, 0x3b, 0x66, 0xb1, 0x16, 0x35, 0xa4, 0x38,
  0x5f, 0x3b, 0x7a, 0xb1, 0x06, 0x35, 0xde, 0x38, 0x6b, 0x3b, 0x8b, 0xb1,
  0xf4, 0x34, 0x18, 0x39, 0x77, 0x3b, 0x98, 0xb1, 0xde, 0x34, 0x52, 0x39,
  0x83, 0x3b, 0x9a, 0xb1, 0xc3, 0x34, 0x8d, 0x39, 0x8d, 0x3b, 0x91, 0xb1,
  0xa2, 0x34, 0xc7, 0x39, 0x98, 0x3b, 0x83, 0xb1, 0x80, 0x34, 0x00, 0x3a,
  0xa1, 0x3b, 0x70, 0xb1, 0x58, 0x34, 0x38, 0x3a, 0xaa, 0x3b, 0x55, 0xb1,
  0x2d, 0x34, 0x70, 0x3a, 0xb3, 0x3b, 0x2d, 0xb1, 0xfb, 0x33, 0xa7, 0x3a,
  0xbb, 0x3b, 0x03, 0xb1, 0x99, 0x33, 0xdd, 0x3a, 0xc1, 0x3b, 0xd3, 0xb0,
  0x2e, 0x33, 0x10, 0x3b, 0xc8, 0x3b, 0x99, 0xb0, 0xbf, 0x32, 0x43, 0x3b,
  0xcf, 0x3b, 0x58, 0xb0, 0x4a, 0x32, 0x73, 0x3b, 0xd3, 0x3b, 0x18, 0xb0,
  0xd5, 0x31, 0xa2, 0x3b, 0xd5, 0x3b, 0x93, 0xaf, 0x5d, 0x31, 0xcd, 0x3b,
  0xd9, 0x3b, 0xfc, 0xae, 0xe3, 0x30, 0xf7, 0x3b, 0xda, 0x3b, 0x59, 0xae,
  0x6a, 0x30, 0x0f, 0x3c, 0xdb, 0x3b, 0xa8, 0xad, 0xda, 0x2f, 0x21, 0x3c,
  0xde, 0x3b, 0xff, 0xac, 0xe1, 0x2e, 0x32, 0x3c, 0xe2, 0x3b, 0x43, 0xac,
  0xe0, 0x2d, 0x42, 0x3c, 0xe6, 0x3b, 0x24, 0xab, 0xe5, 0x2c, 0x51, 0x3c,
  0xec, 0x3b, 0xab, 0xa9, 0xc6, 0x2b, 0x5e, 0x3c, 0xf2, 0x3b, 0x3f, 0xa8,
  0xca, 0x29, 0x6a, 0x3c, 0xf7, 0x3b, 0x9f, 0xa5, 0xa1, 0x27, 0x76, 0x3c,
  0xfc, 0x3b, 0x83, 0xa1, 0x7f, 0x23, 0x80, 0x3c, 0x00, 0x3c, 0x13, 0x0c,
  0xc5, 0x88, 0x89, 0x3c, 0xe0, 0x3a, 0x74, 0x80, 0x8e, 0x35, 0x20, 0x01,
  0xe1, 0x3a, 0xbc, 0x89, 0x8f, 0x35, 0x19, 0x0f, 0xe1, 0x3a, 0xbc, 0x91,
  0x8f, 0x35, 0x19, 0x17, 0xe1, 0x3a, 0x74, 0x96, 0x8f, 0x35, 0xfc, 0x1b,
  0xe1, 0x3a, 0xbc, 0x99, 0x8f, 0x35, 0x19, 0x1f, 0xe1, 0x3a, 0x7b, 0x9c,
  0x8f, 0x35, 0x8c, 0x21, 0xe1, 0x3a, 0x74, 0x9e, 0x8f, 0x35, 0xfc, 0x23,
  0xe1, 0x3a, 0x64, 0xa0, 0x8f, 0x35, 0x6f, 0x25, 0xe1, 0x3a, 0xbc, 0xa1,
  0x8f, 0x35, 0x19, 0x27, 0xe1, 0x3a, 0x42, 0xa3, 0x8f, 0x35, 0x7e, 0x28,
  0xe1, 0x3a, 0x7b, 0xa4, 0x8f, 0x35, 0x8c, 0x29, 0xe1, 0x3a, 0x6c, 0xa5,
  0x8f, 0x35, 0xb6, 0x2a, 0xe1, 0x3a, 0x73, 0xa6, 0x8f, 0x35, 0xfd, 0x2b,
  0xe1, 0x3a, 0x92, 0xa7, 0x8f, 0x35, 0xb0, 0x2c, 0xe2, 0x3a, 0x63, 0xa8,
  0x8f, 0x35, 0x71, 0x2d, 0xe2, 0x3a, 0x09, 0xa9, 0x8f, 0x35, 0x3f, 0x2e,
  0xe2, 0x3a, 0xba, 0xa9, 0x90, 0x35, 0x1c, 0x2f, 0xe3, 0x3a, 0x76, 0xaa,
  0x90, 0x35, 0x04, 0x30, 0xe3, 0x3a, 0x37, 0xab, 0x90, 0x35, 0x81, 0x30,
  0xe4, 0x3a, 0xee, 0xab, 0x90, 0x35, 0x04, 0x31, 0xe5, 0x3a, 0x5c, 0xac,
  0x90, 0x35, 0x8e, 0x31, 0xe6, 0x3a, 0xc7, 0xac, 0x90, 0x35, 0x20, 0x32,
  0xe7, 0x3a, 0x38, 0xad, 0x90, 0x35, 0xb8, 0x32, 0xe8, 0x3a, 0xad, 0xad,
  0x90, 0x35, 0x57, 0x33, 0xea, 0x3a, 0x21, 0xae, 0x90, 0x35, 0xfb, 0x33,
  0xec, 0x3a, 0x96, 0xae, 0x90, 0x35, 0x51, 0x34, 0xee, 0x3a, 0x19, 0xaf,
  0x91, 0x35, 0xa7, 0x34, 0xf1, 0x3a, 0xa1, 0xaf, 0x91, 0x35, 0xfe, 0x34,
  0xf4, 0x3a, 0x0a, 0xb0, 0x90, 0x35, 0x5e, 0x35, 0xf8, 0x3a, 0x43, 0xb0,
  0x8e, 0x35, 0xc1, 0x35, 0xfc, 0x3a, 0x7a, 0xb0, 0x8c, 0x35, 0x28, 0x36,
  0x02, 0x3b, 0xad, 0xb0, 0x89, 0x35, 0x90, 0x36, 0x08, 0x3b, 0xe0, 0xb0,
  0x85, 0x35, 0xfb, 0x36, 0x11, 0x3b, 0x10, 0xb1, 0x81, 0x35, 0x67, 0x37,
  0x1b, 0x3b, 0x40, 0xb1, 0x7b, 0x35, 0xd5, 0x37, 0x29, 0x3b, 0x6d, 0xb1,
  0x76, 0x35, 0x22, 0x38, 0x35, 0x3b, 0x95, 0xb1, 0x6d, 0x35, 0x5a, 0x38,
  0x41, 0x3b, 0xae, 0xb1, 0x5f, 0x35, 0x95, 0x38, 0x4e, 0x3b, 0xc3, 0xb1,
  0x4e, 0x35, 0xd0, 0x38, 0x5b, 0x3b, 0xd4, 0xb1, 0x3b, 0x35, 0x0b, 0x39,
  0x68, 0x3b, 0xdf, 0xb1, 0x25, 0x35, 0x44, 0x39, 0x74, 0x3b, 0xe5, 0xb1,
  0x09, 0x35, 0x7e, 0x39, 0x80, 0x3b, 0xdb, 0xb1, 0xe7, 0x34, 0xb9, 0x39,
  0x8d, 0x3b, 0xcd, 0xb1, 0xc3, 0x34, 0xf4, 0x39, 0x97, 0x3b, 0xb8, 0xb1,
  0x99, 0x34, 0x2c, 0x3a, 0xa0, 0x3b, 0x9d, 0xb1, 0x6b, 0x34, 0x64, 0x3a,
  0xa9, 0x3b, 0x74, 0xb1, 0x38, 0x34, 0x9b, 0x3a, 0xb3, 0x3b, 0x48, 0xb1,
  0x04, 0x34, 0xd2, 0x3a, 0xbb, 0x3b, 0x14, 0xb1, 0x96, 0x33, 0x07, 0x3b,
  0xc1, 0x3b, 0xdb, 0xb0, 0x1f, 0x33, 0x3a, 0x3b, 0xc8, 0x3b, 0x96, 0xb0,
  0xa7, 0x32, 0x6c, 0x3b, 0xcf, 0x3b, 0x50, 0xb0, 0x29, 0x32, 0x9b, 0x3b,
  0xd2, 0x3b, 0x04, 0xb0, 0xa8, 0x31, 0xc9, 0x3b, 0xd5, 0x3b, 0x5b, 0xaf,
  0x27, 0x31, 0xf2, 0x3b, 0xd8, 0x3b, 0xb7, 0xae, 0xa8, 0x30, 0x0e, 0x3c,
  0xd9, 0x3b, 0xfd, 0xad, 0x27, 0x30, 0x20, 0x3c, 0xdb, 0x3b, 0x44, 0xad,
  0x43, 0x2f, 0x31, 0x3c, 0xdf, 0x3b, 0x8b, 0xac, 0x3a, 0x2e, 0x42, 0x3c,
  0xe4, 0x3b, 0x87, 0xab, 0x2c, 0x2d, 0x50, 0x3c, 0xe9, 0x3b, 0x0d, 0xaa,
  0x21, 0x2c, 0x5e, 0x3c, 0xf0, 0x3b, 0x78, 0xa8, 0x1f, 0x2a, 0x6b, 0x3c,
  0xf6, 0x3b, 0xf3, 0xa5, 0x0c, 0x28, 0x76, 0x3c, 0xfc, 0x3b, 0xc5, 0xa1,
  0xef, 0x23, 0x81, 0x3c, 0x00, 0x3c, 0x91, 0x0d, 0x6a, 0x8a, 0x8a, 0x3c,
  0xc3, 0x3a, 0x7a, 0x80, 0xd4, 0x35, 0x1c, 0x01, 0xc0, 0x3a, 0x00, 0x8a,
  0xd1, 0x35, 0xf7, 0x0e, 0xbf, 0x3a, 0x00, 0x92, 0xd1, 0x35, 0xf7, 0x16,
  0xbf, 0x3a, 0xc0, 0x96, 0xd1, 0x35, 0xd5, 0x1b, 0xbf, 0x3a, 0x00, 0x9a,
  0xd1, 0x35, 0xf7, 0x1e, 0xbf, 0x3a, 0xb0, 0x9c, 0xd1, 0x35, 0x71, 0x21,
  0xbf, 0x3a, 0xc0, 0x9e, 0xd1, 0x35, 0xd5, 0x23, 0xbf, 0x3a, 0x98, 0xa0,
  0xd1, 0x35, 0x55, 0x25, 0xbf, 0x3a, 0x00, 0xa2, 0xd1, 0x35, 0xf7, 0x26,
  0xbf, 0x3a, 0x98, 0xa3, 0xd1, 0x35, 0x68, 0x28, 0xbf, 0x3a, 0xb0, 0xa4,
  0xd1, 0x35, 0x71, 0x29, 0xc0, 0x3a, 0xac, 0xa5, 0xd1, 0x35, 0x96, 0x2a,
  0xc0, 0x3a, 0xc0, 0xa6, 0xd1, 0x35, 0xd7, 0x2b, 0xc0, 0x3a, 0xeb, 0xa7,
  0xd1, 0x35, 0x9a, 0x2c, 0xc0, 0x3a, 0x97, 0xa8, 0xd1, 0x35, 0x56, 0x2d,
  0xc1, 0x3a, 0x45, 0xa9, 0xd1, 0x35, 0x21, 0x2e, 0xc1, 0x3a, 0xfe, 0xa9,
  0xd2, 0x35, 0xfa, 0x2e, 0xc2, 0x3a, 0xc2, 0xaa, 0xd2, 0x35, 0xe1, 0x2f,
  0xc2, 0x3a, 0x87, 0xab, 0xd2, 0x35, 0x6b, 0x30, 0xc3, 0x3a, 0x25, 0xac,
  0xd2, 0x35, 0xec, 0x30, 0xc4, 0x3a, 0x90, 0xac, 0xd2, 0x35, 0x74, 0x31,
  0xc5, 0x3a, 0x01, 0xad, 0xd3, 0x35, 0x03, 0x32, 0xc6, 0x3a, 0x77, 0xad,
  0xd3, 0x35, 0x99, 0x32, 0xc8, 0x3a, 0xf1, 0xad, 0xd3, 0x35, 0x35, 0x33,
  0xca, 0x3a, 0x67, 0xae, 0xd3, 0x35, 0xd6, 0x33, 0xcc, 0x3a, 0xe3, 0xae,
  0xd3, 0x35, 0x3e, 0x34, 0xce, 0x3a, 0x69, 0xaf, 0xd3, 0x35, 0x93, 0x34,
  0xd1, 0x3a, 0xf5, 0xaf, 0xd4, 0x35, 0xe9, 0x34, 0xd6, 0x3a, 0x39, 0xb0,
  0xd4, 0x35, 0x46, 0x35, 0xda, 0x3a, 0x75, 0xb0, 0xd2, 0x35, 0xa8, 0x35,
  0xdf, 0x3a, 0xaf, 0xb0, 0xd0, 0x35, 0x0e, 0x36, 0xe6, 0x3a, 0xe5, 0xb0,
  0xce, 0x35, 0x76, 0x36, 0xee, 0x3a, 0x1a, 0xb1, 0xcb, 0x35, 0xdf, 0x36,
  0xf9, 0x3a, 0x4d, 0xb1, 0xc7, 0x35, 0x4c, 0x37, 0x05, 0x3b, 0x7e, 0xb1,
  0xc2, 0x35, 0xb9, 0x37, 0x12, 0x3b, 0xab, 0xb1, 0xbc, 0x35, 0x14, 0x38,
  0x20, 0x3b, 0xd6, 0xb1, 0xb4, 0x35, 0x4c, 0x38, 0x2e, 0x3b, 0xf4, 0xb1,
  0xa7, 0x35, 0x86, 0x38, 0x3b, 0x3b, 0x09, 0xb2, 0x96, 0x35, 0xc1, 0x38,
  0x4a, 0x3b, 0x1b, 0xb2, 0x82, 0x35, 0xfc, 0x38, 0x58, 0x3b, 0x25, 0xb2,
  0x6b, 0x35, 0x36, 0x39, 0x66, 0x3b, 0x2b, 0xb2, 0x4e, 0x35, 0x70, 0x39,
  0x73, 0x3b, 0x27, 0xb2, 0x2c, 0x35, 0xab, 0x39, 0x80, 0x3b, 0x15, 0xb2,
  0x04, 0x35, 0xe6, 0x39, 0x8c, 0x3b, 0xfd, 0xb1, 0xda, 0x34, 0x1f, 0x3a,
  0x97, 0x3b, 0xe2, 0xb1, 0xaa, 0x34, 0x57, 0x3a, 0x9f, 0x3b, 0xba, 0xb1,
  0x72, 0x34, 0x8e, 0x3a, 0xaa, 0x3b, 0x8b, 0xb1, 0x3c, 0x34, 0xc6, 0x3a,
  0xb3, 0x3b, 0x54, 0xb1, 0x00, 0x34, 0xfc, 0x3a, 0xbc, 0x3b, 0x1a, 0xb1,
  0x84, 0x33, 0x31, 0x3b, 0xc1, 0x3b, 0xd3, 0xb0, 0x00, 0x33, 0x63, 0x3b,
  0xc9, 0x3b, 0x87, 0xb0, 0x7c, 0x32, 0x94, 0x3b, 0xce, 0x3b, 0x3a, 0xb0,
  0xf6, 0x31, 0xc2, 0x3b, 0xd3, 0x3b, 0xc3, 0xaf, 0x6c, 0x31, 0xee, 0x3b,
  0xd5, 0x3b, 0x0d, 0xaf, 0xe6, 0x30, 0x0b, 0x3c, 0xd7, 0x3b, 0x55, 0xae,
  0x5e, 0x30, 0x1f, 0x3c, 0xd9, 0x3b, 0x8b, 0xad, 0xa3, 0x2f, 0x30, 0x3c,
  0xdc, 0x3b, 0xc6, 0xac, 0x8f, 0x2e, 0x41, 0x3c, 0xe1, 0x3b, 0xf6, 0xab,
  0x75, 0x2d, 0x50, 0x3c, 0xe7, 0x3b, 0x58, 0xaa, 0x58, 0x2c, 0x5e, 0x3c,
  0xee, 0x3b, 0xc4, 0xa8, 0x7d, 0x2a, 0x6b, 0x3c, 0xf5, 0x3b, 0x41, 0xa6,
  0x44, 0x28, 0x77, 0x3c, 0xfb, 0x3b, 0x38, 0xa2, 0x35, 0x24, 0x81, 0x3c,
  0x00, 0x3c, 0x35, 0x0d, 0x8e, 0x89, 0x8b, 0x3c, 0x9b, 0x3a, 0x7f, 0x80,
  0x0e, 0x36, 0x15, 0x01, 0x9d, 0x3a, 0x42, 0x8a, 0x10, 0x36, 0xd3, 0x0e,
  0x9c, 0x3a, 0x41, 0x92, 0x0f, 0x36, 0xd3, 0x16, 0x9c, 0x3a, 0x09, 0x97,
  0x10, 0x36, 0xad, 0x1b, 0x9c, 0x3a, 0x41, 0x9a, 0x10, 0x36, 0xd3, 0x1e,
  0x9c, 0x3a, 0xe3, 0x9c, 0x10, 0x36, 0x55, 0x21, 0x9c, 0x3a, 0x09, 0x9f,
  0x10, 0x36, 0xad, 0x23, 0x9c, 0x3a, 0xca, 0xa0, 0x10, 0x36, 0x39, 0x25,
  0x9c, 0x3a, 0x41, 0xa2, 0x10, 0x36, 0xd3, 0x26, 0x9c, 0x3a, 0xea, 0xa3,
  0x10, 0x36, 0x51, 0x28, 0x9d, 0x3a, 0xe3, 0xa4, 0x10, 0x36, 0x55, 0x29,
  0x9d, 0x3a, 0xe9, 0xa5, 0x10, 0x36, 0x74, 0x2a, 0x9d, 0x3a, 0x08, 0xa7,
  0x10, 0x36, 0xae, 0x2b, 0x9d, 0x3a, 0x20, 0xa8, 0x10, 0x36, 0x82, 0x2c,
  0x9d, 0x3a, 0xc9, 0xa8, 0x10, 0x36, 0x3b, 0x2d, 0x9e, 0x3a, 0x7e, 0xa9,
  0x10, 0x36, 0x02, 0x2e, 0x9e, 0x3a, 0x3e, 0xaa, 0x11, 0x36, 0xd6, 0x2e,
  0x9f, 0x3a, 0x0a, 0xab, 0x11, 0x36, 0xb9, 0x2f, 0xa0, 0x3a, 0xd2, 0xab,
  0x11, 0x36, 0x54, 0x30, 0xa0, 0x3a, 0x52, 0xac, 0x12, 0x36, 0xd3, 0x30,
  0xa1, 0x3a, 0xc2, 0xac, 0x12, 0x36, 0x58, 0x31, 0xa3, 0x3a, 0x38, 0xad,
  0x12, 0x36, 0xe5, 0x31, 0xa4, 0x3a, 0xb3, 0xad, 0x12, 0x36, 0x78, 0x32,
  0xa6, 0x3a, 0x31, 0xae, 0x13, 0x36, 0x12, 0x33, 0xa8, 0x3a, 0xaa, 0xae,
  0x13, 0x36, 0xb1, 0x33, 0xaa, 0x3a, 0x2d, 0xaf, 0x13, 0x36, 0x2a, 0x34,
  0xad, 0x3a, 0xb7, 0xaf, 0x13, 0x36, 0x7e, 0x34, 0xb1, 0x3a, 0x22, 0xb0,
  0x14, 0x36, 0xd4, 0x34, 0xb6, 0x3a, 0x67, 0xb0, 0x15, 0x36, 0x2d, 0x35,
  0xba, 0x3a, 0xa6, 0xb0, 0x14, 0x36, 0x8e, 0x35, 0xc2, 0x3a, 0xe1, 0xb0,
  0x13, 0x36, 0xf3, 0x35, 0xc9, 0x3a, 0x1b, 0xb1, 0x11, 0x36, 0x5a, 0x36,
  0xd4, 0x3a, 0x52, 0xb1, 0x0f, 0x36, 0xc3, 0x36, 0xdf, 0x3a, 0x87, 0xb1,
  0x0b, 0x36, 0x2f, 0x37, 0xec, 0x3a, 0xb9, 0xb1, 0x07, 0x36, 0x9c, 0x37,
  0xfa, 0x3a, 0xe8, 0xb1, 0x01, 0x36, 0x05, 0x38, 0x0a, 0x3b, 0x13, 0xb2,
  0xfa, 0x35, 0x3d, 0x38, 0x18, 0x3b, 0x38, 0xb2, 0xee, 0x35, 0x76, 0x38,
  0x29, 0x3b, 0x4e, 0xb2, 0xde, 0x35, 0xb2, 0x38, 0x38, 0x3b, 0x5f, 0xb2,
  0xc8, 0x35, 0xed, 0x38, 0x48, 0x3b, 0x6a, 0xb2, 0xb0, 0x35, 0x28, 0x39,
  0x56, 0x3b, 0x6e, 0xb2, 0x92, 0x35, 0x62, 0x39, 0x64, 0x3b, 0x6c, 0xb2,
  0x6f, 0x35, 0x9c, 0x39, 0x72, 0x3b, 0x5c, 0xb2, 0x46, 0x35, 0xd7, 0x39,
  0x7f, 0x3b, 0x41, 0xb2, 0x18, 0x35, 0x11, 0x3a, 0x8b, 0x3b, 0x25, 0xb2,
  0xe7, 0x34, 0x4b, 0x3a, 0x96, 0x3b, 0xfe, 0xb1, 0xae, 0x34, 0x82, 0x3a,
  0xa1, 0x3b, 0xcc, 0xb1, 0x74, 0x34, 0xba, 0x3a, 0xab, 0x3b, 0x92, 0xb1,
  0x35, 0x34, 0xf1, 0x3a, 0xb4, 0x3b, 0x54, 0xb1, 0xe5, 0x33, 0x26, 0x3b,
  0xbb, 0x3b, 0x10, 0xb1, 0x5c, 0x33, 0x5a, 0x3b, 0xc3, 0x3b, 0xbf, 0xb0,
  0xce, 0x32, 0x8c, 0x3b, 0xca, 0x3b, 0x6c, 0xb0, 0x3f, 0x32, 0xbc, 0x3b,
  0xce, 0x3b, 0x15, 0xb0, 0xb3, 0x31, 0xe9, 0x3b, 0xd1, 0x3b, 0x65, 0xaf,
  0x21, 0x31, 0x09, 0x3c, 0xd4, 0x3b, 0xa2, 0xae, 0x92, 0x30, 0x1d, 0x3c,
  0xd7, 0x3b, 0xd8, 0xad, 0x03, 0x30, 0x30, 0x3c, 0xd9, 0x3b, 0x02, 0xad,
  0xe3, 0x2e, 0x40, 0x3c, 0xde, 0x3b, 0x33, 0xac, 0xbc, 0x2d, 0x50, 0x3c,
  0xe5, 0x3b, 0xa9, 0xaa, 0x91, 0x2c, 0x5e, 0x3c, 0xec, 0x3b, 0xfd, 0xa8,
  0xd0, 0x2a, 0x6b, 0x3c, 0xf4, 0x3b, 0x9b, 0xa6, 0x81, 0x28, 0x77, 0x3c,
  0xfb, 0x3b, 0x74, 0xa2, 0x6f, 0x24, 0x82, 0x3c, 0x00, 0x3c, 0x84, 0x0c,
  0xdf, 0x88, 0x8c, 0x3c, 0x7c, 0x3a, 0x84, 0x80, 0x50, 0x36, 0x10, 0x01,
  0x78, 0x3a, 0x7f, 0x8a, 0x4c, 0x36, 0xad, 0x0e, 0x78, 0x3a, 0x7f, 0x92,
  0x4b, 0x36, 0xad, 0x16, 0x78, 0x3a, 0x4f, 0x97, 0x4b, 0x36, 0x83, 0x1b,
  0x78, 0x3a, 0x7f, 0x9a, 0x4b, 0x36, 0xad, 0x1e, 0x78, 0x3a, 0x13, 0x9d,
  0x4b, 0x36, 0x37, 0x21, 0x78, 0x3a, 0x4f, 0x9f, 0x4b, 0x36, 0x83, 0x23,
  0x78, 0x3a, 0xf9, 0xa0, 0x4b, 0x36, 0x1d, 0x25, 0x78, 0x3a, 0x7f, 0xa2,
  0x4b, 0x36, 0xad, 0x26, 0x78, 0x3a, 0x1c, 0xa4, 0x4b, 0x36, 0x3a, 0x28,
  0x78, 0x3a, 0x13, 0xa5, 0x4b, 0x36, 0x38, 0x29, 0x78, 0x3a, 0x23, 0xa6,
  0x4c, 0x36, 0x50, 0x2a, 0x79, 0x3a, 0x4e, 0xa7, 0x4c, 0x36, 0x84, 0x2b,
  0x79, 0x3a, 0x49, 0xa8, 0x4c, 0x36, 0x69, 0x2c, 0x79, 0x3a, 0xf8, 0xa8,
  0x4c, 0x36, 0x1e, 0x2d, 0x7a, 0x3a, 0xb3, 0xa9, 0x4c, 0x36, 0xe1, 0x2d,
  0x7a, 0x3a, 0x7b, 0xaa, 0x4d, 0x36, 0xb1, 0x2e, 0x7b, 0x3a, 0x4e, 0xab,
  0x4d, 0x36, 0x8f, 0x2f, 0x7b, 0x3a, 0x0e, 0xac, 0x4d, 0x36, 0x3c, 0x30,
  0x7c, 0x3a, 0x7c, 0xac, 0x4e, 0x36, 0xb9, 0x30, 0x7d, 0x3a, 0xf1, 0xac,
  0x4e, 0x36, 0x3c, 0x31, 0x7f, 0x3a, 0x6d, 0xad, 0x4e, 0x36, 0xc6, 0x31,
  0x80, 0x3a, 0xed, 0xad, 0x4f, 0x36, 0x56, 0x32, 0x82, 0x3a, 0x6d, 0xae,
  0x4f, 0x36, 0xed, 0x32, 0x84, 0x3a, 0xeb, 0xae, 0x4f, 0x36, 0x89, 0x33,
  0x87, 0x3a, 0x74, 0xaf, 0x50, 0x36, 0x15, 0x34, 0x8a, 0x3a, 0x00, 0xb0,
  0x50, 0x36, 0x68, 0x34, 0x8f, 0x3a, 0x47, 0xb0, 0x51, 0x36, 0xbd, 0x34,
  0x94, 0x3a, 0x91, 0xb0, 0x53, 0x36, 0x14, 0x35, 0x9a, 0x3a, 0xd3, 0xb0,
  0x53, 0x36, 0x73, 0x35, 0xa3, 0x3a, 0x12, 0xb1, 0x53, 0x36, 0xd6, 0x35,
  0xac, 0x3a, 0x4e, 0xb1, 0x52, 0x36, 0x3c, 0x36, 0xb8, 0x3a, 0x87, 0xb1,
  0x51, 0x36, 0xa6, 0x36, 0xc4, 0x3a, 0xbe, 0xb1, 0x4e, 0x36, 0x11, 0x37,
  0xd3, 0x3a, 0xf2, 0xb1, 0x4b, 0x36, 0x7e, 0x37, 0xe1, 0x3a, 0x22, 0xb2,
  0x44, 0x36, 0xed, 0x37, 0xf1, 0x3a, 0x4f, 0xb2, 0x3e, 0x36, 0x2e, 0x38,
  0x02, 0x3b, 0x76, 0xb2, 0x32, 0x36, 0x67, 0x38, 0x10, 0x3b, 0x90, 0xb2,
  0x1f, 0x36, 0xa1, 0x38, 0x21, 0x3b, 0xa1, 0xb2, 0x0a, 0x36, 0xdd, 0x38,
  0x34, 0x3b, 0xac, 0xb2, 0xf3, 0x35, 0x19, 0x39, 0x43, 0x3b, 0xb1, 0xb2,
  0xd3, 0x35, 0x53, 0x39, 0x54, 0x3b, 0xad, 0xb2, 0xb1, 0x35, 0x8e, 0x39,
  0x63, 0x3b, 0xa2, 0xb2, 0x87, 0x35, 0xc9, 0x39, 0x74, 0x3b, 0x86, 0xb2,
  0x58, 0x35, 0x04, 0x3a, 0x81, 0x3b, 0x65, 0xb2, 0x23, 0x35, 0x3e, 0x3a,
  0x8c, 0x3b, 0x3d, 0xb2, 0xe8, 0x34, 0x76, 0x3a, 0x97, 0x3b, 0x0d, 0xb2,
  0xaa, 0x34, 0xae, 0x3a, 0xa3, 0x3b, 0xd0, 0xb1, 0x69, 0x34, 0xe5, 0x3a,
  0xac, 0x3b, 0x8e, 0xb1, 0x24, 0x34, 0x1c, 0x3b, 0xb4, 0x3b, 0x46, 0xb1,
  0xb5, 0x33, 0x50, 0x3b, 0xbc, 0x3b, 0xf7, 0xb0, 0x20, 0x33, 0x83, 0x3b,
  0xc4, 0x3b, 0x9e, 0xb0, 0x8c, 0x32, 0xb5, 0x3b, 0xc9, 0x3b, 0x43, 0xb0,
  0xf3, 0x31, 0xe3, 0x3b, 0xcf, 0x3b, 0xc1, 0xaf, 0x5e, 0x31, 0x07, 0x3c,
  0xd1, 0x3b, 0xef, 0xae, 0xc6, 0x30, 0x1c, 0x3c, 0xd4, 0x3b, 0x20, 0xae,
  0x34, 0x30, 0x2f, 0x3c, 0xd7, 0x3b, 0x41, 0xad, 0x33, 0x2f, 0x40, 0x3c,
  0xdc, 0x3b, 0x61, 0xac, 0x01, 0x2e, 0x50, 0x3c, 0xe2, 0x3b, 0x09, 0xab,
  0xcc, 0x2c, 0x5e, 0x3c, 0xeb, 0x3b, 0x38, 0xa9, 0x26, 0x2b, 0x6c, 0x3c,
  0xf3, 0x3b, 0xf6, 0xa6, 0xb8, 0x28, 0x78, 0x3c, 0xfa, 0x3b, 0xcc, 0xa2,
  0xa8, 0x24, 0x83, 0x3c, 0x00, 0x3c, 0x13, 0x0f, 0x84, 0x8a, 0x8d, 0x3c,
  0x49, 0x3a, 0x88, 0x80, 0x7b, 0x36, 0x09, 0x01, 0x53, 0x3a, 0xba, 0x8a,
  0x85, 0x36, 0x87, 0x0e, 0x52, 0x3a, 0xb9, 0x92, 0x84, 0x36, 0x86, 0x16,
  0x52, 0x3a, 0x91, 0x97, 0x84, 0x36, 0x57, 0x1b, 0x52, 0x3a, 0xb9, 0x9a,
  0x84, 0x36, 0x86, 0x1e, 0x52, 0x3a, 0x41, 0x9d, 0x84, 0x36, 0x19, 0x21,
  0x52, 0x3a, 0x90, 0x9f, 0x84, 0x36, 0x57, 0x23, 0x52, 0x3a, 0x26, 0xa1,
  0x84, 0x36, 0xff, 0x24, 0x52, 0x3a, 0xb9, 0xa2, 0x84, 0x36, 0x86, 0x26,
  0x52, 0x3a, 0x41, 0xa4, 0x84, 0x36, 0x21, 0x28, 0x52, 0x3a, 0x40, 0xa5,
  0x84, 0x36, 0x19, 0x29, 0x52, 0x3a, 0x5a, 0xa6, 0x84, 0x36, 0x2b, 0x2a,
  0x53, 0x3a, 0x8f, 0xa7, 0x84, 0x36, 0x58, 0x2b, 0x53, 0x3a, 0x6f, 0xa8,
  0x85, 0x36, 0x50, 0x2c, 0x53, 0x3a, 0x24, 0xa9, 0x85, 0x36, 0x00, 0x2d,
  0x54, 0x3a, 0xe6, 0xa9, 0x85, 0x36, 0xbf, 0x2d, 0x54, 0x3a, 0xb5, 0xaa,
  0x85, 0x36, 0x8a, 0x2e, 0x55, 0x3a, 0x8e, 0xab, 0x86, 0x36, 0x63, 0x2f,
  0x56, 0x3a, 0x31, 0xac, 0x86, 0x36, 0x24, 0x30, 0x57, 0x3a, 0xa4, 0xac,
  0x87, 0x36, 0x9e, 0x30, 0x58, 0x3a, 0x1e, 0xad, 0x87, 0x36, 0x1e, 0x31,
  0x59, 0x3a, 0x9e, 0xad, 0x88, 0x36, 0xa5, 0x31, 0x5b, 0x3a, 0x22, 0xae,
  0x88, 0x36, 0x33, 0x32, 0x5d, 0x3a, 0xa5, 0xae, 0x89, 0x36, 0xc7, 0x32,
  0x60, 0x3a, 0x2a, 0xaf, 0x89, 0x36, 0x60, 0x33, 0x62, 0x3a, 0xb7, 0xaf,
  0x89, 0x36, 0x00, 0x34, 0x66, 0x3a, 0x23, 0xb0, 0x8a, 0x36, 0x52, 0x34,
  0x6b, 0x3a, 0x6b, 0xb0, 0x8c, 0x36, 0xa5, 0x34, 0x71, 0x3a, 0xb7, 0xb0,
  0x8e, 0x36, 0xfb, 0x34, 0x79, 0x3a, 0xfd, 0xb0, 0x90, 0x36, 0x56, 0x35,
  0x83, 0x3a, 0x3f, 0xb1, 0x91, 0x36, 0xb9, 0x35, 0x8d, 0x3a, 0x7e, 0xb1,
  0x91, 0x36, 0x1e, 0x36, 0x9a, 0x3a, 0xba, 0xb1, 0x91, 0x36, 0x86, 0x36,
  0xa7, 0x3a, 0xf2, 0xb1, 0x8d, 0x36, 0xf2, 0x36, 0xb6, 0x3a, 0x27, 0xb2,
  0x8a, 0x36, 0x5e, 0x37, 0xc4, 0x3a, 0x58, 0xb2, 0x84, 0x36, 0xcc, 0x37,
  0xd6, 0x3a, 0x87, 0xb2, 0x7e, 0x36, 0x1e, 0x38, 0xe8, 0x3a, 0xaf, 0xb2,
  0x74, 0x36, 0x57, 0x38, 0xfa, 0x3a, 0xcf, 0xb2, 0x64, 0x36, 0x91, 0x38,
  0x0c, 0x3b, 0xe1, 0xb2, 0x4d, 0x36, 0xcd, 0x38, 0x1f, 0x3b, 0xeb, 0xb2,
  0x33, 0x36, 0x09, 0x39, 0x30, 0x3b, 0xf0, 0xb2, 0x14, 0x36, 0x44, 0x39,
  0x41, 0x3b, 0xed, 0xb2, 0xee, 0x35, 0x7f, 0x39, 0x52, 0x3b, 0xe2, 0xb2,
  0xc3, 0x35, 0xba, 0x39, 0x64, 0x3b, 0xc9, 0xb2, 0x95, 0x35, 0xf6, 0x39,
  0x75, 0x3b, 0xa4, 0xb2, 0x5f, 0x35, 0x30, 0x3a, 0x81, 0x3b, 0x7a, 0xb2,
  0x22, 0x35, 0x6a, 0x3a, 0x8d, 0x3b, 0x4a, 0xb2, 0xe0, 0x34, 0xa2, 0x3a,
  0x99, 0x3b, 0x0c, 0xb2, 0x9c, 0x34, 0xd9, 0x3a, 0xa4, 0x3b, 0xc7, 0xb1,
  0x54, 0x34, 0x10, 0x3b, 0xad, 0x3b, 0x7c, 0xb1, 0x07, 0x34, 0x46, 0x3b,
  0xb5, 0x3b, 0x2c, 0xb1, 0x71, 0x33, 0x7b, 0x3b, 0xbd, 0x3b, 0xd0, 0xb0,
  0xd3, 0x32, 0xad, 0x3b, 0xc7, 0x3b, 0x70, 0xb0, 0x37, 0x32, 0xdd, 0x3b,
  0xcb, 0x3b, 0x0d, 0xb0, 0x97, 0x31, 0x05, 0x3c, 0xce, 0x3b, 0x3f, 0xaf,
  0xfa, 0x30, 0x1a, 0x3c, 0xd0, 0x3b, 0x60, 0xae, 0x60, 0x30, 0x2d, 0x3c,
  0xd4, 0x3b, 0x82, 0xad, 0x86, 0x2f, 0x3f, 0x3c, 0xda, 0x3b, 0x93, 0xac,
  0x46, 0x2e, 0x50, 0x3c, 0xe0, 0x3b, 0x53, 0xab, 0x02, 0x2d, 0x5e, 0x3c,
  0xe8, 0x3b, 0x7d, 0xa9, 0x7a, 0x2b, 0x6c, 0x3c, 0xf2, 0x3b, 0x3b, 0xa7,
  0xee, 0x28, 0x78, 0x3c, 0xfa, 0x3b, 0x2d, 0xa3, 0xde, 0x24, 0x84, 0x3c,
  0x00, 0x3c, 0x0e, 0x0e, 0xc2, 0x88, 0x8e, 0x3c, 0x39, 0x3a, 0x8d, 0x80,
  0xc8, 0x36, 0x03, 0x01, 0x2a, 0x3a, 0xf0, 0x8a, 0xb8, 0x36, 0x5d, 0x0e,
  0x2a, 0x3a, 0xf0, 0x92, 0xb9, 0x36, 0x5d, 0x16, 0x2b, 0x3a, 0xce, 0x97,
  0xb9, 0x36, 0x29, 0x1b, 0x2b, 0x3a, 0xf0, 0x9a, 0xb9, 0x36, 0x5e, 0x1e,
  0x2b, 0x3a, 0x6c, 0x9d, 0xb9, 0x36, 0xf9, 0x20, 0x2b, 0x3a, 0xce, 0x9f,
  0xb9, 0x36, 0x29, 0x23, 0x2b, 0x3a, 0x50, 0xa1, 0xb9, 0x36, 0xe0, 0x24,
  0x2b, 0x3a, 0xf0, 0xa2, 0xb9, 0x36, 0x5e, 0x26, 0x2b, 0x3a, 0x64, 0xa4,
  0xb9, 0x36, 0x07, 0x28, 0x2b, 0x3a, 0x6b, 0xa5, 0xb9, 0x36, 0xfa, 0x28,
  0x2b, 0x3a, 0x8e, 0xa6, 0xb9, 0x36, 0x05, 0x2a, 0x2b, 0x3a, 0xcd, 0xa7,
  0xb9, 0x36, 0x2b, 0x2b, 0x2c, 0x3a, 0x93, 0xa8, 0xba, 0x36, 0x35, 0x2c,
  0x2c, 0x3a, 0x4e, 0xa9, 0xba, 0x36, 0xe2, 0x2c, 0x2d, 0x3a, 0x16, 0xaa,
  0xba, 0x36, 0x9b, 0x2d, 0x2d, 0x3a, 0xeb, 0xaa, 0xbb, 0x36, 0x62, 0x2e,
  0x2e, 0x3a, 0xc8, 0xab, 0xbb, 0x36, 0x35, 0x2f, 0x2f, 0x3a, 0x53, 0xac,
  0xbc, 0x36, 0x0b, 0x30, 0x30, 0x3a, 0xca, 0xac, 0xbc, 0x36, 0x82, 0x30,
  0x31, 0x3a, 0x49, 0xad, 0xbd, 0x36, 0xff, 0x30, 0x33, 0x3a, 0xcd, 0xad,
  0xbd, 0x36, 0x84, 0x31, 0x35, 0x3a, 0x54, 0xae, 0xbe, 0x36, 0x0e, 0x32,
  0x37, 0x3a, 0xd9, 0xae, 0xbf, 0x36, 0x9f, 0x32, 0x3a, 0x3a, 0x65, 0xaf,
  0xbf, 0x36, 0x36, 0x33, 0x3d, 0x3a, 0xf5, 0xaf, 0xc0, 0x36, 0xd3, 0x33,
  0x41, 0x3a, 0x43, 0xb0, 0xc1, 0x36, 0x3a, 0x34, 0x47, 0x3a, 0x8d, 0xb0,
  0xc3, 0x36, 0x8d, 0x34, 0x4d, 0x3a, 0xda, 0xb0, 0xc6, 0x36, 0xe1, 0x34,
  0x57, 0x3a, 0x25, 0xb1, 0xca, 0x36, 0x39, 0x35, 0x61, 0x3a, 0x6a, 0xb1,
  0xcc, 0x36, 0x9a, 0x35, 0x6f, 0x3a, 0xab, 0xb1, 0xcf, 0x36, 0xff, 0x35,
  0x7a, 0x3a, 0xe9, 0xb1, 0xcd, 0x36, 0x66, 0x36, 0x87, 0x3a, 0x23, 0xb2,
  0xca, 0x36, 0xd0, 0x36, 0x97, 0x3a, 0x5a, 0xb2, 0xc7, 0x36, 0x3d, 0x37,
  0xa9, 0x3a, 0x8d, 0xb2, 0xc4, 0x36, 0xab, 0x37, 0xbc, 0x3a, 0xbc, 0xb2,
  0xbd, 0x36, 0x0e, 0x38, 0xce, 0x3a, 0xe5, 0xb2, 0xb2, 0x36, 0x46, 0x38,
  0xe1, 0x3a, 0x08, 0xb3, 0xa3, 0x36, 0x80, 0x38, 0xf4, 0x3a, 0x1d, 0xb3,
  0x8d, 0x36, 0xbc, 0x38, 0x08, 0x3b, 0x29, 0xb3, 0x72, 0x36, 0xf8, 0x38,
  0x1c, 0x3b, 0x2c, 0xb3, 0x52, 0x36, 0x34, 0x39, 0x2f, 0x3b, 0x29, 0xb3,
  0x2c, 0x36, 0x70, 0x39, 0x42, 0x3b, 0x1d, 0xb3, 0x02, 0x36, 0xab, 0x39,
  0x53, 0x3b, 0x09, 0xb3, 0xd0, 0x35, 0xe7, 0x39, 0x64, 0x3b, 0xe3, 0xb2,
  0x97, 0x35, 0x23, 0x3a, 0x74, 0x3b, 0xb5, 0xb2, 0x59, 0x35, 0x5c, 0x3a,
  0x83, 0x3b, 0x84, 0xb2, 0x16, 0x35, 0x96, 0x3a, 0x90, 0x3b, 0x48, 0xb2,
  0xcf, 0x34, 0xce, 0x3a, 0x9b, 0x3b, 0xff, 0xb1, 0x84, 0x34, 0x05, 0x3b,
  0xa6, 0x3b, 0xb1, 0xb1, 0x33, 0x34, 0x3d, 0x3b, 0xaf, 0x3b, 0x5d, 0xb1,
  0xc2, 0x33, 0x72, 0x3b, 0xb9, 0x3b, 0x03, 0xb1, 0x20, 0x33, 0xa6, 0x3b,
  0xbf, 0x3b, 0x9d, 0xb0, 0x76, 0x32, 0xd7, 0x3b, 0xc8, 0x3b, 0x34, 0xb0,
  0xd3, 0x31, 0x03, 0x3c, 0xcd, 0x3b, 0x93, 0xaf, 0x2e, 0x31, 0x18, 0x3c,
  0xce, 0x3b, 0xa3, 0xae, 0x8c, 0x30, 0x2c, 0x3c, 0xd1, 0x3b, 0xb9, 0xad,
  0xd6, 0x2f, 0x3e, 0x3c, 0xd6, 0x3b, 0xcb, 0xac, 0x8b, 0x2e, 0x4f, 0x3c,
  0xde, 0x3b, 0xa1, 0xab, 0x37, 0x2d, 0x5e, 0x3c, 0xe6, 0x3b, 0xbb, 0xa9,
  0xcd, 0x2b, 0x6c, 0x3c, 0xf0, 0x3b, 0x8f, 0xa7, 0x25, 0x29, 0x79, 0x3c,
  0xf9, 0x3b, 0x5e, 0xa3, 0x13, 0x25, 0x85, 0x3c, 0x00, 0x3c, 0x44, 0x0d,
  0xea, 0x88, 0x90, 0x3c, 0x10, 0x3a, 0x92, 0x80, 0xfb, 0x36, 0xfd, 0x00,
  0x02, 0x3a, 0x23, 0x8b, 0xeb, 0x36, 0x34, 0x0e, 0x02, 0x3a, 0x23, 0x93,
  0xeb, 0x36, 0x34, 0x16, 0x02, 0x3a, 0x04, 0x98, 0xeb, 0x36, 0xfa, 0x1a,
  0x02, 0x3a, 0x23, 0x9b, 0xeb, 0x36, 0x34, 0x1e, 0x02, 0x3a, 0x94, 0x9d,
  0xeb, 0x36, 0xd8, 0x20, 0x02, 0x3a, 0x04, 0xa0, 0xeb, 0x36, 0xfa, 0x22,
  0x02, 0x3a, 0x77, 0xa1, 0xeb, 0x36, 0xc0, 0x24, 0x02, 0x3a, 0x23, 0xa3,
  0xeb, 0x36, 0x34, 0x26, 0x03, 0x3a, 0x84, 0xa4, 0xeb, 0x36, 0xda, 0x27,
  0x03, 0x3a, 0x93, 0xa5, 0xeb, 0x36, 0xd9, 0x28, 0x03, 0x3a, 0xbe, 0xa6,
  0xeb, 0x36, 0xde, 0x29, 0x03, 0x3a, 0x03, 0xa8, 0xeb, 0x36, 0xfc, 0x2a,
  0x03, 0x3a, 0xb5, 0xa8, 0xeb, 0x36, 0x19, 0x2c, 0x04, 0x3a, 0x75, 0xa9,
  0xec, 0x36, 0xc2, 0x2c, 0x04, 0x3a, 0x42, 0xaa, 0xec, 0x36, 0x77, 0x2d,
  0x05, 0x3a, 0x1d, 0xab, 0xed, 0x36, 0x38, 0x2e, 0x06, 0x3a, 0xfc, 0xab,
  0xed, 0x36, 0x06, 0x2f, 0x06, 0x3a, 0x71, 0xac, 0xed, 0x36, 0xe1, 0x2f,
  0x08, 0x3a, 0xee, 0xac, 0xee, 0x36, 0x65, 0x30, 0x09, 0x3a, 0x70, 0xad,
  0xef, 0x36, 0xe0, 0x30, 0x0b, 0x3a, 0xf8, 0xad, 0xf0, 0x36, 0x61, 0x31,
  0x0d, 0x3a, 0x82, 0xae, 0xf0, 0x36, 0xe8, 0x31, 0x0f, 0x3a, 0x0b, 0xaf,
  0xf1, 0x36, 0x76, 0x32, 0x12, 0x3a, 0x9c, 0xaf, 0xf2, 0x36, 0x0a, 0x33,
  0x15, 0x3a, 0x18, 0xb0, 0xf3, 0x36, 0xa4, 0x33, 0x1b, 0x3a, 0x60, 0xb0,
  0xf5, 0x36, 0x21, 0x34, 0x20, 0x3a, 0xad, 0xb0, 0xf7, 0x36, 0x73, 0x34,
  0x28, 0x3a, 0xfb, 0xb0, 0xfb, 0x36, 0xc6, 0x34, 0x33, 0x3a, 0x49, 0xb1,
  0x01, 0x37, 0x1d, 0x35, 0x3d, 0x3a, 0x92, 0xb1, 0x03, 0x37, 0x7b, 0x35,
  0x49, 0x3a, 0xd5, 0xb1, 0x05, 0x37, 0xde, 0x35, 0x57, 0x3a, 0x15, 0xb2,
  0x05, 0x37, 0x44, 0x36, 0x67, 0x3a, 0x51, 0xb2, 0x05, 0x37, 0xae, 0x36,
  0x78, 0x3a, 0x8a, 0xb2, 0x03, 0x37, 0x1a, 0x37, 0x8b, 0x3a, 0xbe, 0xb2,
  0xff, 0x36, 0x89, 0x37, 0xa0, 0x3a, 0xef, 0xb2, 0xfa, 0x36, 0xfa, 0x37,
  0xb4, 0x3a, 0x19, 0xb3, 0xf1, 0x36, 0x36, 0x38, 0xc8, 0x3a, 0x3e, 0xb3,
  0xe2, 0x36, 0x6f, 0x38, 0xde, 0x3a, 0x56, 0xb3, 0xce, 0x36, 0xaa, 0x38,
  0xf3, 0x3a, 0x64, 0xb3, 0xb2, 0x36, 0xe7, 0x38, 0x08, 0x3b, 0x66, 0xb3,
  0x91, 0x36, 0x24, 0x39, 0x1c, 0x3b, 0x64, 0xb3, 0x69, 0x36, 0x60, 0x39,
  0x2f, 0x3b, 0x57, 0xb3, 0x3c, 0x36, 0x9c, 0x39, 0x44, 0x3b, 0x43, 0xb3,
  0x09, 0x36, 0xd9, 0x39, 0x56, 0x3b, 0x20, 0xb3, 0xd0, 0x35, 0x14, 0x3a,
  0x66, 0x3b, 0xf0, 0xb2, 0x8f, 0x35, 0x4f, 0x3a, 0x77, 0x3b, 0xba, 0xb2,
  0x47, 0x35, 0x89, 0x3a, 0x85, 0x3b, 0x7f, 0xb2, 0xff, 0x34, 0xc2, 0x3a,
  0x92, 0x3b, 0x38, 0xb2, 0xb1, 0x34, 0xfa, 0x3a, 0x9f, 0x3b, 0xe4, 0xb1,
  0x61, 0x34, 0x32, 0x3b, 0xa9, 0x3b, 0x8f, 0xb1, 0x0a, 0x34, 0x69, 0x3b,
  0xb1, 0x3b, 0x31, 0xb1, 0x65, 0x33, 0x9e, 0x3b, 0xb9, 0x3b, 0xcb, 0xb0,
  0xb7, 0x32, 0xd0, 0x3b, 0xc1, 0x3b, 0x5d, 0xb0, 0x0b, 0x32, 0x00, 0x3c,
  0xcb, 0x3b, 0xd7, 0xaf, 0x60, 0x31, 0x17, 0x3c, 0xcb, 0x3b, 0xed, 0xae,
  0xb9, 0x30, 0x2b, 0x3c, 0xce, 0x3b, 0xef, 0xad, 0x11, 0x30, 0x3e, 0x3c,
  0xd4, 0x3b, 0xfb, 0xac, 0xce, 0x2e, 0x4f, 0x3c, 0xdb, 0x3b, 0xf4, 0xab,
  0x6f, 0x2d, 0x5f, 0x3c, 0xe4, 0x3b, 0xf0, 0xa9, 0x0e, 0x2c, 0x6d, 0x3c,
  0xef, 0x3b, 0xeb, 0xa7, 0x5f, 0x29, 0x7a, 0x3c, 0xf9, 0x3b, 0xba, 0xa3,
  0x48, 0x25, 0x86, 0x3c, 0x00, 0x3c, 0x40, 0x0f, 0x95, 0x8b, 0x91, 0x3c,
  0xd2, 0x39, 0x94, 0x80, 0x10, 0x37, 0xf5, 0x00, 0xd9, 0x39, 0x53, 0x8b,
  0x19, 0x37, 0x09, 0x0e, 0xd9, 0x39, 0x53, 0x93, 0x19, 0x37, 0x09, 0x16,
  0xd9, 0x39, 0x1f, 0x98, 0x19, 0x37, 0xca, 0x1a, 0xd9, 0x39, 0x53, 0x9b,
  0x19, 0x37, 0x09, 0x1e, 0xd9, 0x39, 0xb9, 0x9d, 0x19, 0x37, 0xb7, 0x20,
  0xd9, 0x39, 0x1f, 0xa0, 0x19, 0x37, 0xca, 0x22, 0xd9, 0x39, 0x9b, 0xa1,
  0x19, 0x37, 0x9f, 0x24, 0xd9, 0x39, 0x52, 0xa3, 0x19, 0x37, 0x09, 0x26,
  0xd9, 0x39, 0xa2, 0xa4, 0x19, 0x37, 0xa3, 0x27, 0xd9, 0x39, 0xb8, 0xa5,
  0x19, 0x37, 0xb7, 0x28, 0xd9, 0x39, 0xeb, 0xa6, 0x19, 0x37, 0xb5, 0x29,
  0xd9, 0x39, 0x1d, 0xa8, 0x19, 0x37, 0xcb, 0x2a, 0xda, 0x39, 0xd4, 0xa8,
  0x19, 0x37, 0xfa, 0x2b, 0xda, 0x39, 0x99, 0xa9, 0x1a, 0x37, 0xa1, 0x2c,
  0xdb, 0x39, 0x6c, 0xaa, 0x1a, 0x37, 0x51, 0x2d, 0xdb, 0x39, 0x4c, 0xab,
  0x1b, 0x37, 0x0e, 0x2e, 0xdc, 0x39, 0x17, 0xac, 0x1b, 0x37, 0xd6, 0x2e,
  0xdd, 0x39, 0x8f, 0xac, 0x1c, 0x37, 0xac, 0x2f, 0xde, 0x39, 0x0e, 0xad,
  0x1c, 0x37, 0x47, 0x30, 0xe0, 0x39, 0x95, 0xad, 0x1d, 0x37, 0xbf, 0x30,
  0xe1, 0x39, 0x20, 0xae, 0x1e, 0x37, 0x3d, 0x31, 0xe4, 0x39, 0xac, 0xae,
  0x1f, 0x37, 0xc1, 0x31, 0xe6, 0x39, 0x39, 0xaf, 0x20, 0x37, 0x4c, 0x32,
  0xe9, 0x39, 0xcf, 0xaf, 0x21, 0x37, 0xdd, 0x32, 0xed, 0x39, 0x32, 0xb0,
  0x23, 0x37, 0x74, 0x33, 0xf3, 0x39, 0x7d, 0xb0, 0x25, 0x37, 0x08, 0x34,
  0xf9, 0x39, 0xcb, 0xb0, 0x28, 0x37, 0x58, 0x34, 0x03, 0x3a, 0x19, 0xb1,
  0x2e, 0x37, 0xab, 0x34, 0x0d, 0x3a, 0x69, 0xb1, 0x33, 0x37, 0x00, 0x35,
  0x18, 0x3a, 0xb6, 0xb1, 0x37, 0x37, 0x5a, 0x35, 0x25, 0x3a, 0xfb, 0xb1,
  0x3a, 0x37, 0xbc, 0x35, 0x37, 0x3a, 0x3e, 0xb2, 0x3f, 0x37, 0x23, 0x36,
  0x46, 0x3a, 0x7c, 0xb2, 0x3d, 0x37, 0x8b, 0x36, 0x59, 0x3a, 0xb7, 0xb2,
  0x3e, 0x37, 0xf7, 0x36, 0x6d, 0x3a, 0xed, 0xb2, 0x3b, 0x37, 0x66, 0x37,
  0x83, 0x3a, 0x1f, 0xb3, 0x36, 0x37, 0xd7, 0x37, 0x9a, 0x3a, 0x49, 0xb3,
  0x2d, 0x37, 0x24, 0x38, 0xb0, 0x3a, 0x70, 0xb3, 0x1f, 0x37, 0x5e, 0x38,
  0xc6, 0x3a, 0x8b, 0xb3, 0x0c, 0x37, 0x99, 0x38, 0xdd, 0x3a, 0x9d, 0xb3,
  0xf0, 0x36, 0xd5, 0x38, 0xf3, 0x3a, 0x9e, 0xb3, 0xce, 0x36, 0x13, 0x39,
  0x09, 0x3b, 0x9b, 0xb3, 0xa5, 0x36, 0x50, 0x39, 0x1f, 0x3b, 0x8f, 0xb3,
  0x77, 0x36, 0x8d, 0x39, 0x32, 0x3b, 0x7a, 0xb3, 0x41, 0x36, 0xca, 0x39,
  0x45, 0x3b, 0x5a, 0xb3, 0x06, 0x36, 0x05, 0x3a, 0x58, 0x3b, 0x2a, 0xb3,
  0xc4, 0x35, 0x41, 0x3a, 0x69, 0x3b, 0xf2, 0xb2, 0x7b, 0x35, 0x7d, 0x3a,
  0x7a, 0x3b, 0xb3, 0xb2, 0x30, 0x35, 0xb7, 0x3a, 0x89, 0x3b, 0x6c, 0xb2,
  0xdf, 0x34, 0xf0, 0x3a, 0x95, 0x3b, 0x19, 0xb2, 0x8a, 0x34, 0x28, 0x3b,
  0xa2, 0x3b, 0xbc, 0xb1, 0x32, 0x34, 0x60, 0x3b, 0xab, 0x3b, 0x5d, 0xb1,
  0xad, 0x33, 0x96, 0x3b, 0xb4, 0x3b, 0xf6, 0xb0, 0xfa, 0x32, 0xc9, 0x3b,
  0xbc, 0x3b, 0x87, 0xb0, 0x45, 0x32, 0xfc, 0x3b, 0xc4, 0x3b, 0x0f, 0xb0,
  0x92, 0x31, 0x15, 0x3c, 0xc9, 0x3b, 0x30, 0xaf, 0xe6, 0x30, 0x2a, 0x3c,
  0xcc, 0x3b, 0x2d, 0xae, 0x37, 0x30, 0x3d, 0x3c, 0xd1, 0x3b, 0x27, 0xad,
  0x0a, 0x2f, 0x4f, 0x3c, 0xd9, 0x3b, 0x26, 0xac, 0xa5, 0x2d, 0x5f, 0x3c,
  0xe2, 0x3b, 0x2b, 0xaa, 0x36, 0x2c, 0x6e, 0x3c, 0xee, 0x3b, 0x16, 0xa8,
  0x92, 0x29, 0x7b, 0x3c, 0xf8, 0x3b, 0x0c, 0xa4, 0x80, 0x25, 0x87, 0x3c,
  0x00, 0x3c, 0x1a, 0x0e, 0x90, 0x8a, 0x92, 0x3c, 0xab, 0x39, 0x98, 0x80,
  0x40, 0x37, 0xee, 0x00, 0xb0, 0x39, 0x80, 0x8b, 0x46, 0x37, 0xde, 0x0d,
  0xae, 0x39, 0x7e, 0x93, 0x43, 0x37, 0xdc, 0x15, 0xae, 0x39, 0x37, 0x98,
  0x43, 0x37, 0x98, 0x1a, 0xae, 0x39, 0x7e, 0x9b, 0x43, 0x37, 0xdc, 0x1d,
  0xae, 0x39, 0xdb, 0x9d, 0x43, 0x37, 0x94, 0x20, 0xae, 0x39, 0x37, 0xa0,
  0x43, 0x37, 0x98, 0x22, 0xae, 0x39, 0xbd, 0xa1, 0x43, 0x37, 0x7d, 0x24,
  0xae, 0x39, 0x7e, 0xa3, 0x43, 0x37, 0xdd, 0x25, 0xae, 0x39, 0xbd, 0xa4,
  0x43, 0x37, 0x6b, 0x27, 0xae, 0x39, 0xda, 0xa5, 0x43, 0x37, 0x95, 0x28,
  0xae, 0x39, 0x14, 0xa7, 0x43, 0x37, 0x8b, 0x29, 0xae, 0x39, 0x36, 0xa8,
  0x43, 0x37, 0x9a, 0x2a, 0xaf, 0x39, 0xf0, 0xa8, 0x44, 0x37, 0xc0, 0x2b,
  0xaf, 0x39, 0xba, 0xa9, 0x44, 0x37, 0x7f, 0x2c, 0xb0, 0x39, 0x91, 0xaa,
  0x44, 0x37, 0x2a, 0x2d, 0xb0, 0x39, 0x75, 0xab, 0x45, 0x37, 0xe2, 0x2d,
  0xb1, 0x39, 0x2e, 0xac, 0x45, 0x37, 0xa5, 0x2e, 0xb2, 0x39, 0xa9, 0xac,
  0x46, 0x37, 0x75, 0x2f, 0xb4, 0x39, 0x2c, 0xad, 0x47, 0x37, 0x29, 0x30,
  0xb5, 0x39, 0xb6, 0xad, 0x48, 0x37, 0x9d, 0x30, 0xb7, 0x39, 0x44, 0xae,
  0x49, 0x37, 0x18, 0x31, 0xba, 0x39, 0xd1, 0xae, 0x4a, 0x37, 0x99, 0x31,
  0xbc, 0x39, 0x64, 0xaf, 0x4c, 0x37, 0x21, 0x32, 0xc0, 0x39, 0xfd, 0xaf,
  0x4d, 0x37, 0xaf, 0x32, 0xc4, 0x39, 0x4a, 0xb0, 0x4f, 0x37, 0x43, 0x33,
  0xca, 0x39, 0x97, 0xb0, 0x52, 0x37, 0xdc, 0x33, 0xd2, 0x39, 0xe6, 0xb0,
  0x56, 0x37, 0x3d, 0x34, 0xdd, 0x39, 0x35, 0xb1, 0x5d, 0x37, 0x8f, 0x34,
  0xe4, 0x39, 0x86, 0xb1, 0x60, 0x37, 0xe2, 0x34, 0xf3, 0x39, 0xd7, 0xb1,
  0x69, 0x37, 0x3a, 0x35, 0x00, 0x3a, 0x1f, 0xb2, 0x6d, 0x37, 0x9a, 0x35,
  0x12, 0x3a, 0x64, 0xb2, 0x72, 0x37, 0xff, 0x35, 0x24, 0x3a, 0xa5, 0xb2,
  0x74, 0x37, 0x67, 0x36, 0x38, 0x3a, 0xe1, 0xb2, 0x75, 0x37, 0xd3, 0x36,
  0x4f, 0x3a, 0x19, 0xb3, 0x75, 0x37, 0x42, 0x37, 0x67, 0x3a, 0x4c, 0xb3,
  0x71, 0x37, 0xb3, 0x37, 0x7d, 0x3a, 0x78, 0xb3, 0x66, 0x37, 0x13, 0x38,
  0x95, 0x3a, 0x9e, 0xb3, 0x59, 0x37, 0x4c, 0x38, 0xae, 0x3a, 0xbd, 0xb3,
  0x47, 0x37, 0x87, 0x38, 0xc5, 0x3a, 0xd1, 0xb3, 0x2c, 0x37, 0xc3, 0x38,
  0xde, 0x3a, 0xd5, 0xb3, 0x09, 0x37, 0x01, 0x39, 0xf6, 0x3a, 0xd1, 0xb3,
  0xe1, 0x36, 0x40, 0x39, 0x0c, 0x3b, 0xc3, 0xb3, 0xb0, 0x36, 0x7d, 0x39,
  0x21, 0x3b, 0xad, 0xb3, 0x78, 0x36, 0xba, 0x39, 0x35, 0x3b, 0x8e, 0xb3,
  0x3a, 0x36, 0xf7, 0x39, 0x4a, 0x3b, 0x62, 0xb3, 0xf9, 0x35, 0x33, 0x3a,
  0x5d, 0x3b, 0x27, 0xb3, 0xae, 0x35, 0x70, 0x3a, 0x6e, 0x3b, 0xe6, 0xb2,
  0x5e, 0x35, 0xac, 0x3a, 0x7f, 0x3b, 0x9c, 0xb2, 0x0b, 0x35, 0xe5, 0x3a,
  0x8b, 0x3b, 0x4b, 0xb2, 0xb3, 0x34, 0x1d, 0x3b, 0x99, 0x3b, 0xec, 0xb1,
  0x58, 0x34, 0x56, 0x3b, 0xa5, 0x3b, 0x87, 0xb1, 0xf6, 0x33, 0x8c, 0x3b,
  0xae, 0x3b, 0x1f, 0xb1, 0x38, 0x33, 0xc3, 0x3b, 0xb7, 0x3b, 0xaf, 0xb0,
  0x7d, 0x32, 0xf5, 0x3b, 0xbe, 0x3b, 0x33, 0xb0, 0xc2, 0x31, 0x13, 0x3c,
  0xc5, 0x3b, 0x67, 0xaf, 0x0e, 0x31, 0x28, 0x3c, 0xc9, 0x3b, 0x6b, 0xae,
  0x5c, 0x30, 0x3c, 0x3c, 0xce, 0x3b, 0x55, 0xad, 0x49, 0x2f, 0x4e, 0x3c,
  0xd6, 0x3b, 0x48, 0xac, 0xd8, 0x2d, 0x5f, 0x3c, 0xe0, 0x3b, 0x69, 0xaa,
  0x5f, 0x2c, 0x6e, 0x3c, 0xec, 0x3b, 0x41, 0xa8, 0xc8, 0x29, 0x7c, 0x3c,
  0xf7, 0x3b, 0x22, 0xa4, 0xad, 0x25, 0x88, 0x3c, 0x00, 0x3c, 0xac, 0x0b,
  0x20, 0x87, 0x94, 0x3c, 0x79, 0x39, 0x9b, 0x80, 0x5d, 0x37, 0xe7, 0x00,
  0x82, 0x39, 0xa6, 0x8b, 0x69, 0x37, 0xaf, 0x0d, 0x82, 0x39, 0xa6, 0x93,
  0x69, 0x37, 0xaf, 0x15, 0x82, 0x39, 0x4d, 0x98, 0x69, 0x37, 0x65, 0x1a,
  0x82, 0x39, 0xa6, 0x9b, 0x69, 0x37, 0xaf, 0x1d, 0x82, 0x39, 0xf9, 0x9d,
  0x69, 0x37, 0x71, 0x20, 0x82, 0x39, 0x4d, 0xa0, 0x69, 0x37, 0x65, 0x22,
  0x82, 0x39, 0xdb, 0xa1, 0x69, 0x37, 0x5a, 0x24, 0x82, 0x39, 0xa5, 0xa3,
  0x69, 0x37, 0xaf, 0x25, 0x82, 0x39, 0xd6, 0xa4, 0x69, 0x37, 0x32, 0x27,
  0x82, 0x39, 0xf9, 0xa5, 0x69, 0x37, 0x71, 0x28, 0x82, 0x39, 0x39, 0xa7,
  0x69, 0x37, 0x61, 0x29, 0x82, 0x39, 0x4c, 0xa8, 0x6a, 0x37, 0x67, 0x2a,
  0x83, 0x39, 0x0a, 0xa9, 0x6a, 0x37, 0x84, 0x2b, 0x83, 0x39, 0xd7, 0xa9,
  0x6a, 0x37, 0x5d, 0x2c, 0x84, 0x39, 0xb3, 0xaa, 0x6b, 0x37, 0x03, 0x2d,
  0x84, 0x39, 0x9b, 0xab, 0x6b, 0x37, 0xb5, 0x2d, 0x86, 0x39, 0x43, 0xac,
  0x6c, 0x37, 0x72, 0x2e, 0x87, 0x39, 0xc2, 0xac, 0x6d, 0x37, 0x3d, 0x2f,
  0x88, 0x39, 0x47, 0xad, 0x6e, 0x37, 0x0a, 0x30, 0x8a, 0x39, 0xd4, 0xad,
  0x6f, 0x37, 0x7b, 0x30, 0x8c, 0x39, 0x64, 0xae, 0x70, 0x37, 0xf3, 0x30,
  0x8e, 0x39, 0xf4, 0xae, 0x72, 0x37, 0x71, 0x31, 0x91, 0x39, 0x8b, 0xaf,
  0x73, 0x37, 0xf5, 0x31, 0x95, 0x39, 0x13, 0xb0, 0x75, 0x37, 0x7f, 0x32,
  0x9a, 0x39, 0x60, 0xb0, 0x78, 0x37, 0x10, 0x33, 0xa1, 0x39, 0xaf, 0xb0,
  0x7b, 0x37, 0xa6, 0x33, 0xaa, 0x39, 0xff, 0xb0, 0x81, 0x37, 0x22, 0x34,
  0xb2, 0x39, 0x4f, 0xb1, 0x85, 0x37, 0x72, 0x34, 0xbd, 0x39, 0xa0, 0xb1,
  0x8d, 0x37, 0xc4, 0x34, 0xcb, 0x39, 0xf3, 0xb1, 0x95, 0x37, 0x1a, 0x35,
  0xdb, 0x39, 0x3f, 0xb2, 0x9d, 0x37, 0x77, 0x35, 0xee, 0x39, 0x87, 0xb2,
  0xa4, 0x37, 0xdb, 0x35, 0x03, 0x3a, 0xca, 0xb2, 0xa9, 0x37, 0x43, 0x36,
  0x18, 0x3a, 0x09, 0xb3, 0xab, 0x37, 0xae, 0x36, 0x2d, 0x3a, 0x41, 0xb3,
  0xa8, 0x37, 0x1c, 0x37, 0x46, 0x3a, 0x75, 0xb3, 0xa4, 0x37, 0x8e, 0x37,
  0x5f, 0x3a, 0xa3, 0xb3, 0x9d, 0x37, 0x00, 0x38, 0x79, 0x3a, 0xca, 0xb3,
  0x90, 0x37, 0x3b, 0x38, 0x92, 0x3a, 0xe9, 0xb3, 0x7c, 0x37, 0x75, 0x38,
  0xad, 0x3a, 0x00, 0xb4, 0x64, 0x37, 0xb2, 0x38, 0xc6, 0x3a, 0x04, 0xb4,
  0x42, 0x37, 0xf0, 0x38, 0xe1, 0x3a, 0x02, 0xb4, 0x19, 0x37, 0x2e, 0x39,
  0xfa, 0x3a, 0xf6, 0xb3, 0xe8, 0x36, 0x6d, 0x39, 0x10, 0x3b, 0xde, 0xb3,
  0xb0, 0x36, 0xab, 0x39, 0x25, 0x3b, 0xc0, 0xb3, 0x6f, 0x36, 0xe8, 0x39,
  0x3a, 0x3b, 0x96, 0xb3, 0x2a, 0x36, 0x25, 0x3a, 0x4f, 0x3b, 0x5c, 0xb3,
  0xdf, 0x35, 0x63, 0x3a, 0x62, 0x3b, 0x18, 0xb3, 0x8b, 0x35, 0x9f, 0x3a,
  0x73, 0x3b, 0xcc, 0xb2, 0x36, 0x35, 0xda, 0x3a, 0x83, 0x3b, 0x77, 0xb2,
  0xdc, 0x34, 0x13, 0x3b, 0x8f, 0x3b, 0x1d, 0xb2, 0x7e, 0x34, 0x4c, 0x3b,
  0x9d, 0x3b, 0xb3, 0xb1, 0x1e, 0x34, 0x84, 0x3b, 0xa9, 0x3b, 0x45, 0xb1,
  0x78, 0x33, 0xbb, 0x3b, 0xb2, 0x3b, 0xd4, 0xb0, 0xb4, 0x32, 0xf0, 0x3b,
  0xbb, 0x3b, 0x58, 0xb0, 0xf3, 0x31, 0x11, 0x3c, 0xc2, 0x3b, 0xa7, 0xaf,
  0x37, 0x31, 0x27, 0x3c, 0xc6, 0x3b, 0x9b, 0xae, 0x7f, 0x30, 0x3c, 0x3c,
  0xcb, 0x3b, 0x8b, 0xad, 0x8c, 0x2f, 0x4e, 0x3c, 0xd4, 0x3b, 0x6c, 0xac,
  0x0b, 0x2e, 0x5f, 0x3c, 0xde, 0x3b, 0x9d, 0xaa, 0x84, 0x2c, 0x6f, 0x3c,
  0xeb, 0x3b, 0x6c, 0xa8, 0xff, 0x29, 0x7d, 0x3c, 0xf7, 0x3b, 0x4c, 0xa4,
  0xe2, 0x25, 0x89, 0x3c, 0x00, 0x3c, 0x1d, 0x0e, 0xb8, 0x8b, 0x95, 0x3c,
  0x4c, 0x39, 0x9e, 0x80, 0x7f, 0x37, 0xdf, 0x00, 0x55, 0x39, 0xc9, 0x8b,
  0x8c, 0x37, 0x81, 0x0d, 0x55, 0x39, 0xc9, 0x93, 0x8b, 0x37, 0x80, 0x15,
  0x55, 0x39, 0x61, 0x98, 0x8b, 0x37, 0x31, 0x1a, 0x55, 0x39, 0xc9, 0x9b,
  0x8b, 0x37, 0x80, 0x1d, 0x55, 0x39, 0x15, 0x9e, 0x8b, 0x37, 0x4c, 0x20,
  0x55, 0x39, 0x61, 0xa0, 0x8b, 0x37, 0x31, 0x22, 0x55, 0x39, 0xf6, 0xa1,
  0x8b, 0x37, 0x37, 0x24, 0x55, 0x39, 0xc8, 0xa3, 0x8b, 0x37, 0x81, 0x25,
  0x55, 0x39, 0xed, 0xa4, 0x8b, 0x37, 0xf7, 0x26, 0x55, 0x39, 0x14, 0xa6,
  0x8c, 0x37, 0x4d, 0x28, 0x55, 0x39, 0x5a, 0xa7, 0x8c, 0x37, 0x35, 0x29,
  0x55, 0x39, 0x60, 0xa8, 0x8c, 0x37, 0x33, 0x2a, 0x56, 0x39, 0x21, 0xa9,
  0x8c, 0x37, 0x47, 0x2b, 0x56, 0x39, 0xf2, 0xa9, 0x8d, 0x37, 0x39, 0x2c,
  0x57, 0x39, 0xd1, 0xaa, 0x8d, 0x37, 0xda, 0x2c, 0x58, 0x39, 0xbb, 0xab,
  0x8e, 0x37, 0x87, 0x2d, 0x59, 0x39, 0x56, 0xac, 0x8f, 0x37, 0x3f, 0x2e,
  0x5a, 0x39, 0xd7, 0xac, 0x90, 0x37, 0x03, 0x2f, 0x5c, 0x39, 0x5f, 0xad,
  0x91, 0x37, 0xd3, 0x2f, 0x5d, 0x39, 0xee, 0xad, 0x92, 0x37, 0x58, 0x30,
  0x5f, 0x39, 0x81, 0xae, 0x93, 0x37, 0xcc, 0x30, 0x62, 0x39, 0x14, 0xaf,
  0x95, 0x37, 0x47, 0x31, 0x65, 0x39, 0xae, 0xaf, 0x97, 0x37, 0xc7, 0x31,
  0x69, 0x39, 0x25, 0xb0, 0x99, 0x37, 0x4f, 0x32, 0x6f, 0x39, 0x74, 0xb0,
  0x9d, 0x37, 0xdc, 0x32, 0x76, 0x39, 0xc5, 0xb0, 0xa1, 0x37, 0x70, 0x33,
  0x7f, 0x39, 0x14, 0xb1, 0xa7, 0x37, 0x05, 0x34, 0x88, 0x39, 0x66, 0xb1,
  0xac, 0x37, 0x54, 0x34, 0x94, 0x39, 0xb8, 0xb1, 0xb4, 0x37, 0xa5, 0x34,
  0xa3, 0x39, 0x0c, 0xb2, 0xbf, 0x37, 0xfa, 0x34, 0xb5, 0x39, 0x5d, 0xb2,
  0xcb, 0x37, 0x54, 0x35, 0xc9, 0x39, 0xa7, 0xb2, 0xd3, 0x37, 0xb7, 0x35,
  0xdc, 0x39, 0xeb, 0xb2, 0xd6, 0x37, 0x1d, 0x36, 0xf4, 0x39, 0x2b, 0xb3,
  0xdb, 0x37, 0x88, 0x36, 0x0a, 0x3a, 0x66, 0xb3, 0xd8, 0x37, 0xf5, 0x36,
  0x24, 0x3a, 0x99, 0xb3, 0xd5, 0x37, 0x67, 0x37, 0x40, 0x3a, 0xcb, 0xb3,
  0xd0, 0x37, 0xdb, 0x37, 0x5a, 0x3a, 0xf1, 0xb3, 0xc2, 0x37, 0x28, 0x38,
  0x75, 0x3a, 0x09, 0xb4, 0xaf, 0x37, 0x63, 0x38, 0x90, 0x3a, 0x16, 0xb4,
  0x96, 0x37, 0x9f, 0x38, 0xab, 0x3a, 0x1c, 0xb4, 0x75, 0x37, 0xdd, 0x38,
  0xca, 0x3a, 0x1a, 0xb4, 0x4e, 0x37, 0x1c, 0x39, 0xe3, 0x3a, 0x14, 0xb4,
  0x1a, 0x37, 0x5c, 0x39, 0xfe, 0x3a, 0x08, 0xb4, 0xe5, 0x36, 0x9b, 0x39,
  0x16, 0x3b, 0xef, 0xb3, 0xa3, 0x36, 0xda, 0x39, 0x2b, 0x3b, 0xc4, 0xb3,
  0x5b, 0x36, 0x17, 0x3a, 0x40, 0x3b, 0x8e, 0xb3, 0x0e, 0x36, 0x54, 0x3a,
  0x56, 0x3b, 0x48, 0xb3, 0xbb, 0x35, 0x92, 0x3a, 0x67, 0x3b, 0xf8, 0xb2,
  0x5f, 0x35, 0xce, 0x3a, 0x7a, 0x3b, 0xa4, 0xb2, 0x05, 0x35, 0x09, 0x3b,
  0x88, 0x3b, 0x45, 0xb2, 0xa2, 0x34, 0x43, 0x3b, 0x95, 0x3b, 0xe0, 0xb1,
  0x3f, 0x34, 0x7b, 0x3b, 0xa1, 0x3b, 0x6b, 0xb1, 0xb5, 0x33, 0xb4, 0x3b,
  0xae, 0x3b, 0xf5, 0xb0, 0xea, 0x32, 0xea, 0x3b, 0xb7, 0x3b, 0x7c, 0xb0,
  0x26, 0x32, 0x0f, 0x3c, 0xbf, 0x3b, 0xe6, 0xaf, 0x5f, 0x31, 0x26, 0x3c,
  0xc2, 0x3b, 0xd1, 0xae, 0xa2, 0x30, 0x3b, 0x3c, 0xc8, 0x3b, 0xb4, 0xad,
  0xc6, 0x2f, 0x4e, 0x3c, 0xd1, 0x3b, 0x99, 0xac, 0x3e, 0x2e, 0x60, 0x3c,
  0xdc, 0x3b, 0xd7, 0xaa, 0xac, 0x2c, 0x6f, 0x3c, 0xe9, 0x3b, 0x8d, 0xa8,
  0x30, 0x2a, 0x7e, 0x3c, 0xf6, 0x3b, 0x84, 0xa4, 0x21, 0x26, 0x8b, 0x3c,
  0x00, 0x3c, 0x0b, 0x0e, 0xef, 0x8a, 0x97, 0x3c, 0x35, 0x39, 0xa1, 0x80,
  0xbf, 0x37, 0xd9, 0x00, 0x27, 0x39, 0xe9, 0x8b, 0xaa, 0x37, 0x51, 0x0d,
  0x27, 0x39, 0xe8, 0x93, 0xa9, 0x37, 0x51, 0x15, 0x27, 0x39, 0x73, 0x98,
  0xa9, 0x37, 0xfb, 0x19, 0x27, 0x39, 0xe8, 0x9b, 0xa9, 0x37, 0x51, 0x1d,
  0x27, 0x39, 0x2d, 0x9e, 0xa9, 0x37, 0x27, 0x20, 0x27, 0x39, 0x72, 0xa0,
  0xa9, 0x37, 0xfb, 0x21, 0x27, 0x39, 0x0d, 0xa2, 0xa9, 0x37, 0x12, 0x24,
  0x27, 0x39, 0xe7, 0xa3, 0xa9, 0x37, 0x51, 0x25, 0x27, 0x39, 0x00, 0xa5,
  0xa9, 0x37, 0xbb, 0x26, 0x27, 0x39, 0x2c, 0xa6, 0xaa, 0x37, 0x28, 0x28,
  0x27, 0x39, 0x77, 0xa7, 0xaa, 0x37, 0x08, 0x29, 0x28, 0x39, 0x71, 0xa8,
  0xaa, 0x37, 0xfe, 0x29, 0x28, 0x39, 0x35, 0xa9, 0xaa, 0x37, 0x09, 0x2b,
  0x28, 0x39, 0x09, 0xaa, 0xab, 0x37, 0x15, 0x2c, 0x29, 0x39, 0xec, 0xaa,
  0xab, 0x37, 0xb1, 0x2c, 0x2a, 0x39, 0xd5, 0xab, 0xac, 0x37, 0x58, 0x2d,
  0x2b, 0x39, 0x66, 0xac, 0xad, 0x37, 0x0a, 0x2e, 0x2c, 0x39, 0xea, 0xac,
  0xae, 0x37, 0xc9, 0x2e, 0x2e, 0x39, 0x75, 0xad, 0xaf, 0x37, 0x92, 0x2f,
  0x30, 0x39, 0x05, 0xae, 0xb1, 0x37, 0x34, 0x30, 0x32, 0x39, 0x98, 0xae,
  0xb3, 0x37, 0xa5, 0x30, 0x35, 0x39, 0x2f, 0xaf, 0xb4, 0x37, 0x1c, 0x31,
  0x39, 0x39, 0xcc, 0xaf, 0xb7, 0x37, 0x99, 0x31, 0x3d, 0x39, 0x35, 0xb0,
  0xba, 0x37, 0x1d, 0x32, 0x43, 0x39, 0x85, 0xb0, 0xbe, 0x37, 0xa7, 0x32,
  0x4a, 0x39, 0xd7, 0xb0, 0xc3, 0x37, 0x38, 0x33, 0x53, 0x39, 0x28, 0xb1,
  0xc8, 0x37, 0xce, 0x33, 0x5d, 0x39, 0x7b, 0xb1, 0xcf, 0x37, 0x35, 0x34,
  0x6b, 0x39, 0xce, 0xb1, 0xd9, 0x37, 0x86, 0x34, 0x7c, 0x39, 0x22, 0xb2,
  0xe7, 0x37, 0xda, 0x34, 0x8e, 0x39, 0x75, 0xb2, 0xf4, 0x37, 0x32, 0x35,
  0xa1, 0x39, 0xc2, 0xb2, 0xfb, 0x37, 0x91, 0x35, 0xb6, 0x39, 0x08, 0xb3,
  0x00, 0x38, 0xf6, 0x35, 0xcf, 0x39, 0x4a, 0xb3, 0x03, 0x38, 0x61, 0x36,
  0xe9, 0x39, 0x88, 0xb3, 0x04, 0x38, 0xcf, 0x36, 0x04, 0x3a, 0xbd, 0xb3,
  0x04, 0x38, 0x40, 0x37, 0x20, 0x3a, 0xef, 0xb3, 0x00, 0x38, 0xb4, 0x37,
  0x3d, 0x3a, 0x0b, 0xb4, 0xf4, 0x37, 0x15, 0x38, 0x5a, 0x3a, 0x1c, 0xb4,
  0xe2, 0x37, 0x51, 0x38, 0x77, 0x3a, 0x29, 0xb4, 0xca, 0x37, 0x8d, 0x38,
  0x93, 0x3a, 0x30, 0xb4, 0xa7, 0x37, 0xca, 0x38, 0xb0, 0x3a, 0x31, 0xb4,
  0x80, 0x37, 0x0a, 0x39, 0xcc, 0x3a, 0x2a, 0xb4, 0x4d, 0x37, 0x4a, 0x39,
  0xe9, 0x3a, 0x1e, 0xb4, 0x15, 0x37, 0x8b, 0x39, 0x03, 0x3b, 0x0d, 0xb4,
  0xd3, 0x36, 0xca, 0x39, 0x1c, 0x3b, 0xf0, 0xb3, 0x8b, 0x36, 0x09, 0x3a,
  0x32, 0x3b, 0xba, 0xb3, 0x3c, 0x36, 0x47, 0x3a, 0x46, 0x3b, 0x79, 0xb3,
  0xe5, 0x35, 0x84, 0x3a, 0x5c, 0x3b, 0x26, 0xb3, 0x8c, 0x35, 0xc3, 0x3a,
  0x6e, 0x3b, 0xcd, 0xb2, 0x2a, 0x35, 0xff, 0x3a, 0x7f, 0x3b, 0x6e, 0xb2,
  0xc7, 0x34, 0x39, 0x3b, 0x8d, 0x3b, 0x07, 0xb2, 0x60, 0x34, 0x73, 0x3b,
  0x99, 0x3b, 0x94, 0xb1, 0xef, 0x33, 0xac, 0x3b, 0xa6, 0x3b, 0x16, 0xb1,
  0x1f, 0x33, 0xe4, 0x3b, 0xb2, 0x3b, 0x99, 0xb0, 0x52, 0x32, 0x0d, 0x3c,
  0xba, 0x3b, 0x14, 0xb0, 0x89, 0x31, 0x25, 0x3c, 0xc0, 0x3b, 0x07, 0xaf,
  0xc4, 0x30, 0x3a, 0x3c, 0xc5, 0x3b, 0xde, 0xad, 0x00, 0x30, 0x4e, 0x3c,
  0xce, 0x3b, 0xbc, 0xac, 0x70, 0x2e, 0x60, 0x3c, 0xda, 0x3b, 0x15, 0xab,
  0xd3, 0x2c, 0x70, 0x3c, 0xe8, 0x3b, 0xb2, 0xa8, 0x63, 0x2a, 0x7f, 0x3c,
  0xf5, 0x3b, 0x9e, 0xa4, 0x4d, 0x26, 0x8c, 0x3c, 0x00, 0x3c, 0x88, 0x0b,
  0x2b, 0x8a, 0x99, 0x3c, 0xe9, 0x38, 0xa2, 0x80, 0xac, 0x37, 0xcf, 0x00,
  0xf9, 0x38, 0x02, 0x8c, 0xc4, 0x37, 0x21, 0x0d, 0xf9, 0x38, 0x02, 0x94,
  0xc4, 0x37, 0x21, 0x15, 0xf8, 0x38, 0x81, 0x98, 0xc3, 0x37, 0xc5, 0x19,
  0xf8, 0x38, 0x01, 0x9c, 0xc3, 0x37, 0x21, 0x1d, 0xf8, 0x38, 0x42, 0x9e,
  0xc3, 0x37, 0x02, 0x20, 0xf8, 0x38, 0x81, 0xa0, 0xc3, 0x37, 0xc5, 0x21,
  0xf8, 0x38, 0x22, 0xa2, 0xc3, 0x37, 0xdb, 0x23, 0xf8, 0x38, 0x01, 0xa4,
  0xc3, 0x37, 0x21, 0x25, 0xf8, 0x38, 0x11, 0xa5, 0xc3, 0x37, 0x7e, 0x26,
  0xf8, 0x38, 0x41, 0xa6, 0xc3, 0x37, 0x02, 0x28, 0xf9, 0x38, 0x90, 0xa7,
  0xc4, 0x37, 0xdb, 0x28, 0xf9, 0x38, 0x80, 0xa8, 0xc4, 0x37, 0xc8, 0x29,
  0xf9, 0x38, 0x47, 0xa9, 0xc4, 0x37, 0xca, 0x2a, 0xfa, 0x38, 0x1d, 0xaa,
  0xc5, 0x37, 0xe1, 0x2b, 0xfa, 0x38, 0x02, 0xab, 0xc5, 0x37, 0x87, 0x2c,
  0xfc, 0x38, 0xee, 0xab, 0xc6, 0x37, 0x28, 0x2d, 0xfd, 0x38, 0x75, 0xac,
  0xc8, 0x37, 0xd5, 0x2d, 0xfe, 0x38, 0xfb, 0xac, 0xc9, 0x37, 0x8d, 0x2e,
  0x00, 0x39, 0x87, 0xad, 0xca, 0x37, 0x50, 0x2f, 0x02, 0x39, 0x19, 0xae,
  0xcc, 0x37, 0x10, 0x30, 0x04, 0x39, 0xad, 0xae, 0xce, 0x37, 0x7d, 0x30,
  0x07, 0x39, 0x47, 0xaf, 0xd0, 0x37, 0xf1, 0x30, 0x0b, 0x39, 0xe6, 0xaf,
  0xd2, 0x37, 0x6b, 0x31, 0x10, 0x39, 0x43, 0xb0, 0xd6, 0x37, 0xeb, 0x31,
  0x16, 0x39, 0x94, 0xb0, 0xda, 0x37, 0x72, 0x32, 0x1e, 0x39, 0xe6, 0xb0,
  0xdf, 0x37, 0xff, 0x32, 0x27, 0x39, 0x38, 0xb1, 0xe6, 0x37, 0x92, 0x33,
  0x33, 0x39, 0x8c, 0xb1, 0xf0, 0x37, 0x16, 0x34, 0x42, 0x39, 0xe0, 0xb1,
  0xfc, 0x37, 0x66, 0x34, 0x54, 0x39, 0x35, 0xb2, 0x06, 0x38, 0xba, 0x34,
  0x65, 0x39, 0x89, 0xb2, 0x0b, 0x38, 0x0f, 0x35, 0x78, 0x39, 0xda, 0xb2,
  0x10, 0x38, 0x6a, 0x35, 0x91, 0x39, 0x22, 0xb3, 0x15, 0x38, 0xd0, 0x35,
  0xab, 0x39, 0x67, 0xb3, 0x19, 0x38, 0x3a, 0x36, 0xc5, 0x39, 0xa5, 0xb3,
  0x1a, 0x38, 0xa7, 0x36, 0xe2, 0x39, 0xdc, 0xb3, 0x1a, 0x38, 0x18, 0x37,
  0x00, 0x3a, 0x08, 0xb4, 0x18, 0x38, 0x8d, 0x37, 0x1f, 0x3a, 0x1c, 0xb4,
  0x12, 0x38, 0x02, 0x38, 0x3d, 0x3a, 0x2e, 0xb4, 0x09, 0x38, 0x3e, 0x38,
  0x5c, 0x3a, 0x3b, 0xb4, 0xfa, 0x37, 0x7b, 0x38, 0x7c, 0x3a, 0x43, 0xb4,
  0xdb, 0x37, 0xb9, 0x38, 0x99, 0x3a, 0x46, 0xb4, 0xb3, 0x37, 0xf8, 0x38,
  0xb7, 0x3a, 0x41, 0xb4, 0x80, 0x37, 0x39, 0x39, 0xd3, 0x3a, 0x34, 0xb4,
  0x43, 0x37, 0x7a, 0x39, 0xf0, 0x3a, 0x23, 0xb4, 0x02, 0x37, 0xbb, 0x39,
  0x0b, 0x3b, 0x0d, 0xb4, 0xb7, 0x36, 0xfb, 0x39, 0x22, 0x3b, 0xe3, 0xb3,
  0x66, 0x36, 0x39, 0x3a, 0x39, 0x3b, 0xa4, 0xb3, 0x10, 0x36, 0x78, 0x3a,
  0x4f, 0x3b, 0x53, 0xb3, 0xb2, 0x35, 0xb6, 0x3a, 0x62, 0x3b, 0xf7, 0xb2,
  0x4f, 0x35, 0xf4, 0x3a, 0x78, 0x3b, 0x94, 0xb2, 0xeb, 0x34, 0x30, 0x3b,
  0x84, 0x3b, 0x2a, 0xb2, 0x80, 0x34, 0x6a, 0x3b, 0x93, 0x3b, 0xba, 0xb1,
  0x16, 0x34, 0xa4, 0x3b, 0x9e, 0x3b, 0x3c, 0xb1, 0x54, 0x33, 0xde, 0x3b,
  0xac, 0x3b, 0xb6, 0xb0, 0x80, 0x32, 0x0a, 0x3c, 0xb6, 0x3b, 0x2e, 0xb0,
  0xb2, 0x31, 0x23, 0x3c, 0xbf, 0x3b, 0x3d, 0xaf, 0xe5, 0x30, 0x3a, 0x3c,
  0xc3, 0x3b, 0x0e, 0xae, 0x1e, 0x30, 0x4e, 0x3c, 0xcc, 0x3b, 0xd6, 0xac,
  0x9d, 0x2e, 0x60, 0x3c, 0xd7, 0x3b, 0x52, 0xab, 0xf9, 0x2c, 0x71, 0x3c,
  0xe6, 0x3b, 0xd7, 0xa8, 0x96, 0x2a, 0x80, 0x3c, 0xf5, 0x3b, 0xc6, 0xa4,
  0x83, 0x26, 0x8e, 0x3c, 0x00, 0x3c, 0x72, 0x10, 0xa0, 0x8c, 0x9b, 0x3c,
  0xbe, 0x38, 0xa4, 0x80, 0xc7, 0x37, 0xc9, 0x00, 0xca, 0x38, 0x0d, 0x8c,
  0xda, 0x37, 0xf1, 0x0c, 0xc9, 0x38, 0x0c, 0x94, 0xd8, 0x37, 0xf0, 0x14,
  0xc9, 0x38, 0x8e, 0x98, 0xd8, 0x37, 0x8e, 0x19, 0xc9, 0x38, 0x0c, 0x9c,
  0xd8, 0x37, 0xf0, 0x1c, 0xc9, 0x38, 0x53, 0x9e, 0xd8, 0x37, 0xb7, 0x1f,
  0xc9, 0x38, 0x8e, 0xa0, 0xd8, 0x37, 0x8e, 0x21, 0xc9, 0x38, 0x33, 0xa2,
  0xd8, 0x37, 0x90, 0x23, 0xc9, 0x38, 0x0c, 0xa4, 0xd9, 0x37, 0xf0, 0x24,
  0xc9, 0x38, 0x1f, 0xa5, 0xd9, 0x37, 0x40, 0x26, 0xc9, 0x38, 0x52, 0xa6,
  0xd9, 0x37, 0xb9, 0x27, 0xc9, 0x38, 0xa5, 0xa7, 0xd9, 0x37, 0xac, 0x28,
  0xc9, 0x38, 0x8c, 0xa8, 0xd9, 0x37, 0x91, 0x29, 0xca, 0x38, 0x55, 0xa9,
  0xda, 0x37, 0x89, 0x2a, 0xca, 0x38, 0x2e, 0xaa, 0xda, 0x37, 0x96, 0x2b,
  0xcb, 0x38, 0x14, 0xab, 0xdb, 0x37, 0x5c, 0x2c, 0xcc, 0x38, 0x01, 0xac,
  0xdc, 0x37, 0xf8, 0x2c, 0xce, 0x38, 0x81, 0xac, 0xde, 0x37, 0x9f, 0x2d,
  0xcf, 0x38, 0x08, 0xad, 0xdf, 0x37, 0x50, 0x2e, 0xd1, 0x38, 0x96, 0xad,
  0xe0, 0x37, 0x0d, 0x2f, 0xd3, 0x38, 0x29, 0xae, 0xe2, 0x37, 0xd5, 0x2f,
  0xd5, 0x38, 0xbf, 0xae, 0xe4, 0x37, 0x55, 0x30, 0xd8, 0x38, 0x5a, 0xaf,
  0xe7, 0x37, 0xc5, 0x30, 0xdd, 0x38, 0xfa, 0xaf, 0xea, 0x37, 0x3b, 0x31,
  0xe3, 0x38, 0x4e, 0xb0, 0xef, 0x37, 0xb8, 0x31, 0xe8, 0x38, 0xa0, 0xb0,
  0xf3, 0x37, 0x3b, 0x32, 0xf1, 0x38, 0xf3, 0xb0, 0xfa, 0x37, 0xc6, 0x32,
  0xfa, 0x38, 0x47, 0xb1, 0x00, 0x38, 0x55, 0x33, 0x08, 0x39, 0x9b, 0xb1,
  0x06, 0x38, 0xee, 0x33, 0x19, 0x39, 0xf0, 0xb1, 0x0e, 0x38, 0x46, 0x34,
  0x29, 0x39, 0x45, 0xb2, 0x14, 0x38, 0x98, 0x34, 0x3b, 0x39, 0x98, 0xb2,
  0x1a, 0x38, 0xed, 0x34, 0x52, 0x39, 0xed, 0xb2, 0x22, 0x38, 0x46, 0x35,
  0x69, 0x39, 0x37, 0xb3, 0x27, 0x38, 0xa8, 0x35, 0x85, 0x39, 0x80, 0xb3,
  0x2c, 0x38, 0x11, 0x36, 0xa2, 0x39, 0xbf, 0xb3, 0x2f, 0x38, 0x7f, 0x36,
  0xc1, 0x39, 0xf9, 0xb3, 0x31, 0x38, 0xf0, 0x36, 0xe0, 0x39, 0x17, 0xb4,
  0x2e, 0x38, 0x65, 0x37, 0x01, 0x3a, 0x2c, 0xb4, 0x29, 0x38, 0xdc, 0x37,
  0x22, 0x3a, 0x3d, 0xb4, 0x21, 0x38, 0x2b, 0x38, 0x41, 0x3a, 0x4b, 0xb4,
  0x14, 0x38, 0x68, 0x38, 0x61, 0x3a, 0x54, 0xb4, 0x04, 0x38, 0xa7, 0x38,
  0x80, 0x3a, 0x57, 0xb4, 0xdf, 0x37, 0xe6, 0x38, 0xa1, 0x3a, 0x55, 0xb4,
  0xb0, 0x37, 0x26, 0x39, 0xc1, 0x3a, 0x4a, 0xb4, 0x75, 0x37, 0x6a, 0x39,
  0xdc, 0x3a, 0x37, 0xb4, 0x2d, 0x37, 0xab, 0x39, 0xf8, 0x3a, 0x21, 0xb4,
  0xe2, 0x36, 0xec, 0x39, 0x14, 0x3b, 0x05, 0xb4, 0x92, 0x36, 0x2c, 0x3a,
  0x2b, 0x3b, 0xc9, 0xb3, 0x38, 0x36, 0x6b, 0x3a, 0x41, 0x3b, 0x7d, 0xb3,
  0xd8, 0x35, 0xaa, 0x3a, 0x58, 0x3b, 0x20, 0xb3, 0x75, 0x35, 0xe9, 0x3a,
  0x6c, 0x3b, 0xba, 0xb2, 0x0d, 0x35, 0x26, 0x3b, 0x7e, 0x3b, 0x4d, 0xb2,
  0xa0, 0x34, 0x62, 0x3b, 0x8c, 0x3b, 0xd9, 0xb1, 0x31, 0x34, 0x9d, 0x3b,
  0x99, 0x3b, 0x60, 0xb1, 0x88, 0x33, 0xd7, 0x3b, 0xa6, 0x3b, 0xd6, 0xb0,
  0xab, 0x32, 0x08, 0x3c, 0xb1, 0x3b, 0x48, 0xb0, 0xd8, 0x31, 0x22, 0x3c,
  0xb9, 0x3b, 0x6c, 0xaf, 0x06, 0x31, 0x39, 0x3c, 0xc0, 0x3b, 0x3d, 0xae,
  0x3b, 0x30, 0x4e, 0x3c, 0xc9, 0x3b, 0xfc, 0xac, 0xcc, 0x2e, 0x61, 0x3c,
  0xd6, 0x3b, 0x7d, 0xab, 0x1b, 0x2d, 0x72, 0x3c, 0xe5, 0x3b, 0xff, 0xa8,
  0xca, 0x2a, 0x81, 0x3c, 0xf4, 0x3b, 0xf8, 0xa4, 0xbd, 0x26, 0x90, 0x3c,
  0x00, 0x3c, 0x6d, 0x10, 0x5f, 0x8a, 0x9d, 0x3c, 0x99, 0x38, 0xa6, 0x80,
  0xea, 0x37, 0xc1, 0x00, 0x99, 0x38, 0x15, 0x8c, 0xea, 0x37, 0xbe, 0x0c,
  0x99, 0x38, 0x15, 0x94, 0xea, 0x37, 0xbe, 0x14, 0x98, 0x38, 0x98, 0x98,
  0xe9, 0x37, 0x56, 0x19, 0x98, 0x38, 0x15, 0x9c, 0xe9, 0x37, 0xbe, 0x1c,
  0x98, 0x38, 0x61, 0x9e, 0xe9, 0x37, 0x69, 0x1f, 0x98, 0x38, 0x97, 0xa0,
  0xe9, 0x37, 0x56, 0x21, 0x98, 0x38, 0x40, 0xa2, 0xe9, 0x37, 0x43, 0x23,
  0x98, 0x38, 0x15, 0xa4, 0xe9, 0x37, 0xbf, 0x24, 0x99, 0x38, 0x2a, 0xa5,
  0xea, 0x37, 0x02, 0x26, 0x99, 0x38, 0x5f, 0xa6, 0xea, 0x37, 0x6b, 0x27,
  0x99, 0x38, 0xb5, 0xa7, 0xea, 0x37, 0x7d, 0x28, 0x99, 0x38, 0x95, 0xa8,
  0xea, 0x37, 0x59, 0x29, 0x9a, 0x38, 0x60, 0xa9, 0xeb, 0x37, 0x48, 0x2a,
  0x9a, 0x38, 0x3b, 0xaa, 0xeb, 0x37, 0x4b, 0x2b, 0x9b, 0x38, 0x22, 0xab,
  0xec, 0x37, 0x31, 0x2c, 0x9c, 0x38, 0x09, 0xac, 0xee, 0x37, 0xc7, 0x2c,
  0x9e, 0x38, 0x8a, 0xac, 0xef, 0x37, 0x68, 0x2d, 0x9f, 0x38, 0x13, 0xad,
  0xf0, 0x37, 0x13, 0x2e, 0xa1, 0x38, 0xa2, 0xad, 0xf2, 0x37, 0xc9, 0x2e,
  0xa3, 0x38, 0x34, 0xae, 0xf4, 0x37, 0x8b, 0x2f, 0xa6, 0x38, 0xcc, 0xae,
  0xf7, 0x37, 0x2c, 0x30, 0xa9, 0x38, 0x6a, 0xaf, 0xf9, 0x37, 0x98, 0x30,
  0xae, 0x38, 0x05, 0xb0, 0xfe, 0x37, 0x0b, 0x31, 0xb3, 0x38, 0x57, 0xb0,
  0x01, 0x38, 0x84, 0x31, 0xba, 0x38, 0xaa, 0xb0, 0x04, 0x38, 0x04, 0x32,
  0xc3, 0x38, 0xfd, 0xb0, 0x07, 0x38, 0x8b, 0x32, 0xce, 0x38, 0x52, 0xb1,
  0x0d, 0x38, 0x19, 0x33, 0xdd, 0x38, 0xa7, 0xb1, 0x14, 0x38, 0xae, 0x33,
  0xec, 0x38, 0xfc, 0xb1, 0x1a, 0x38, 0x25, 0x34, 0xfd, 0x38, 0x52, 0xb2,
  0x21, 0x38, 0x76, 0x34, 0x13, 0x39, 0xa6, 0xb2, 0x2a, 0x38, 0xca, 0x34,
  0x29, 0x39, 0xfb, 0xb2, 0x31, 0x38, 0x22, 0x35, 0x43, 0x39, 0x4a, 0xb3,
  0x39, 0x38, 0x80, 0x35, 0x5e, 0x39, 0x93, 0xb3, 0x3d, 0x38, 0xe8, 0x35,
  0x7c, 0x39, 0xd6, 0xb3, 0x41, 0x38, 0x55, 0x36, 0x9c, 0x39, 0x08, 0xb4,
  0x43, 0x38, 0xc7, 0x36, 0xbe, 0x39, 0x24, 0xb4, 0x42, 0x38, 0x3c, 0x37,
  0xdf, 0x39, 0x3a, 0xb4, 0x3d, 0x38, 0xb5, 0x37, 0x01, 0x3a, 0x4c, 0xb4,
  0x35, 0x38, 0x18, 0x38, 0x24, 0x3a, 0x5a, 0xb4, 0x29, 0x38, 0x56, 0x38,
  0x48, 0x3a, 0x63, 0xb4, 0x1b, 0x38, 0x95, 0x38, 0x68, 0x3a, 0x67, 0xb4,
  0x06, 0x38, 0xd5, 0x38, 0x89, 0x3a, 0x66, 0xb4, 0xdb, 0x37, 0x15, 0x39,
  0xab, 0x3a, 0x5d, 0xb4, 0xa1, 0x37, 0x57, 0x39, 0xc9, 0x3a, 0x4b, 0xb4,
  0x5a, 0x37, 0x9b, 0x39, 0xe5, 0x3a, 0x34, 0xb4, 0x0c, 0x37, 0xdd, 0x39,
  0x04, 0x3b, 0x18, 0xb4, 0xb9, 0x36, 0x1f, 0x3a, 0x1d, 0x3b, 0xed, 0xb3,
  0x60, 0x36, 0x5f, 0x3a, 0x34, 0x3b, 0xa1, 0xb3, 0xfe, 0x35, 0x9e, 0x3a,
  0x4c, 0x3b, 0x4a, 0xb3, 0x99, 0x35, 0xde, 0x3a, 0x60, 0x3b, 0xe0, 0xb2,
  0x2c, 0x35, 0x1c, 0x3b, 0x73, 0x3b, 0x6e, 0xb2, 0xbf, 0x34, 0x58, 0x3b,
  0x86, 0x3b, 0xf8, 0xb1, 0x4f, 0x34, 0x95, 0x3b, 0x93, 0x3b, 0x7d, 0xb1,
  0xba, 0x33, 0xd1, 0x3b, 0xa1, 0x3b, 0xf8, 0xb0, 0xd8, 0x32, 0x05, 0x3c,
  0xac, 0x3b, 0x64, 0xb0, 0xfa, 0x31, 0x21, 0x3c, 0xb6, 0x3b, 0x99, 0xaf,
  0x24, 0x31, 0x38, 0x3c, 0xbb, 0x3b, 0x64, 0xae, 0x56, 0x30, 0x4e, 0x3c,
  0xc5, 0x3b, 0x27, 0xad, 0xfc, 0x2e, 0x61, 0x3c, 0xd4, 0x3b, 0xac, 0xab,
  0x3d, 0x2d, 0x73, 0x3c, 0xe3, 0x3b, 0x1e, 0xa9, 0xfd, 0x2a, 0x83, 0x3c,
  0xf4, 0x3b, 0x16, 0xa5, 0xe6, 0x26, 0x91, 0x3c, 0x00, 0x3c, 0x71, 0x0c,
  0x42, 0x88, 0x9f, 0x3c, 0x4f, 0x38, 0xa6, 0x80, 0xca, 0x37, 0xb8, 0x00,
  0x68, 0x38, 0x1b, 0x8c, 0xf6, 0x37, 0x8c, 0x0c, 0x68, 0x38, 0x1b, 0x94,
  0xf6, 0x37, 0x8c, 0x14, 0x68, 0x38, 0x9f, 0x98, 0xf7, 0x37, 0x1e, 0x19,
  0x68, 0x38, 0x1b, 0x9c, 0xf6, 0x37, 0x8c, 0x1c, 0x68, 0x38, 0x6b, 0x9e,
  0xf6, 0x37, 0x1a, 0x1f, 0x68, 0x38, 0x9f, 0xa0, 0xf6, 0x37, 0x1d, 0x21,
  0x68, 0x38, 0x49, 0xa2, 0xf6, 0x37, 0xf6, 0x22, 0x68, 0x38, 0x1b, 0xa4,
  0xf6, 0x37, 0x8c, 0x24, 0x68, 0x38, 0x32, 0xa5, 0xf6, 0x37, 0xc2, 0x25,
  0x68, 0x38, 0x69, 0xa6, 0xf6, 0x37, 0x1d, 0x27, 0x68, 0x38, 0xc1, 0xa7,
  0xf6, 0x37, 0x4e, 0x28, 0x69, 0x38, 0x9c, 0xa8, 0xf7, 0x37, 0x21, 0x29,
  0x69, 0x38, 0x68, 0xa9, 0xf7, 0x37, 0x06, 0x2a, 0x6a, 0x38, 0x44, 0xaa,
  0xf8, 0x37, 0xff, 0x2a, 0x6b, 0x38, 0x2a, 0xab, 0xf9, 0x37, 0x06, 0x2c,
  0x6c, 0x38, 0x0f, 0xac, 0xfb, 0x37, 0x96, 0x2c, 0x6d, 0x38, 0x90, 0xac,
  0xfc, 0x37, 0x30, 0x2d, 0x6f, 0x38, 0x1a, 0xad, 0xfd, 0x37, 0xd5, 0x2d,
  0x70, 0x38, 0xaa, 0xad, 0xff, 0x37, 0x85, 0x2e, 0x73, 0x38, 0x3c, 0xae,
  0x01, 0x38, 0x3f, 0x2f, 0x76, 0x38, 0xd6, 0xae, 0x02, 0x38, 0x03, 0x30,
  0x79, 0x38, 0x75, 0xaf, 0x04, 0x38, 0x6c, 0x30, 0x7e, 0x38, 0x0b, 0xb0,
  0x06, 0x38, 0xdb, 0x30, 0x84, 0x38, 0x5d, 0xb0, 0x08, 0x38, 0x50, 0x31,
  0x8b, 0x38, 0xb1, 0xb0, 0x0c, 0x38, 0xcc, 0x31, 0x95, 0x38, 0x05, 0xb1,
  0x10, 0x38, 0x50, 0x32, 0xa2, 0x38, 0x5b, 0xb1, 0x17, 0x38, 0xdb, 0x32,
  0xaf, 0x38, 0xb0, 0xb1, 0x1d, 0x38, 0x6d, 0x33, 0xbf, 0x38, 0x06, 0xb2,
  0x24, 0x38, 0x03, 0x34, 0xd4, 0x38, 0x5c, 0xb2, 0x2e, 0x38, 0x54, 0x34,
  0xe9, 0x38, 0xb2, 0xb2, 0x37, 0x38, 0xa7, 0x34, 0x02, 0x39, 0x07, 0xb3,
  0x41, 0x38, 0xff, 0x34, 0x1a, 0x39, 0x58, 0xb3, 0x47, 0x38, 0x5a, 0x35,
  0x38, 0x39, 0xa4, 0xb3, 0x4e, 0x38, 0xbf, 0x35, 0x56, 0x39, 0xe8, 0xb3,
  0x52, 0x38, 0x2c, 0x36, 0x77, 0x39, 0x13, 0xb4, 0x54, 0x38, 0x9d, 0x36,
  0x9a, 0x39, 0x2f, 0xb4, 0x53, 0x38, 0x12, 0x37, 0xbe, 0x39, 0x46, 0xb4,
  0x50, 0x38, 0x8c, 0x37, 0xe0, 0x39, 0x58, 0xb4, 0x48, 0x38, 0x03, 0x38,
  0x08, 0x3a, 0x68, 0xb4, 0x3e, 0x38, 0x43, 0x38, 0x2a, 0x3a, 0x71, 0xb4,
  0x2d, 0x38, 0x82, 0x38, 0x4d, 0x3a, 0x75, 0xb4, 0x19, 0x38, 0xc3, 0x38,
  0x73, 0x3a, 0x75, 0xb4, 0x02, 0x38, 0x05, 0x39, 0x94, 0x3a, 0x6f, 0xb4,
  0xca, 0x37, 0x46, 0x39, 0xb6, 0x3a, 0x5f, 0xb4, 0x87, 0x37, 0x8b, 0x39,
  0xd5, 0x3a, 0x47, 0xb4, 0x36, 0x37, 0xce, 0x39, 0xf2, 0x3a, 0x2a, 0xb4,
  0xe0, 0x36, 0x11, 0x3a, 0x0e, 0x3b, 0x08, 0xb4, 0x84, 0x36, 0x52, 0x3a,
  0x27, 0x3b, 0xc2, 0xb3, 0x22, 0x36, 0x93, 0x3a, 0x3e, 0x3b, 0x6c, 0xb3,
  0xb7, 0x35, 0xd3, 0x3a, 0x54, 0x3b, 0x07, 0xb3, 0x4b, 0x35, 0x12, 0x3b,
  0x6c, 0x3b, 0x92, 0xb2, 0xdd, 0x34, 0x51, 0x3b, 0x7d, 0x3b, 0x18, 0xb2,
  0x6a, 0x34, 0x8e, 0x3b, 0x8e, 0x3b, 0x99, 0xb1, 0xeb, 0x33, 0xcc, 0x3b,
  0x9b, 0x3b, 0x13, 0xb1, 0x02, 0x33, 0x03, 0x3c, 0xa8, 0x3b, 0x83, 0xb0,
  0x21, 0x32, 0x1f, 0x3c, 0xb3, 0x3b, 0xc7, 0xaf, 0x43, 0x31, 0x38, 0x3c,
  0xb8, 0x3b, 0x88, 0xae, 0x70, 0x30, 0x4e, 0x3c, 0xc3, 0x3b, 0x44, 0xad,
  0x29, 0x2f, 0x62, 0x3c, 0xd0, 0x3b, 0xf1, 0xab, 0x66, 0x2d, 0x74, 0x3c,
  0xe1, 0x3b, 0x3f, 0xa9, 0x26, 0x2b, 0x84, 0x3c, 0xf3, 0x3b, 0x28, 0xa5,
  0x0c, 0x27, 0x93, 0x3c, 0x00, 0x3c, 0x7a, 0x0c, 0x12, 0x87, 0xa1, 0x3c,
  0x34, 0x38, 0xa8, 0x80, 0xf8, 0x37, 0xb1, 0x00, 0x36, 0x38, 0x1f, 0x8c,
  0xfd, 0x37, 0x59, 0x0c, 0x36, 0x38, 0x1f, 0x94, 0xfd, 0x37, 0x59, 0x14,
  0x36, 0x38, 0xa3, 0x98, 0xfd, 0x37, 0xe4, 0x18, 0x36, 0x38, 0x1f, 0x9c,
  0xfd, 0x37, 0x59, 0x1c, 0x36, 0x38, 0x71, 0x9e, 0xfd, 0x37, 0xcb, 0x1e,
  0x36, 0x38, 0xa3, 0xa0, 0xfd, 0x37, 0xe4, 0x20, 0x36, 0x38, 0x4f, 0xa2,
  0xfd, 0x37, 0xa9, 0x22, 0x37, 0x38, 0x1f, 0xa4, 0xfd, 0x37, 0x5a, 0x24,
  0x37, 0x38, 0x37, 0xa5, 0xfe, 0x37, 0x82, 0x25, 0x37, 0x38, 0x6f, 0xa6,
  0xfe, 0x37, 0xcd, 0x26, 0x37, 0x38, 0xc8, 0xa7, 0xfe, 0x37, 0x1e, 0x28,
  0x37, 0x38, 0xa1, 0xa8, 0xfe, 0x37, 0xe8, 0x28, 0x38, 0x38, 0x6d, 0xa9,
  0xff, 0x37, 0xc3, 0x29, 0x39, 0x38, 0x49, 0xaa, 0x00, 0x38, 0xb2, 0x2a,
  0x3a, 0x38, 0x2f, 0xab, 0x01, 0x38, 0xb3, 0x2b, 0x3b, 0x38, 0x12, 0xac,
  0x01, 0x38, 0x64, 0x2c, 0x3c, 0x38, 0x95, 0xac, 0x02, 0x38, 0xf8, 0x2c,
  0x3e, 0x38, 0x1e, 0xad, 0x03, 0x38, 0x97, 0x2d, 0x40, 0x38, 0xaf, 0xad,
  0x04, 0x38, 0x3f, 0x2e, 0x42, 0x38, 0x42, 0xae, 0x05, 0x38, 0xf3, 0x2e,
  0x45, 0x38, 0xdc, 0xae, 0x07, 0x38, 0xb2, 0x2f, 0x49, 0x38, 0x7b, 0xaf,
  0x09, 0x38, 0x3e, 0x30, 0x4e, 0x38, 0x0e, 0xb0, 0x0b, 0x38, 0xaa, 0x30,
  0x54, 0x38, 0x61, 0xb0, 0x0e, 0x38, 0x1c, 0x31, 0x5c, 0x38, 0xb5, 0xb0,
  0x12, 0x38, 0x94, 0x31, 0x67, 0x38, 0x0a, 0xb1, 0x18, 0x38, 0x15, 0x32,
  0x73, 0x38, 0x60, 0xb1, 0x1e, 0x38, 0x9c, 0x32, 0x81, 0x38, 0xb5, 0xb1,
  0x24, 0x38, 0x2b, 0x33, 0x93, 0x38, 0x0c, 0xb2, 0x2d, 0x38, 0xc3, 0x33,
  0xa8, 0x38, 0x63, 0xb2, 0x38, 0x38, 0x31, 0x34, 0xbe, 0x38, 0xb9, 0xb2,
  0x41, 0x38, 0x84, 0x34, 0xd8, 0x38, 0x0e, 0xb3, 0x4c, 0x38, 0xdb, 0x34,
  0xf1, 0x38, 0x61, 0xb3, 0x53, 0x38, 0x35, 0x35, 0x0f, 0x39, 0xb0, 0xb3,
  0x5b, 0x38, 0x95, 0x35, 0x31, 0x39, 0xf7, 0xb3, 0x61, 0x38, 0x02, 0x36,
  0x54, 0x39, 0x1b, 0xb4, 0x65, 0x38, 0x73, 0x36, 0x78, 0x39, 0x38, 0xb4,
  0x65, 0x38, 0xe9, 0x36, 0x9d, 0x39, 0x51, 0xb4, 0x62, 0x38, 0x62, 0x37,
  0xc1, 0x39, 0x63, 0xb4, 0x5a, 0x38, 0xde, 0x37, 0xe7, 0x39, 0x73, 0xb4,
  0x4f, 0x38, 0x2f, 0x38, 0x0e, 0x3a, 0x7d, 0xb4, 0x40, 0x38, 0x70, 0x38,
  0x34, 0x3a, 0x82, 0xb4, 0x2d, 0x38, 0xb1, 0x38, 0x57, 0x3a, 0x82, 0xb4,
  0x14, 0x38, 0xf3, 0x38, 0x7f, 0x3a, 0x7c, 0xb4, 0xf2, 0x37, 0x36, 0x39,
  0xa0, 0x3a, 0x6f, 0xb4, 0xad, 0x37, 0x79, 0x39, 0xc2, 0x3a, 0x59, 0xb4,
  0x5f, 0x37, 0xbf, 0x39, 0xe0, 0x3a, 0x3b, 0xb4, 0x06, 0x37, 0x02, 0x3a,
  0xfe, 0x3a, 0x19, 0xb4, 0xa7, 0x36, 0x46, 0x3a, 0x1a, 0x3b, 0xe2, 0xb3,
  0x43, 0x36, 0x88, 0x3a, 0x32, 0x3b, 0x89, 0xb3, 0xdb, 0x35, 0xc8, 0x3a,
  0x4a, 0x3b, 0x28, 0xb3, 0x6b, 0x35, 0x09, 0x3b, 0x60, 0x3b, 0xb7, 0xb2,
  0xf9, 0x34, 0x48, 0x3b, 0x73, 0x3b, 0x37, 0xb2, 0x82, 0x34, 0x87, 0x3b,
  0x85, 0x3b, 0xb3, 0xb1, 0x0c, 0x34, 0xc5, 0x3b, 0x96, 0x3b, 0x2b, 0xb1,
  0x2d, 0x33, 0x01, 0x3c, 0xa4, 0x3b, 0x9c, 0xb0, 0x44, 0x32, 0x1d, 0x3c,
  0xaf, 0x3b, 0xff, 0xaf, 0x64, 0x31, 0x37, 0x3c, 0xb6, 0x3b, 0xad, 0xae,
  0x87, 0x30, 0x4e, 0x3c, 0xc0, 0x3b, 0x5e, 0xad, 0x53, 0x2f, 0x63, 0x3c,
  0xce, 0x3b, 0x11, 0xac, 0x86, 0x2d, 0x75, 0x3c, 0xe0, 0x3b, 0x6a, 0xa9,
  0x5b, 0x2b, 0x86, 0x3c, 0xf1, 0x3b, 0x5b, 0xa5, 0x47, 0x27, 0x95, 0x3c,
  0x00, 0x3c, 0x16, 0x12, 0x37, 0x8e, 0xa3, 0x3c, 0x02, 0x38, 0xa8, 0x80,
  0xfb, 0x37, 0xa8, 0x00, 0x06, 0x38, 0x21, 0x8c, 0x01, 0x38, 0x26, 0x0c,
  0x05, 0x38, 0x21, 0x94, 0x00, 0x38, 0x26, 0x14, 0x06, 0x38, 0xa6, 0x98,
  0x01, 0x38, 0xab, 0x18, 0x05, 0x38, 0x21, 0x9c, 0x00, 0x38, 0x26, 0x1c,
  0x05, 0x38, 0x73, 0x9e, 0x00, 0x38, 0x7b, 0x1e, 0x05, 0x38, 0xa5, 0xa0,
  0x00, 0x38, 0xab, 0x20, 0x05, 0x38, 0x52, 0xa2, 0x00, 0x38, 0x5a, 0x22,
  0x05, 0x38, 0x20, 0xa4, 0x00, 0x38, 0x26, 0x24, 0x05, 0x38, 0x39, 0xa5,
  0x00, 0x38, 0x41, 0x25, 0x05, 0x38, 0x71, 0xa6, 0x00, 0x38, 0x7e, 0x26,
  0x06, 0x38, 0xcb, 0xa7, 0x00, 0x38, 0xdc, 0x27, 0x06, 0x38, 0xa2, 0xa8,
  0x01, 0x38, 0xaf, 0x28, 0x06, 0x38, 0x6f, 0xa9, 0x01, 0x38, 0x80, 0x29,
  0x07, 0x38, 0x4b, 0xaa, 0x01, 0x38, 0x64, 0x2a, 0x08, 0x38, 0x30, 0xab,
  0x02, 0x38, 0x5b, 0x2b, 0x0a, 0x38, 0x13, 0xac, 0x03, 0x38, 0x32, 0x2c,
  0x0b, 0x38, 0x96, 0xac, 0x04, 0x38, 0xc0, 0x2c, 0x0c, 0x38, 0x20, 0xad,
  0x05, 0x38, 0x58, 0x2d, 0x0f, 0x38, 0xb0, 0xad, 0x06, 0x38, 0xfa, 0x2d,
  0x11, 0x38, 0x43, 0xae, 0x07, 0x38, 0xa6, 0x2e, 0x14, 0x38, 0xde, 0xae,
  0x09, 0x38, 0x5e, 0x2f, 0x19, 0x38, 0x7c, 0xaf, 0x0b, 0x38, 0x11, 0x30,
  0x1e, 0x38, 0x0f, 0xb0, 0x0e, 0x38, 0x78, 0x30, 0x24, 0x38, 0x62, 0xb0,
  0x11, 0x38, 0xe7, 0x30, 0x2d, 0x38, 0xb7, 0xb0, 0x17, 0x38, 0x5c, 0x31,
  0x37, 0x38, 0x0b, 0xb1, 0x1c, 0x38, 0xd9, 0x31, 0x44, 0x38, 0x62, 0xb1,
  0x22, 0x38, 0x5d, 0x32, 0x54, 0x38, 0xb8, 0xb1, 0x2b, 0x38, 0xe9, 0x32,
  0x68, 0x38, 0x10, 0xb2, 0x36, 0x38, 0x80, 0x33, 0x7c, 0x38, 0x66, 0xb2,
  0x40, 0x38, 0x0e, 0x34, 0x93, 0x38, 0xbe, 0xb2, 0x49, 0x38, 0x60, 0x34,
  0xad, 0x38, 0x12, 0xb3, 0x54, 0x38, 0xb6, 0x34, 0xcb, 0x38, 0x67, 0xb3,
  0x60, 0x38, 0x10, 0x35, 0xea, 0x38, 0xb8, 0xb3, 0x69, 0x38, 0x6f, 0x35,
  0x0d, 0x39, 0x02, 0xb4, 0x71, 0x38, 0xd8, 0x35, 0x2f, 0x39, 0x22, 0xb4,
  0x74, 0x38, 0x49, 0x36, 0x54, 0x39, 0x40, 0xb4, 0x75, 0x38, 0xbe, 0x36,
  0x7d, 0x39, 0x59, 0xb4, 0x74, 0x38, 0x39, 0x37, 0xa4, 0x39, 0x6e, 0xb4,
  0x6c, 0x38, 0xb7, 0x37, 0xcb, 0x39, 0x7e, 0xb4, 0x62, 0x38, 0x1c, 0x38,
  0xf1, 0x39, 0x89, 0xb4, 0x52, 0x38, 0x5d, 0x38, 0x19, 0x3a, 0x8d, 0xb4,
  0x3e, 0x38, 0x9f, 0x38, 0x40, 0x3a, 0x8d, 0xb4, 0x26, 0x38, 0xe2, 0x38,
  0x65, 0x3a, 0x88, 0xb4, 0x09, 0x38, 0x25, 0x39, 0x8a, 0x3a, 0x7c, 0xb4,
  0xd1, 0x37, 0x69, 0x39, 0xad, 0x3a, 0x69, 0xb4, 0x83, 0x37, 0xad, 0x39,
  0xcf, 0x3a, 0x4c, 0xb4, 0x2a, 0x37, 0xf4, 0x39, 0xef, 0x3a, 0x29, 0xb4,
  0xcc, 0x36, 0x39, 0x3a, 0x0d, 0x3b, 0xff, 0xb3, 0x66, 0x36, 0x7c, 0x3a,
  0x26, 0x3b, 0xa7, 0xb3, 0xf8, 0x35, 0xbe, 0x3a, 0x3f, 0x3b, 0x42, 0xb3,
  0x88, 0x35, 0xff, 0x3a, 0x55, 0x3b, 0xd7, 0xb2, 0x13, 0x35, 0x40, 0x3b,
  0x6b, 0x3b, 0x5a, 0xb2, 0x9d, 0x34, 0x7f, 0x3b, 0x7c, 0x3b, 0xd0, 0xb1,
  0x22, 0x34, 0xbe, 0x3b, 0x8d, 0x3b, 0x43, 0xb1, 0x50, 0x33, 0xfc, 0x3b,
  0x9c, 0x3b, 0xaf, 0xb0, 0x64, 0x32, 0x1c, 0x3c, 0xac, 0x3b, 0x16, 0xb0,
  0x82, 0x31, 0x37, 0x3c, 0xb5, 0x3b, 0xdd, 0xae, 0xa4, 0x30, 0x4e, 0x3c,
  0xbe, 0x3b, 0x7d, 0xad, 0x7a, 0x2f, 0x63, 0x3c, 0xcd, 0x3b, 0x21, 0xac,
  0xa3, 0x2d, 0x77, 0x3c, 0xde, 0x3b, 0x87, 0xa9, 0x85, 0x2b, 0x87, 0x3c,
  0xf1, 0x3b, 0x97, 0xa5, 0x88, 0x27, 0x97, 0x3c, 0x00, 0x3c, 0xf5, 0x10,
  0x92, 0x8b, 0xa6, 0x3c, 0xba, 0x37, 0xaa, 0x80, 0x0a, 0x38, 0xa2, 0x00,
  0xa4, 0x37, 0x1f, 0x8c, 0xfc, 0x37, 0xe3, 0x0b, 0xa5, 0x37, 0x20, 0x94,
  0xfe, 0x37, 0xe4, 0x13, 0xa7, 0x37, 0xa4, 0x98, 0x00, 0x38, 0x71, 0x18,
  0xa6, 0x37, 0x20, 0x9c, 0xfe, 0x37, 0xe5, 0x1b, 0xa6, 0x37, 0x71, 0x9e,
  0xfe, 0x37, 0x2b, 0x1e, 0xa6, 0x37, 0xa4, 0xa0, 0xfe, 0x37, 0x71, 0x20,
  0xa6, 0x37, 0x50, 0xa2, 0xfe, 0x37, 0x0c, 0x22, 0xa6, 0x37, 0x1f, 0xa4,
  0xfe, 0x37, 0xe6, 0x23, 0xa7, 0x37, 0x37, 0xa5, 0xff, 0x37, 0x00, 0x25,
  0xa7, 0x37, 0x70, 0xa6, 0xff, 0x37, 0x2e, 0x26, 0xa7, 0x37, 0xc9, 0xa7,
  0xff, 0x37, 0x7b, 0x27, 0xa8, 0x37, 0xa1, 0xa8, 0x00, 0x38, 0x75, 0x28,
  0xa9, 0x37, 0x6d, 0xa9, 0x00, 0x38, 0x3d, 0x29, 0xab, 0x37, 0x48, 0xaa,
  0x01, 0x38, 0x16, 0x2a, 0xad, 0x37, 0x2d, 0xab, 0x02, 0x38, 0x02, 0x2b,
  0xb0, 0x37, 0x12, 0xac, 0x02, 0x38, 0xff, 0x2b, 0xb2, 0x37, 0x95, 0xac,
  0x03, 0x38, 0x87, 0x2c, 0xb6, 0x37, 0x1f, 0xad, 0x04, 0x38, 0x18, 0x2d,
  0xba, 0x37, 0xad, 0xad, 0x06, 0x38, 0xb4, 0x2d, 0xc0, 0x37, 0x42, 0xae,
  0x07, 0x38, 0x59, 0x2e, 0xc7, 0x37, 0xdc, 0xae, 0x09, 0x38, 0x0a, 0x2f,
  0xcf, 0x37, 0x79, 0xaf, 0x0b, 0x38, 0xc6, 0x2f, 0xd9, 0x37, 0x0e, 0xb0,
  0x0e, 0x38, 0x47, 0x30, 0xe8, 0x37, 0x61, 0xb0, 0x13, 0x38, 0xb2, 0x30,
  0xf9, 0x37, 0xb5, 0xb0, 0x17, 0x38, 0x23, 0x31, 0x07, 0x38, 0x0a, 0xb1,
  0x1d, 0x38, 0x9c, 0x31, 0x16, 0x38, 0x61, 0xb1, 0x27, 0x38, 0x1e, 0x32,
  0x27, 0x38, 0xb9, 0xb1, 0x30, 0x38, 0xa8, 0x32, 0x3a, 0x38, 0x10, 0xb2,
  0x3a, 0x38, 0x3a, 0x33, 0x50, 0x38, 0x68, 0xb2, 0x45, 0x38, 0xd5, 0x33,
  0x69, 0x38, 0xbe, 0xb2, 0x52, 0x38, 0x3c, 0x34, 0x86, 0x38, 0x15, 0xb3,
  0x5e, 0x38, 0x92, 0x34, 0xa3, 0x38, 0x6a, 0xb3, 0x69, 0x38, 0xec, 0x34,
  0xc4, 0x38, 0xbc, 0xb3, 0x74, 0x38, 0x4a, 0x35, 0xe3, 0x38, 0x04, 0xb4,
  0x7a, 0x38, 0xae, 0x35, 0x09, 0x39, 0x27, 0xb4, 0x80, 0x38, 0x1f, 0x36,
  0x30, 0x39, 0x46, 0xb4, 0x82, 0x38, 0x94, 0x36, 0x57, 0x39, 0x60, 0xb4,
  0x7f, 0x38, 0x0e, 0x37, 0x83, 0x39, 0x76, 0xb4, 0x7d, 0x38, 0x8e, 0x37,
  0xac, 0x39, 0x86, 0xb4, 0x72, 0x38, 0x08, 0x38, 0xd7, 0x39, 0x93, 0xb4,
  0x64, 0x38, 0x4a, 0x38, 0xfe, 0x39, 0x98, 0xb4, 0x4f, 0x38, 0x8d, 0x38,
  0x26, 0x3a, 0x98, 0xb4, 0x37, 0x38, 0xd1, 0x38, 0x4e, 0x3a, 0x93, 0xb4,
  0x1a, 0x38, 0x15, 0x39, 0x76, 0x3a, 0x88, 0xb4, 0xf1, 0x37, 0x5a, 0x39,
  0x9a, 0x3a, 0x77, 0xb4, 0xa4, 0x37, 0x9f, 0x39, 0xbd, 0x3a, 0x5b, 0xb4,
  0x4d, 0x37, 0xe4, 0x39, 0xdd, 0x3a, 0x39, 0xb4, 0xeb, 0x36, 0x2b, 0x3a,
  0x00, 0x3b, 0x10, 0xb4, 0x86, 0x36, 0x70, 0x3a, 0x1a, 0x3b, 0xc1, 0xb3,
  0x16, 0x36, 0xb4, 0x3a, 0x33, 0x3b, 0x5e, 0xb3, 0xa4, 0x35, 0xf7, 0x3a,
  0x4b, 0x3b, 0xed, 0xb2, 0x2c, 0x35, 0x38, 0x3b, 0x62, 0x3b, 0x77, 0xb2,
  0xb6, 0x34, 0x77, 0x3b, 0x76, 0x3b, 0xf0, 0xb1, 0x3a, 0x34, 0xb9, 0x3b,
  0x86, 0x3b, 0x5d, 0xb1, 0x7d, 0x33, 0xf8, 0x3b, 0x97, 0x3b, 0xc5, 0xb0,
  0x88, 0x32, 0x1b, 0x3c, 0xa4, 0x3b, 0x25, 0xb0, 0x9d, 0x31, 0x36, 0x3c,
  0xaf, 0x3b, 0x09, 0xaf, 0xbd, 0x30, 0x4e, 0x3c, 0xb9, 0x3b, 0xa3, 0xad,
  0xa9, 0x2f, 0x64, 0x3c, 0xca, 0x3b, 0x3a, 0xac, 0xc5, 0x2d, 0x78, 0x3c,
  0xdd, 0x3b, 0x9f, 0xa9, 0xae, 0x2b, 0x8a, 0x3c, 0xf0, 0x3b, 0x9f, 0xa5,
  0xa7, 0x27, 0x9a, 0x3c, 0x00, 0x3c, 0xd3, 0x07, 0x5e, 0x81, 0xa9, 0x3c,
  0x2a, 0x37, 0xa8, 0x80, 0xdd, 0x37, 0x99, 0x00, 0x47, 0x37, 0x1e, 0x8c,
  0xfd, 0x37, 0x80, 0x0b, 0x42, 0x37, 0x1c, 0x94, 0xf7, 0x37, 0x7d, 0x13,
  0x42, 0x37, 0xa0, 0x98, 0xf7, 0x37, 0x36, 0x18, 0x42, 0x37, 0x1c, 0x9c,
  0xf7, 0x37, 0x7d, 0x1b, 0x42, 0x37, 0x6c, 0x9e, 0xf7, 0x37, 0xda, 0x1d,
  0x42, 0x37, 0xa0, 0xa0, 0xf7, 0x37, 0x37, 0x20, 0x42, 0x37, 0x4b, 0xa2,
  0xf7, 0x37, 0xbd, 0x21, 0x42, 0x37, 0x1c, 0xa4, 0xf7, 0x37, 0x7f, 0x23,
  0x43, 0x37, 0x33, 0xa5, 0xf8, 0x37, 0xbf, 0x24, 0x43, 0x37, 0x6a, 0xa6,
  0xf8, 0x37, 0xdd, 0x25, 0x44, 0x37, 0xc2, 0xa7, 0xf8, 0x37, 0x1a, 0x27,
  0x44, 0x37, 0x9d, 0xa8, 0xf9, 0x37, 0x3b, 0x28, 0x45, 0x37, 0x69, 0xa9,
  0xfa, 0x37, 0xf9, 0x28, 0x47, 0x37, 0x40, 0xaa, 0xfb, 0x37, 0xc8, 0x29,
  0x4a, 0x37, 0x27, 0xab, 0xfd, 0x37, 0xa8, 0x2a, 0x4c, 0x37, 0x0e, 0xac,
  0xfe, 0x37, 0x9a, 0x2b, 0x4f, 0x37, 0x91, 0xac, 0x00, 0x38, 0x4e, 0x2c,
  0x53, 0x37, 0x1a, 0xad, 0x01, 0x38, 0xd9, 0x2c, 0x57, 0x37, 0xa7, 0xad,
  0x03, 0x38, 0x6e, 0x2d, 0x5d, 0x37, 0x3c, 0xae, 0x05, 0x38, 0x0d, 0x2e,
  0x64, 0x37, 0xd5, 0xae, 0x07, 0x38, 0xb6, 0x2e, 0x6d, 0x37, 0x72, 0xaf,
  0x09, 0x38, 0x6b, 0x2f, 0x78, 0x37, 0x0a, 0xb0, 0x0d, 0x38, 0x16, 0x30,
  0x88, 0x37, 0x5d, 0xb0, 0x12, 0x38, 0x7d, 0x30, 0x99, 0x37, 0xb1, 0xb0,
  0x17, 0x38, 0xeb, 0x30, 0xb2, 0x37, 0x06, 0xb1, 0x1e, 0x38, 0x61, 0x31,
  0xd0, 0x37, 0x5d, 0xb1, 0x28, 0x38, 0xdf, 0x31, 0xf2, 0x37, 0xb5, 0xb1,
  0x32, 0x38, 0x66, 0x32, 0x0d, 0x38, 0x0c, 0xb2, 0x3d, 0x38, 0xf6, 0x32,
  0x25, 0x38, 0x66, 0xb2, 0x4a, 0x38, 0x90, 0x33, 0x40, 0x38, 0xbd, 0xb2,
  0x59, 0x38, 0x19, 0x34, 0x5d, 0x38, 0x14, 0xb3, 0x66, 0x38, 0x6f, 0x34,
  0x7a, 0x38, 0x69, 0xb3, 0x71, 0x38, 0xc7, 0x34, 0x9b, 0x38, 0xbc, 0xb3,
  0x7c, 0x38, 0x25, 0x35, 0xbc, 0x38, 0x05, 0xb4, 0x83, 0x38, 0x88, 0x35,
  0xe3, 0x38, 0x2a, 0xb4, 0x8a, 0x38, 0xf3, 0x35, 0x0b, 0x39, 0x4a, 0xb4,
  0x8e, 0x38, 0x6a, 0x36, 0x37, 0x39, 0x65, 0xb4, 0x8f, 0x38, 0xe5, 0x36,
  0x61, 0x39, 0x7c, 0xb4, 0x89, 0x38, 0x64, 0x37, 0x8b, 0x39, 0x8d, 0xb4,
  0x7f, 0x38, 0xe7, 0x37, 0xb9, 0x39, 0x9b, 0xb4, 0x72, 0x38, 0x37, 0x38,
  0xe4, 0x39, 0xa1, 0xb4, 0x5f, 0x38, 0x7b, 0x38, 0x0c, 0x3a, 0xa1, 0xb4,
  0x46, 0x38, 0xc0, 0x38, 0x34, 0x3a, 0x9c, 0xb4, 0x27, 0x38, 0x05, 0x39,
  0x5d, 0x3a, 0x92, 0xb4, 0x05, 0x38, 0x4b, 0x39, 0x86, 0x3a, 0x81, 0xb4,
  0xc2, 0x37, 0x90, 0x39, 0xa7, 0x3a, 0x69, 0xb4, 0x6a, 0x37, 0xd5, 0x39,
  0xcc, 0x3a, 0x48, 0xb4, 0x0b, 0x37, 0x1d, 0x3a, 0xef, 0x3a, 0x1f, 0xb4,
  0xa4, 0x36, 0x65, 0x3a, 0x0d, 0x3b, 0xde, 0xb3, 0x35, 0x36, 0xa8, 0x3a,
  0x27, 0x3b, 0x76, 0xb3, 0xbe, 0x35, 0xed, 0x3a, 0x41, 0x3b, 0x07, 0xb3,
  0x47, 0x35, 0x2f, 0x3b, 0x5c, 0x3b, 0x8b, 0xb2, 0xcf, 0x34, 0x71, 0x3b,
  0x6f, 0x3b, 0x0c, 0xb2, 0x50, 0x34, 0xb2, 0x3b, 0x82, 0x3b, 0x79, 0xb1,
  0xa1, 0x33, 0xf4, 0x3b, 0x93, 0x3b, 0xdd, 0xb0, 0xaa, 0x32, 0x1a, 0x3c,
  0xa0, 0x3b, 0x39, 0xb0, 0xb8, 0x31, 0x36, 0x3c, 0xab, 0x3b, 0x1e, 0xaf,
  0xd2, 0x30, 0x4f, 0x3c, 0xb6, 0x3b, 0xc8, 0xad, 0xd5, 0x2f, 0x65, 0x3c,
  0xc7, 0x3b, 0x5b, 0xac, 0xe9, 0x2d, 0x7a, 0x3c, 0xda, 0x3b, 0xbe, 0xa9,
  0xdd, 0x2b, 0x8c, 0x3c, 0xef, 0x3b, 0xae, 0xa5, 0xc6, 0x27, 0x9c, 0x3c,
  0x00, 0x3c, 0x72, 0x0e, 0x48, 0x87, 0xac, 0x3c, 0x59, 0x36, 0xa3, 0x80,
  0x53, 0x37, 0x8d, 0x00, 0xde, 0x36, 0x16, 0x8c, 0xec, 0x37, 0x16, 0x0b,
  0xdf, 0x36, 0x17, 0x94, 0xec, 0x37, 0x17, 0x13, 0xde, 0x36, 0x99, 0x98,
  0xec, 0x37, 0xf9, 0x17, 0xde, 0x36, 0x16, 0x9c, 0xeb, 0x37, 0x16, 0x1b,
  0xde, 0x36, 0x62, 0x9e, 0xeb, 0x37, 0x89, 0x1d, 0xde, 0x36, 0x99, 0xa0,
  0xeb, 0x37, 0xf9, 0x1f, 0xde, 0x36, 0x41, 0xa2, 0xec, 0x37, 0x6e, 0x21,
  0xde, 0x36, 0x16, 0xa4, 0xec, 0x37, 0x18, 0x23, 0xdf, 0x36, 0x2b, 0xa5,
  0xec, 0x37, 0x7e, 0x24, 0xdf, 0x36, 0x61, 0xa6, 0xec, 0x37, 0x8d, 0x25,
  0xe0, 0x36, 0xb6, 0xa7, 0xed, 0x37, 0xb9, 0x26, 0xe0, 0x36, 0x96, 0xa8,
  0xed, 0x37, 0x02, 0x28, 0xe2, 0x36, 0x60, 0xa9, 0xee, 0x37, 0xb6, 0x28,
  0xe4, 0x36, 0x36, 0xaa, 0xf0, 0x37, 0x7a, 0x29, 0xe6, 0x36, 0x1b, 0xab,
  0xf2, 0x37, 0x4f, 0x2a, 0xe8, 0x36, 0x08, 0xac, 0xf3, 0x37, 0x35, 0x2b,
  0xeb, 0x36, 0x8a, 0xac, 0xf5, 0x37, 0x15, 0x2c, 0xef, 0x36, 0x12, 0xad,
  0xf8, 0x37, 0x9a, 0x2c, 0xf4, 0x36, 0x9d, 0xad, 0xfb, 0x37, 0x28, 0x2d,
  0xfa, 0x36, 0x32, 0xae, 0xff, 0x37, 0xbf, 0x2d, 0x01, 0x37, 0xc9, 0xae,
  0x02, 0x38, 0x62, 0x2e, 0x0a, 0x37, 0x67, 0xaf, 0x05, 0x38, 0x0f, 0x2f,
  0x17, 0x37, 0x03, 0xb0, 0x09, 0x38, 0xc9, 0x2f, 0x27, 0x37, 0x56, 0xb0,
  0x0e, 0x38, 0x48, 0x30, 0x3a, 0x37, 0xaa, 0xb0, 0x14, 0x38, 0xb2, 0x30,
  0x54, 0x37, 0x00, 0xb1, 0x1d, 0x38, 0x25, 0x31, 0x72, 0x37, 0x57, 0xb1,
  0x27, 0x38, 0xa0, 0x31, 0x96, 0x37, 0xae, 0xb1, 0x32, 0x38, 0x24, 0x32,
  0xc2, 0x37, 0x06, 0xb2, 0x40, 0x38, 0xb2, 0x32, 0xf5, 0x37, 0x61, 0xb2,
  0x4f, 0x38, 0x4a, 0x33, 0x14, 0x38, 0xb8, 0xb2, 0x5b, 0x38, 0xea, 0x33,
  0x32, 0x38, 0x0f, 0xb3, 0x6a, 0x38, 0x4a, 0x34, 0x50, 0x38, 0x65, 0xb3,
  0x75, 0x38, 0xa2, 0x34, 0x74, 0x38, 0xb9, 0xb3, 0x83, 0x38, 0x01, 0x35,
  0x98, 0x38, 0x04, 0xb4, 0x8d, 0x38, 0x62, 0x35, 0xbf, 0x38, 0x2a, 0xb4,
  0x96, 0x38, 0xcc, 0x35, 0xe8, 0x38, 0x4c, 0xb4, 0x99, 0x38, 0x3f, 0x36,
  0x13, 0x39, 0x69, 0xb4, 0x9a, 0x38, 0xba, 0x36, 0x3f, 0x39, 0x80, 0xb4,
  0x94, 0x38, 0x3a, 0x37, 0x6d, 0x39, 0x93, 0xb4, 0x8d, 0x38, 0xbf, 0x37,
  0x9a, 0x39, 0xa1, 0xb4, 0x7f, 0x38, 0x24, 0x38, 0xc9, 0x39, 0xa9, 0xb4,
  0x6e, 0x38, 0x69, 0x38, 0xf3, 0x39, 0xaa, 0xb4, 0x54, 0x38, 0xae, 0x38,
  0x1d, 0x3a, 0xa5, 0xb4, 0x36, 0x38, 0xf5, 0x38, 0x46, 0x3a, 0x9a, 0xb4,
  0x13, 0x38, 0x3b, 0x39, 0x6f, 0x3a, 0x8a, 0xb4, 0xdd, 0x37, 0x82, 0x39,
  0x97, 0x3a, 0x73, 0xb4, 0x87, 0x37, 0xc9, 0x39, 0xba, 0x3a, 0x54, 0xb4,
  0x27, 0x37, 0x0f, 0x3a, 0xdd, 0x3a, 0x2e, 0xb4, 0xbd, 0x36, 0x58, 0x3a,
  0x00, 0x3b, 0xfa, 0xb3, 0x4f, 0x36, 0x9e, 0x3a, 0x1c, 0x3b, 0x91, 0xb3,
  0xd9, 0x35, 0xe3, 0x3a, 0x39, 0x3b, 0x1c, 0xb3, 0x60, 0x35, 0x28, 0x3b,
  0x50, 0x3b, 0xa2, 0xb2, 0xe2, 0x34, 0x6a, 0x3b, 0x68, 0x3b, 0x1e, 0xb2,
  0x64, 0x34, 0xad, 0x3b, 0x7b, 0x3b, 0x93, 0xb1, 0xca, 0x33, 0xef, 0x3b,
  0x8d, 0x3b, 0xf8, 0xb0, 0xcc, 0x32, 0x18, 0x3c, 0x9d, 0x3b, 0x4d, 0xb0,
  0xd3, 0x31, 0x36, 0x3c, 0xa8, 0x3b, 0x3c, 0xaf, 0xe6, 0x30, 0x4f, 0x3c,
  0xb4, 0x3b, 0xda, 0xad, 0xf3, 0x2f, 0x66, 0x3c, 0xc4, 0x3b, 0x71, 0xac,
  0x07, 0x2e, 0x7b, 0x3c, 0xd9, 0x3b, 0xf8, 0xa9, 0x08, 0x2c, 0x8e, 0x3c,
  0xee, 0x3b, 0xd0, 0xa5, 0xf7, 0x27, 0x9f, 0x3c, 0x00, 0x3c, 0x2e, 0x11,
  0x2b, 0x8c, 0xaf, 0x3c, 0x14, 0x36, 0xa1, 0x80, 0x5f, 0x37, 0x84, 0x00,
  0x7c, 0x36, 0x0e, 0x8c, 0xdd, 0x37, 0xb0, 0x0a, 0x7a, 0x36, 0x0d, 0x94,
  0xdb, 0x37, 0xaf, 0x12, 0x7a, 0x36, 0x8f, 0x98, 0xdb, 0x37, 0x85, 0x17,
  0x7a, 0x36, 0x0d, 0x9c, 0xda, 0x37, 0xaf, 0x1a, 0x7a, 0x36, 0x55, 0x9e,
  0xda, 0x37, 0x39, 0x1d, 0x7a, 0x36, 0x8f, 0xa0, 0xdb, 0x37, 0x85, 0x1f,
  0x7a, 0x36, 0x34, 0xa2, 0xdb, 0x37, 0x1f, 0x21, 0x7a, 0x36, 0x0d, 0xa4,
  0xdb, 0x37, 0xb1, 0x22, 0x7b, 0x36, 0x20, 0xa5, 0xdb, 0x37, 0x3d, 0x24,
  0x7b, 0x36, 0x53, 0xa6, 0xdc, 0x37, 0x3c, 0x25, 0x7c, 0x36, 0xa6, 0xa7,
  0xdc, 0x37, 0x58, 0x26, 0x7d, 0x36, 0x8c, 0xa8, 0xdd, 0x37, 0x90, 0x27,
  0x7e, 0x36, 0x54, 0xa9, 0xde, 0x37, 0x72, 0x28, 0x80, 0x36, 0x28, 0xaa,
  0xe0, 0x37, 0x2d, 0x29, 0x82, 0x36, 0x0c, 0xab, 0xe1, 0x37, 0xf6, 0x29,
  0x85, 0x36, 0xff, 0xab, 0xe3, 0x37, 0xcf, 0x2a, 0x88, 0x36, 0x80, 0xac,
  0xe5, 0x37, 0xb9, 0x2b, 0x8c, 0x36, 0x06, 0xad, 0xe8, 0x37, 0x5b, 0x2c,
  0x91, 0x36, 0x92, 0xad, 0xec, 0x37, 0xe2, 0x2c, 0x97, 0x36, 0x24, 0xae,
  0xef, 0x37, 0x72, 0x2d, 0x9f, 0x36, 0xba, 0xae, 0xf5, 0x37, 0x0e, 0x2e,
  0xa8, 0x36, 0x56, 0xaf, 0xfb, 0x37, 0xb4, 0x2e, 0xb6, 0x36, 0xf6, 0xaf,
  0x02, 0x38, 0x66, 0x2f, 0xc6, 0x36, 0x4c, 0xb0, 0x08, 0x38, 0x13, 0x30,
  0xdb, 0x36, 0xa0, 0xb0, 0x0f, 0x38, 0x7a, 0x30, 0xf5, 0x36, 0xf6, 0xb0,
  0x19, 0x38, 0xe9, 0x30, 0x15, 0x37, 0x4d, 0xb1, 0x23, 0x38, 0x61, 0x31,
  0x3d, 0x37, 0xa5, 0xb1, 0x32, 0x38, 0xe3, 0x31, 0x6a, 0x37, 0xfe, 0xb1,
  0x40, 0x38, 0x6e, 0x32, 0x9c, 0x37, 0x58, 0xb2, 0x4f, 0x38, 0x03, 0x33,
  0xd2, 0x37, 0xb0, 0xb2, 0x5d, 0x38, 0xa2, 0x33, 0x08, 0x38, 0x07, 0xb3,
  0x6d, 0x38, 0x25, 0x34, 0x2b, 0x38, 0x5f, 0xb3, 0x7c, 0x38, 0x7f, 0x34,
  0x4f, 0x38, 0xb4, 0xb3, 0x8a, 0x38, 0xdc, 0x34, 0x75, 0x38, 0x02, 0xb4,
  0x96, 0x38, 0x3f, 0x35, 0x9d, 0x38, 0x29, 0xb4, 0x9f, 0x38, 0xa7, 0x35,
  0xc6, 0x38, 0x4d, 0xb4, 0xa4, 0x38, 0x16, 0x36, 0xf2, 0x38, 0x6b, 0xb4,
  0xa4, 0x38, 0x90, 0x36, 0x1f, 0x39, 0x84, 0xb4, 0xa1, 0x38, 0x11, 0x37,
  0x4d, 0x39, 0x97, 0xb4, 0x98, 0x38, 0x96, 0x37, 0x7a, 0x39, 0xa6, 0xb4,
  0x89, 0x38, 0x0f, 0x38, 0xaa, 0x39, 0xaf, 0xb4, 0x78, 0x38, 0x56, 0x38,
  0xd9, 0x39, 0xb1, 0xb4, 0x61, 0x38, 0x9d, 0x38, 0x06, 0x3a, 0xad, 0xb4,
  0x45, 0x38, 0xe5, 0x38, 0x30, 0x3a, 0xa2, 0xb4, 0x22, 0x38, 0x2c, 0x39,
  0x5c, 0x3a, 0x92, 0xb4, 0xf7, 0x37, 0x75, 0x39, 0x84, 0x3a, 0x7b, 0xb4,
  0xa1, 0x37, 0xbb, 0x39, 0xaa, 0x3a, 0x5e, 0xb4, 0x41, 0x37, 0x03, 0x3a,
  0xcc, 0x3a, 0x39, 0xb4, 0xd9, 0x36, 0x4a, 0x3a, 0xf0, 0x3a, 0x0b, 0xb4,
  0x68, 0x36, 0x92, 0x3a, 0x0f, 0x3b, 0xab, 0xb3, 0xf1, 0x35, 0xda, 0x3a,
  0x2a, 0x3b, 0x36, 0xb3, 0x72, 0x35, 0x20, 0x3b, 0x46, 0x3b, 0xb5, 0xb2,
  0xf6, 0x34, 0x63, 0x3b, 0x60, 0x3b, 0x31, 0xb2, 0x79, 0x34, 0xa7, 0x3b,
  0x75, 0x3b, 0xa3, 0xb1, 0xea, 0x33, 0xea, 0x3b, 0x89, 0x3b, 0x0d, 0xb1,
  0xeb, 0x32, 0x17, 0x3c, 0x99, 0x3b, 0x67, 0xb0, 0xf0, 0x31, 0x35, 0x3c,
  0xa7, 0x3b, 0x61, 0xaf, 0xfc, 0x30, 0x50, 0x3c, 0xb2, 0x3b, 0xf1, 0xad,
  0x09, 0x30, 0x68, 0x3c, 0xc2, 0x3b, 0x7c, 0xac, 0x20, 0x2e, 0x7d, 0x3c,
  0xd7, 0x3b, 0x13, 0xaa, 0x1e, 0x2c, 0x90, 0x3c, 0xed, 0x3b, 0x18, 0xa6,
  0x1b, 0x28, 0xa1, 0x3c, 0x00, 0x3c, 0x40, 0x0e, 0x53, 0x85, 0xb2, 0x3c,
  0xe2, 0x35, 0xa1, 0x80, 0x82, 0x37, 0x7e, 0x00, 0x16, 0x36, 0x03, 0x8c,
  0xc4, 0x37, 0x49, 0x0a, 0x16, 0x36, 0x02, 0x94, 0xc5, 0x37, 0x49, 0x12,
  0x16, 0x36, 0x82, 0x98, 0xc4, 0x37, 0x11, 0x17, 0x16, 0x36, 0x02, 0x9c,
  0xc5, 0x37, 0x48, 0x1a, 0x16, 0x36, 0x43, 0x9e, 0xc5, 0x37, 0xe9, 0x1c,
  0x16, 0x36, 0x82, 0xa0, 0xc5, 0x37, 0x12, 0x1f, 0x17, 0x36, 0x23, 0xa2,
  0xc5, 0x37, 0xd0, 0x20, 0x17, 0x36, 0x02, 0xa4, 0xc5, 0x37, 0x4a, 0x22,
  0x17, 0x36, 0x12, 0xa5, 0xc5, 0x37, 0xf7, 0x23, 0x18, 0x36, 0x41, 0xa6,
  0xc6, 0x37, 0xec, 0x24, 0x18, 0x36, 0x90, 0xa7, 0xc6, 0x37, 0xf7, 0x25,
  0x19, 0x36, 0x7f, 0xa8, 0xc7, 0x37, 0x1d, 0x27, 0x1b, 0x36, 0x45, 0xa9,
  0xc8, 0x37, 0x2f, 0x28, 0x1d, 0x36, 0x16, 0xaa, 0xca, 0x37, 0xdf, 0x28,
  0x1f, 0x36, 0xf8, 0xaa, 0xcc, 0x37, 0x9d, 0x29, 0x21, 0x36, 0xe9, 0xab,
  0xce, 0x37, 0x6b, 0x2a, 0x25, 0x36, 0x73, 0xac, 0xd0, 0x37, 0x48, 0x2b,
  0x29, 0x36, 0xf7, 0xac, 0xd3, 0x37, 0x1c, 0x2c, 0x2e, 0x36, 0x82, 0xad,
  0xd8, 0x37, 0x9c, 0x2c, 0x34, 0x36, 0x12, 0xae, 0xdc, 0x37, 0x26, 0x2d,
  0x3d, 0x36, 0xa6, 0xae, 0xe2, 0x37, 0xba, 0x2d, 0x48, 0x36, 0x41, 0xaf,
  0xea, 0x37, 0x59, 0x2e, 0x54, 0x36, 0xdf, 0xaf, 0xf2, 0x37, 0x04, 0x2f,
  0x66, 0x36, 0x40, 0xb0, 0x00, 0x38, 0xbd, 0x2f, 0x7c, 0x36, 0x94, 0xb0,
  0x08, 0x38, 0x42, 0x30, 0x97, 0x36, 0xe9, 0xb0, 0x12, 0x38, 0xae, 0x30,
  0xbb, 0x36, 0x40, 0xb1, 0x20, 0x38, 0x23, 0x31, 0xe5, 0x36, 0x99, 0xb1,
  0x2f, 0x38, 0xa3, 0x31, 0x12, 0x37, 0xf2, 0xb1, 0x3e, 0x38, 0x2b, 0x32,
  0x43, 0x37, 0x4b, 0xb2, 0x4c, 0x38, 0xbd, 0x32, 0x80, 0x37, 0xa5, 0xb2,
  0x5f, 0x38, 0x5b, 0x33, 0xc3, 0x37, 0xfe, 0xb2, 0x71, 0x38, 0x02, 0x34,
  0x04, 0x38, 0x56, 0xb3, 0x80, 0x38, 0x5b, 0x34, 0x25, 0x38, 0xaa, 0xb3,
  0x8a, 0x38, 0xb8, 0x34, 0x4c, 0x38, 0xfb, 0xb3, 0x97, 0x38, 0x1b, 0x35,
  0x75, 0x38, 0x25, 0xb4, 0xa1, 0x38, 0x82, 0x35, 0xa0, 0x38, 0x4a, 0xb4,
  0xa8, 0x38, 0xf1, 0x35, 0xcc, 0x38, 0x6b, 0xb4, 0xab, 0x38, 0x66, 0x36,
  0x00, 0x39, 0x85, 0xb4, 0xac, 0x38, 0xe7, 0x36, 0x2e, 0x39, 0x9a, 0xb4,
  0xa3, 0x38, 0x6e, 0x37, 0x5d, 0x39, 0xaa, 0xb4, 0x96, 0x38, 0xf8, 0x37,
  0x8c, 0x39, 0xb4, 0xb4, 0x83, 0x38, 0x43, 0x38, 0xbd, 0x39, 0xb7, 0xb4,
  0x6d, 0x38, 0x8b, 0x38, 0xef, 0x39, 0xb3, 0xb4, 0x52, 0x38, 0xd4, 0x38,
  0x19, 0x3a, 0xa9, 0xb4, 0x2d, 0x38, 0x1d, 0x39, 0x44, 0x3a, 0x98, 0xb4,
  0x06, 0x38, 0x65, 0x39, 0x71, 0x3a, 0x82, 0xb4, 0xb9, 0x37, 0xaf, 0x39,
  0x97, 0x3a, 0x65, 0xb4, 0x58, 0x37, 0xf7, 0x39, 0xbc, 0x3a, 0x42, 0xb4,
  0xee, 0x36, 0x40, 0x3a, 0xe0, 0x3a, 0x17, 0xb4, 0x7f, 0x36, 0x87, 0x3a,
  0x01, 0x3b, 0xc5, 0xb3, 0x06, 0x36, 0xcf, 0x3a, 0x1f, 0x3b, 0x4e, 0xb3,
  0x87, 0x35, 0x17, 0x3b, 0x3a, 0x3b, 0xcd, 0xb2, 0x07, 0x35, 0x5e, 0x3b,
  0x55, 0x3b, 0x43, 0xb2, 0x87, 0x34, 0xa3, 0x3b, 0x6c, 0x3b, 0xb4, 0xb1,
  0x04, 0x34, 0xe8, 0x3b, 0x80, 0x3b, 0x1b, 0xb1, 0x03, 0x33, 0x16, 0x3c,
  0x93, 0x3b, 0x7b, 0xb0, 0x0c, 0x32, 0x35, 0x3c, 0xa3, 0x3b, 0x90, 0xaf,
  0x14, 0x31, 0x50, 0x3c, 0xae, 0x3b, 0x0f, 0xae, 0x1f, 0x30, 0x69, 0x3c,
  0xc0, 0x3b, 0x8e, 0xac, 0x3b, 0x2e, 0x7f, 0x3c, 0xd6, 0x3b, 0x15, 0xaa,
  0x2b, 0x2c, 0x93, 0x3c, 0xed, 0x3b, 0x29, 0xa6, 0x2d, 0x28, 0xa5, 0x3c,
  0x00, 0x3c, 0x5c, 0x83, 0x5e, 0x07, 0xb6, 0x3c, 0x12, 0x35, 0x9d, 0x80,
  0xd1, 0x36, 0x75, 0x00, 0xb4, 0x35, 0xe9, 0x8b, 0xaa, 0x37, 0xe2, 0x09,
  0xb3, 0x35, 0xe8, 0x93, 0xaa, 0x37, 0xe2, 0x11, 0xb3, 0x35, 0x73, 0x98,
  0xaa, 0x37, 0x9e, 0x16, 0xb3, 0x35, 0xe8, 0x9b, 0xaa, 0x37, 0xe2, 0x19,
  0xb3, 0x35, 0x2d, 0x9e, 0xaa, 0x37, 0x99, 0x1c, 0xb3, 0x35, 0x72, 0xa0,
  0xaa, 0x37, 0x9f, 0x1e, 0xb4, 0x35, 0x0d, 0xa2, 0xaa, 0x37, 0x82, 0x20,
  0xb4, 0x35, 0xe7, 0xa3, 0xaa, 0x37, 0xe4, 0x21, 0xb4, 0x35, 0x00, 0xa5,
  0xaa, 0x37, 0x77, 0x23, 0xb5, 0x35, 0x2b, 0xa6, 0xab, 0x37, 0x9d, 0x24,
  0xb5, 0x35, 0x76, 0xa7, 0xab, 0x37, 0x97, 0x25, 0xb6, 0x35, 0x6f, 0xa8,
  0xac, 0x37, 0xab, 0x26, 0xb8, 0x35, 0x31, 0xa9, 0xae, 0x37, 0xda, 0x27,
  0xba, 0x35, 0x00, 0xaa, 0xaf, 0x37, 0x92, 0x28, 0xbc, 0x35, 0xdf, 0xaa,
  0xb1, 0x37, 0x45, 0x29, 0xbf, 0x35, 0xcd, 0xab, 0xb3, 0x37, 0x07, 0x2a,
  0xc2, 0x35, 0x63, 0xac, 0xb6, 0x37, 0xd9, 0x2a, 0xc6, 0x35, 0xe5, 0xac,
  0xb9, 0x37, 0xbb, 0x2b, 0xcc, 0x35, 0x6e, 0xad, 0xbd, 0x37, 0x57, 0x2c,
  0xd2, 0x35, 0xfc, 0xad, 0xc2, 0x37, 0xda, 0x2c, 0xdb, 0x35, 0x8f, 0xae,
  0xc9, 0x37, 0x67, 0x2d, 0xe6, 0x35, 0x27, 0xaf, 0xd2, 0x37, 0x00, 0x2e,
  0xf4, 0x35, 0xc4, 0xaf, 0xdd, 0x37, 0xa4, 0x2e, 0x09, 0x36, 0x32, 0xb0,
  0xee, 0x37, 0x56, 0x2f, 0x1e, 0x36, 0x85, 0xb0, 0xfe, 0x37, 0x0b, 0x30,
  0x3c, 0x36, 0xda, 0xb0, 0x0b, 0x38, 0x74, 0x30, 0x5e, 0x36, 0x30, 0xb1,
  0x18, 0x38, 0xe5, 0x30, 0x86, 0x36, 0x88, 0xb1, 0x27, 0x38, 0x61, 0x31,
  0xb8, 0x36, 0xe3, 0xb1, 0x39, 0x38, 0xe7, 0x31, 0xf3, 0x36, 0x3e, 0xb2,
  0x4d, 0x38, 0x79, 0x32, 0x28, 0x37, 0x96, 0xb2, 0x5b, 0x38, 0x14, 0x33,
  0x6b, 0x37, 0xef, 0xb2, 0x6d, 0x38, 0xbb, 0x33, 0xb4, 0x37, 0x48, 0xb3,
  0x7f, 0x38, 0x36, 0x34, 0xfb, 0x37, 0x9e, 0xb3, 0x8c, 0x38, 0x94, 0x34,
  0x25, 0x38, 0xef, 0xb3, 0x99, 0x38, 0xf6, 0x34, 0x4e, 0x38, 0x1e, 0xb4,
  0xa2, 0x38, 0x5e, 0x35, 0x7d, 0x38, 0x45, 0xb4, 0xae, 0x38, 0xcc, 0x35,
  0xaa, 0x38, 0x68, 0xb4, 0xb1, 0x38, 0x40, 0x36, 0xd9, 0x38, 0x84, 0xb4,
  0xaf, 0x38, 0xbc, 0x36, 0x0f, 0x39, 0x9b, 0xb4, 0xad, 0x38, 0x45, 0x37,
  0x40, 0x39, 0xac, 0xb4, 0x9f, 0x38, 0xd0, 0x37, 0x71, 0x39, 0xb7, 0xb4,
  0x8d, 0x38, 0x30, 0x38, 0xa3, 0x39, 0xbc, 0xb4, 0x78, 0x38, 0x79, 0x38,
  0xd5, 0x39, 0xb9, 0xb4, 0x5c, 0x38, 0xc3, 0x38, 0x04, 0x3a, 0xaf, 0xb4,
  0x3a, 0x38, 0x0e, 0x39, 0x2f, 0x3a, 0x9e, 0xb4, 0x11, 0x38, 0x58, 0x39,
  0x5c, 0x3a, 0x89, 0xb4, 0xcc, 0x37, 0xa2, 0x39, 0x85, 0x3a, 0x6b, 0xb4,
  0x6b, 0x37, 0xeb, 0x39, 0xac, 0x3a, 0x48, 0xb4, 0x05, 0x37, 0x34, 0x3a,
  0xd2, 0x3a, 0x1e, 0xb4, 0x94, 0x36, 0x7d, 0x3a, 0xf6, 0x3a, 0xdd, 0xb3,
  0x20, 0x36, 0xc6, 0x3a, 0x13, 0x3b, 0x68, 0xb3, 0xa0, 0x35, 0x0e, 0x3b,
  0x30, 0x3b, 0xe6, 0xb2, 0x1a, 0x35, 0x57, 0x3b, 0x4e, 0x3b, 0x58, 0xb2,
  0x99, 0x34, 0x9f, 0x3b, 0x66, 0x3b, 0xc6, 0xb1, 0x12, 0x34, 0xe7, 0x3b,
  0x7a, 0x3b, 0x2b, 0xb1, 0x1c, 0x33, 0x16, 0x3c, 0x8c, 0x3b, 0x85, 0xb0,
  0x1e, 0x32, 0x35, 0x3c, 0x9e, 0x3b, 0xaf, 0xaf, 0x28, 0x31, 0x51, 0x3c,
  0xaa, 0x3b, 0x3f, 0xae, 0x31, 0x30, 0x6b, 0x3c, 0xbc, 0x3b, 0xa7, 0xac,
  0x57, 0x2e, 0x81, 0x3c, 0xd4, 0x3b, 0x31, 0xaa, 0x3e, 0x2c, 0x96, 0x3c,
  0xec, 0x3b, 0x1f, 0xa6, 0x37, 0x28, 0xa8, 0x3c, 0x00, 0x3c, 0x91, 0x0f,
  0x11, 0x85, 0xb9, 0x3c, 0x24, 0x35, 0x9d, 0x80, 0x49, 0x37, 0x6f, 0x00,
  0x52, 0x35, 0xc8, 0x8b, 0x8b, 0x37, 0x7e, 0x09, 0x53, 0x35, 0xc8, 0x93,
  0x8c, 0x37, 0x7d, 0x11, 0x51, 0x35, 0x60, 0x98, 0x89, 0x37, 0x2c, 0x16,
  0x51, 0x35, 0xc7, 0x9b, 0x89, 0x37, 0x7d, 0x19, 0x51, 0x35, 0x13, 0x9e,
  0x8a, 0x37, 0x4a, 0x1c, 0x51, 0x35, 0x60, 0xa0, 0x8a, 0x37, 0x2d, 0x1e,
  0x52, 0x35, 0xf4, 0xa1, 0x8a, 0x37, 0x35, 0x20, 0x52, 0x35, 0xc6, 0xa3,
  0x8a, 0x37, 0x7f, 0x21, 0x52, 0x35, 0xeb, 0xa4, 0x8a, 0x37, 0xf7, 0x22,
  0x53, 0x35, 0x11, 0xa6, 0x8b, 0x37, 0x4e, 0x24, 0x53, 0x35, 0x56, 0xa7,
  0x8b, 0x37, 0x38, 0x25, 0x54, 0x35, 0x5d, 0xa8, 0x8c, 0x37, 0x3a, 0x26,
  0x56, 0x35, 0x1a, 0xa9, 0x8e, 0x37, 0x56, 0x27, 0x58, 0x35, 0xe6, 0xa9,
  0x90, 0x37, 0x46, 0x28, 0x5a, 0x35, 0xc2, 0xaa, 0x92, 0x37, 0xee, 0x28,
  0x5d, 0x35, 0xac, 0xab, 0x94, 0x37, 0xa4, 0x29, 0x61, 0x35, 0x4f, 0xac,
  0x97, 0x37, 0x6a, 0x2a, 0x65, 0x35, 0xd0, 0xac, 0x9b, 0x37, 0x3f, 0x2b,
  0x6a, 0x35, 0x57, 0xad, 0x9f, 0x37, 0x12, 0x2c, 0x71, 0x35, 0xe2, 0xad,
  0xa4, 0x37, 0x8f, 0x2c, 0x7a, 0x35, 0x73, 0xae, 0xac, 0x37, 0x15, 0x2d,
  0x85, 0x35, 0x09, 0xaf, 0xb5, 0x37, 0xa6, 0x2d, 0x96, 0x35, 0xa4, 0xaf,
  0xc3, 0x37, 0x44, 0x2e, 0xaa, 0x35, 0x21, 0xb0, 0xd4, 0x37, 0xef, 0x2e,
  0xc2, 0x35, 0x73, 0xb0, 0xe9, 0x37, 0xa9, 0x2f, 0xdf, 0x35, 0xc8, 0xb0,
  0x00, 0x38, 0x3a, 0x30, 0x03, 0x36, 0x1d, 0xb1, 0x0f, 0x38, 0xa8, 0x30,
  0x32, 0x36, 0x76, 0xb1, 0x22, 0x38, 0x22, 0x31, 0x67, 0x36, 0xd2, 0xb1,
  0x36, 0x38, 0xa7, 0x31, 0x9a, 0x36, 0x2b, 0xb2, 0x46, 0x38, 0x35, 0x32,
  0xd5, 0x36, 0x84, 0xb2, 0x58, 0x38, 0xce, 0x32, 0x19, 0x37, 0xdf, 0xb2,
  0x6b, 0x38, 0x74, 0x33, 0x62, 0x37, 0x38, 0xb3, 0x7c, 0x38, 0x12, 0x34,
  0xb2, 0x37, 0x8f, 0xb3, 0x8e, 0x38, 0x71, 0x34, 0x02, 0x38, 0xe2, 0xb3,
  0x9c, 0x38, 0xd4, 0x34, 0x2c, 0x38, 0x19, 0xb4, 0xa7, 0x38, 0x3c, 0x35,
  0x59, 0x38, 0x3f, 0xb4, 0xaf, 0x38, 0xaa, 0x35, 0x87, 0x38, 0x62, 0xb4,
  0xb3, 0x38, 0x1c, 0x36, 0xb7, 0x38, 0x82, 0xb4, 0xb4, 0x38, 0x96, 0x36,
  0xeb, 0x38, 0x9a, 0xb4, 0xb0, 0x38, 0x1b, 0x37, 0x22, 0x39, 0xad, 0xb4,
  0xa8, 0x38, 0xa8, 0x37, 0x54, 0x39, 0xb9, 0xb4, 0x98, 0x38, 0x1d, 0x38,
  0x86, 0x39, 0xbe, 0xb4, 0x7e, 0x38, 0x67, 0x38, 0xb9, 0x39, 0xbd, 0xb4,
  0x64, 0x38, 0xb2, 0x38, 0xec, 0x39, 0xb4, 0xb4, 0x43, 0x38, 0xfe, 0x38,
  0x19, 0x3a, 0xa4, 0xb4, 0x1a, 0x38, 0x49, 0x39, 0x4a, 0x3a, 0x8e, 0xb4,
  0xe1, 0x37, 0x96, 0x39, 0x74, 0x3a, 0x71, 0xb4, 0x81, 0x37, 0xe0, 0x39,
  0x9e, 0x3a, 0x4e, 0xb4, 0x17, 0x37, 0x2b, 0x3a, 0xc2, 0x3a, 0x25, 0xb4,
  0xa6, 0x36, 0x75, 0x3a, 0xe9, 0x3a, 0xe8, 0xb3, 0x32, 0x36, 0xbd, 0x3a,
  0x08, 0x3b, 0x7e, 0xb3, 0xb3, 0x35, 0x06, 0x3b, 0x28, 0x3b, 0x00, 0xb3,
  0x30, 0x35, 0x50, 0x3b, 0x46, 0x3b, 0x71, 0xb2, 0xab, 0x34, 0x99, 0x3b,
  0x5e, 0x3b, 0xd8, 0xb1, 0x23, 0x34, 0xe2, 0x3b, 0x74, 0x3b, 0x39, 0xb1,
  0x38, 0x33, 0x15, 0x3c, 0x88, 0x3b, 0x92, 0xb0, 0x35, 0x32, 0x36, 0x3c,
  0x98, 0x3b, 0xbe, 0xaf, 0x3b, 0x31, 0x53, 0x3c, 0xa6, 0x3b, 0x4f, 0xae,
  0x41, 0x30, 0x6c, 0x3c, 0xb9, 0x3b, 0xcf, 0xac, 0x7b, 0x2e, 0x83, 0x3c,
  0xd2, 0x3b, 0x60, 0xaa, 0x53, 0x2c, 0x99, 0x3c, 0xeb, 0x3b, 0x2f, 0xa6,
  0x49, 0x28, 0xac, 0x3c, 0x00, 0x3c, 0xb8, 0x10, 0x0e, 0x8a, 0xbe, 0x3c,
  0xdb, 0x34, 0x9a, 0x80, 0x44, 0x37, 0x67, 0x00, 0xf1, 0x34, 0xa1, 0x8b,
  0x66, 0x37, 0x19, 0x09, 0xf3, 0x34, 0xa2, 0x93, 0x69, 0x37, 0x19, 0x11,
  0xf0, 0x34, 0x4a, 0x98, 0x64, 0x37, 0xbc, 0x15, 0xf0, 0x34, 0xa1, 0x9b,
  0x64, 0x37, 0x19, 0x19, 0xf0, 0x34, 0xf5, 0x9d, 0x64, 0x37, 0xf7, 0x1b,
  0xf0, 0x34, 0x4a, 0xa0, 0x64, 0x37, 0xbd, 0x1d, 0xf1, 0x34, 0xd6, 0xa1,
  0x64, 0x37, 0xd0, 0x1f, 0xf1, 0x34, 0x9f, 0xa3, 0x65, 0x37, 0x1b, 0x21,
  0xf1, 0x34, 0xd2, 0xa4, 0x65, 0x37, 0x78, 0x22, 0xf2, 0x34, 0xf3, 0xa5,
  0x65, 0x37, 0x00, 0x24, 0xf2, 0x34, 0x32, 0xa7, 0x66, 0x37, 0xda, 0x24,
  0xf3, 0x34, 0x47, 0xa8, 0x67, 0x37, 0xca, 0x25, 0xf5, 0x34, 0x00, 0xa9,
  0x69, 0x37, 0xd3, 0x26, 0xf7, 0x34, 0xc9, 0xa9, 0x6b, 0x37, 0xf4, 0x27,
  0xf9, 0x34, 0xa1, 0xaa, 0x6d, 0x37, 0x97, 0x28, 0xfc, 0x34, 0x85, 0xab,
  0x6f, 0x37, 0x42, 0x29, 0x00, 0x35, 0x3a, 0xac, 0x72, 0x37, 0xfc, 0x29,
  0x04, 0x35, 0xb8, 0xac, 0x76, 0x37, 0xc5, 0x2a, 0x0a, 0x35, 0x3c, 0xad,
  0x7b, 0x37, 0x9e, 0x2b, 0x12, 0x35, 0xc5, 0xad, 0x82, 0x37, 0x45, 0x2c,
  0x1a, 0x35, 0x52, 0xae, 0x89, 0x37, 0xc4, 0x2c, 0x27, 0x35, 0xe6, 0xae,
  0x95, 0x37, 0x4e, 0x2d, 0x37, 0x35, 0x7f, 0xaf, 0xa3, 0x37, 0xe5, 0x2d,
  0x4c, 0x35, 0x0d, 0xb0, 0xb6, 0x37, 0x89, 0x2e, 0x68, 0x35, 0x5f, 0xb0,
  0xd0, 0x37, 0x3e, 0x2f, 0x86, 0x35, 0xb3, 0xb0, 0xe9, 0x37, 0x01, 0x30,
  0xaf, 0x35, 0x09, 0xb1, 0x07, 0x38, 0x6d, 0x30, 0xd7, 0x35, 0x60, 0xb1,
  0x16, 0x38, 0xe3, 0x30, 0x0e, 0x36, 0xbc, 0xb1, 0x2c, 0x38, 0x65, 0x31,
  0x44, 0x36, 0x16, 0xb2, 0x3e, 0x38, 0xf1, 0x31, 0x86, 0x36, 0x70, 0xb2,
  0x55, 0x38, 0x8a, 0x32, 0xce, 0x36, 0xcc, 0xb2, 0x6a, 0x38, 0x30, 0x33,
  0x1b, 0x37, 0x27, 0xb3, 0x7e, 0x38, 0xe1, 0x33, 0x6a, 0x37, 0x7e, 0xb3,
  0x8f, 0x38, 0x4e, 0x34, 0xbf, 0x37, 0xd3, 0xb3, 0x9e, 0x38, 0xb2, 0x34,
  0x0b, 0x38, 0x12, 0xb4, 0xaa, 0x38, 0x1a, 0x35, 0x39, 0x38, 0x38, 0xb4,
  0xb3, 0x38, 0x89, 0x35, 0x68, 0x38, 0x5b, 0xb4, 0xb7, 0x38, 0xfc, 0x35,
  0x97, 0x38, 0x7b, 0xb4, 0xb5, 0x38, 0x74, 0x36, 0xc9, 0x38, 0x97, 0xb4,
  0xb3, 0x38, 0xf5, 0x36, 0xff, 0x38, 0xac, 0xb4, 0xab, 0x38, 0x80, 0x37,
  0x38, 0x39, 0xb9, 0xb4, 0x9e, 0x38, 0x09, 0x38, 0x6b, 0x39, 0xc0, 0xb4,
  0x87, 0x38, 0x54, 0x38, 0xa0, 0x39, 0xc0, 0xb4, 0x6b, 0x38, 0xa0, 0x38,
  0xd4, 0x39, 0xb9, 0xb4, 0x4b, 0x38, 0xee, 0x38, 0x05, 0x3a, 0xa9, 0xb4,
  0x24, 0x38, 0x3b, 0x39, 0x34, 0x3a, 0x93, 0xb4, 0xf0, 0x37, 0x88, 0x39,
  0x65, 0x3a, 0x77, 0xb4, 0x96, 0x37, 0xd6, 0x39, 0x8e, 0x3a, 0x53, 0xb4,
  0x2a, 0x37, 0x21, 0x3a, 0xb4, 0x3a, 0x29, 0xb4, 0xb7, 0x36, 0x6c, 0x3a,
  0xdb, 0x3a, 0xf4, 0xb3, 0x43, 0x36, 0xb5, 0x3a, 0xfd, 0x3a, 0x87, 0xb3,
  0xc4, 0x35, 0xff, 0x3a, 0x1e, 0x3b, 0x13, 0xb3, 0x44, 0x35, 0x49, 0x3b,
  0x3c, 0x3b, 0x8a, 0xb2, 0xbe, 0x34, 0x92, 0x3b, 0x57, 0x3b, 0xf0, 0xb1,
  0x32, 0x34, 0xdf, 0x3b, 0x6f, 0x3b, 0x4d, 0xb1, 0x55, 0x33, 0x14, 0x3c,
  0x85, 0x3b, 0x9f, 0xb0, 0x4c, 0x32, 0x36, 0x3c, 0x96, 0x3b, 0xd1, 0xaf,
  0x48, 0x31, 0x54, 0x3c, 0xa4, 0x3b, 0x58, 0xae, 0x4e, 0x30, 0x6e, 0x3c,
  0xb7, 0x3b, 0xd6, 0xac, 0x8f, 0x2e, 0x86, 0x3c, 0xd0, 0x3b, 0x94, 0xaa,
  0x6a, 0x2c, 0x9c, 0x3c, 0xea, 0x3b, 0x9e, 0xa6, 0x6b, 0x28, 0xaf, 0x3c,
  0x00, 0x3c, 0x10, 0x11, 0x72, 0x8c, 0xc2, 0x3c, 0x93, 0x34, 0x98, 0x80,
  0x3d, 0x37, 0x60, 0x00, 0x8e, 0x34, 0x73, 0x8b, 0x36, 0x37, 0xb5, 0x08,
  0x90, 0x34, 0x75, 0x93, 0x39, 0x37, 0xb6, 0x10, 0x91, 0x34, 0x32, 0x98,
  0x3a, 0x37, 0x4d, 0x15, 0x91, 0x34, 0x75, 0x9b, 0x3a, 0x37, 0xb6, 0x18,
  0x91, 0x34, 0xd3, 0x9d, 0x3a, 0x37, 0x5d, 0x1b, 0x91, 0x34, 0x31, 0xa0,
  0x3a, 0x37, 0x4e, 0x1d, 0x91, 0x34, 0xb5, 0xa1, 0x3a, 0x37, 0x39, 0x1f,
  0x91, 0x34, 0x74, 0xa3, 0x3a, 0x37, 0xb9, 0x20, 0x92, 0x34, 0xb7, 0xa4,
  0x3a, 0x37, 0xfc, 0x21, 0x92, 0x34, 0xd1, 0xa5, 0x3b, 0x37, 0x67, 0x23,
  0x93, 0x34, 0x08, 0xa7, 0x3c, 0x37, 0x7d, 0x24, 0x94, 0x34, 0x2d, 0xa8,
  0x3d, 0x37, 0x5c, 0x25, 0x96, 0x34, 0xe3, 0xa8, 0x3f, 0x37, 0x53, 0x26,
  0x98, 0x34, 0xa8, 0xa9, 0x41, 0x37, 0x5f, 0x27, 0x9a, 0x34, 0x7a, 0xaa,
  0x43, 0x37, 0x42, 0x28, 0x9d, 0x34, 0x58, 0xab, 0x46, 0x37, 0xe2, 0x28,
  0xa1, 0x34, 0x22, 0xac, 0x49, 0x37, 0x90, 0x29, 0xa5, 0x34, 0x9c, 0xac,
  0x4d, 0x37, 0x4c, 0x2a, 0xab, 0x34, 0x1d, 0xad, 0x53, 0x37, 0x19, 0x2b,
  0xb3, 0x34, 0xa4, 0xad, 0x5a, 0x37, 0xf7, 0x2b, 0xbd, 0x34, 0x2e, 0xae,
  0x63, 0x37, 0x74, 0x2c, 0xcb, 0x34, 0xbf, 0xae, 0x71, 0x37, 0xf8, 0x2c,
  0xdb, 0x34, 0x55, 0xaf, 0x7f, 0x37, 0x88, 0x2d, 0xf2, 0x34, 0xee, 0xaf,
  0x97, 0x37, 0x27, 0x2e, 0x0b, 0x35, 0x48, 0xb0, 0xae, 0x37, 0xd3, 0x2e,
  0x30, 0x35, 0x9c, 0xb0, 0xd1, 0x37, 0x93, 0x2f, 0x55, 0x35, 0xf1, 0xb0,
  0xf2, 0x37, 0x32, 0x30, 0x82, 0x35, 0x48, 0xb1, 0x0c, 0x38, 0xa6, 0x30,
  0xb9, 0x35, 0xa3, 0xb1, 0x22, 0x38, 0x25, 0x31, 0xf8, 0x35, 0x00, 0xb2,
  0x3a, 0x38, 0xb1, 0x31, 0x35, 0x36, 0x5a, 0xb2, 0x4d, 0x38, 0x46, 0x32,
  0x7b, 0x36, 0xb5, 0xb2, 0x62, 0x38, 0xea, 0x32, 0xc8, 0x36, 0x10, 0xb3,
  0x76, 0x38, 0x99, 0x33, 0x1a, 0x37, 0x69, 0xb3, 0x88, 0x38, 0x2b, 0x34,
  0x70, 0x37, 0xbf, 0xb3, 0x98, 0x38, 0x8f, 0x34, 0xc9, 0x37, 0x08, 0xb4,
  0xa5, 0x38, 0xf8, 0x34, 0x15, 0x38, 0x2e, 0xb4, 0xaf, 0x38, 0x67, 0x35,
  0x48, 0x38, 0x53, 0xb4, 0xb9, 0x38, 0xdc, 0x35, 0x79, 0x38, 0x74, 0xb4,
  0xb9, 0x38, 0x55, 0x36, 0xab, 0x38, 0x91, 0xb4, 0xb5, 0x38, 0xd4, 0x36,
  0xdf, 0x38, 0xa8, 0xb4, 0xad, 0x38, 0x5a, 0x37, 0x16, 0x39, 0xb8, 0xb4,
  0x9f, 0x38, 0xea, 0x37, 0x51, 0x39, 0xc1, 0xb4, 0x8e, 0x38, 0x42, 0x38,
  0x84, 0x39, 0xc2, 0xb4, 0x71, 0x38, 0x8f, 0x38, 0xba, 0x39, 0xbc, 0xb4,
  0x51, 0x38, 0xdd, 0x38, 0xee, 0x39, 0xad, 0xb4, 0x2c, 0x38, 0x2b, 0x39,
  0x1f, 0x3a, 0x98, 0xb4, 0xff, 0x37, 0x7b, 0x39, 0x4f, 0x3a, 0x7b, 0xb4,
  0xa1, 0x37, 0xca, 0x39, 0x7c, 0x3a, 0x58, 0xb4, 0x38, 0x37, 0x17, 0x3a,
  0xa7, 0x3a, 0x2e, 0xb4, 0xc9, 0x36, 0x64, 0x3a, 0xcd, 0x3a, 0xfc, 0xb3,
  0x50, 0x36, 0xb0, 0x3a, 0xf1, 0x3a, 0x90, 0xb3, 0xd2, 0x35, 0xf9, 0x3a,
  0x14, 0x3b, 0x17, 0xb3, 0x52, 0x35, 0x43, 0x3b, 0x34, 0x3b, 0x99, 0xb2,
  0xd0, 0x34, 0x8e, 0x3b, 0x51, 0x3b, 0x0a, 0xb2, 0x44, 0x34, 0xda, 0x3b,
  0x6a, 0x3b, 0x63, 0xb1, 0x6f, 0x33, 0x13, 0x3c, 0x81, 0x3b, 0xb2, 0xb0,
  0x61, 0x32, 0x36, 0x3c, 0x94, 0x3b, 0xed, 0xaf, 0x5c, 0x31, 0x56, 0x3c,
  0xa3, 0x3b, 0x66, 0xae, 0x5b, 0x30, 0x71, 0x3c, 0xb6, 0x3b, 0xdc, 0xac,
  0xa5, 0x2e, 0x89, 0x3c, 0xcf, 0x3b, 0x8c, 0xaa, 0x76, 0x2c, 0x9f, 0x3c,
  0xe9, 0x3b, 0xd9, 0xa6, 0x83, 0x28, 0xb4, 0x3c, 0x00, 0x3c, 0x44, 0x90,
  0xc0, 0x0c, 0xc7, 0x3c, 0x37, 0x34, 0x94, 0x80, 0x12, 0x37, 0x58, 0x00,
  0x33, 0x34, 0x45, 0x8b, 0x0a, 0x37, 0x56, 0x08, 0x32, 0x34, 0x44, 0x93,
  0x0a, 0x37, 0x55, 0x10, 0x32, 0x34, 0x16, 0x98, 0x09, 0x37, 0xe0, 0x14,
  0x33, 0x34, 0x43, 0x9b, 0x0a, 0x37, 0x55, 0x18, 0x33, 0x34, 0xad, 0x9d,
  0x0a, 0x37, 0xc6, 0x1a, 0x33, 0x34, 0x16, 0xa0, 0x0a, 0x37, 0xe1, 0x1c,
  0x33, 0x34, 0x8f, 0xa1, 0x0a, 0x37, 0xa5, 0x1e, 0x33, 0x34, 0x42, 0xa3,
  0x0b, 0x37, 0x58, 0x20, 0x34, 0x34, 0x98, 0xa4, 0x0b, 0x37, 0x81, 0x21,
  0x34, 0x34, 0xab, 0xa5, 0x0b, 0x37, 0xd0, 0x22, 0x35, 0x34, 0xda, 0xa6,
  0x0c, 0x37, 0x22, 0x24, 0x36, 0x34, 0x11, 0xa8, 0x0e, 0x37, 0xf1, 0x24,
  0x38, 0x34, 0xc2, 0xa8, 0x10, 0x37, 0xd4, 0x25, 0x3a, 0x34, 0x82, 0xa9,
  0x11, 0x37, 0xcd, 0x26, 0x3c, 0x34, 0x50, 0xaa, 0x13, 0x37, 0xdd, 0x27,
  0x3f, 0x34, 0x27, 0xab, 0x16, 0x37, 0x83, 0x28, 0x43, 0x34, 0x06, 0xac,
  0x1a, 0x37, 0x25, 0x29, 0x48, 0x34, 0x7d, 0xac, 0x1f, 0x37, 0xd6, 0x29,
  0x4e, 0x34, 0xfb, 0xac, 0x25, 0x37, 0x96, 0x2a, 0x56, 0x34, 0x7e, 0xad,
  0x2c, 0x37, 0x67, 0x2b, 0x61, 0x34, 0x05, 0xae, 0x38, 0x37, 0x26, 0x2c,
  0x6e, 0x34, 0x93, 0xae, 0x44, 0x37, 0xa3, 0x2c, 0x82, 0x34, 0x27, 0xaf,
  0x5a, 0x37, 0x2d, 0x2d, 0x99, 0x34, 0xbf, 0xaf, 0x72, 0x37, 0xc5, 0x2d,
  0xb6, 0x34, 0x2f, 0xb0, 0x90, 0x37, 0x6c, 0x2e, 0xd7, 0x34, 0x81, 0xb0,
  0xaf, 0x37, 0x25, 0x2f, 0x00, 0x35, 0xd6, 0xb0, 0xd5, 0x37, 0xf1, 0x2f,
  0x33, 0x35, 0x2e, 0xb1, 0x02, 0x38, 0x6a, 0x30, 0x67, 0x35, 0x89, 0xb1,
  0x17, 0x38, 0xe7, 0x30, 0xa4, 0x35, 0xe5, 0xb1, 0x2e, 0x38, 0x6f, 0x31,
  0xe2, 0x35, 0x3f, 0xb2, 0x43, 0x38, 0x03, 0x32, 0x2b, 0x36, 0x9a, 0xb2,
  0x59, 0x38, 0xa5, 0x32, 0x7b, 0x36, 0xf8, 0xb2, 0x6f, 0x38, 0x55, 0x33,
  0xce, 0x36, 0x51, 0xb3, 0x82, 0x38, 0x08, 0x34, 0x26, 0x37, 0xa8, 0xb3,
  0x93, 0x38, 0x6c, 0x34, 0x81, 0x37, 0xfb, 0xb3, 0xa0, 0x38, 0xd6, 0x34,
  0xe5, 0x37, 0x25, 0xb4, 0xad, 0x38, 0x47, 0x35, 0x25, 0x38, 0x4a, 0xb4,
  0xb4, 0x38, 0xbd, 0x35, 0x59, 0x38, 0x6b, 0xb4, 0xb8, 0x38, 0x38, 0x36,
  0x8f, 0x38, 0x89, 0xb4, 0xb7, 0x38, 0xb7, 0x36, 0xc2, 0x38, 0xa2, 0xb4,
  0xae, 0x38, 0x3c, 0x37, 0xfb, 0x38, 0xb6, 0xb4, 0xa5, 0x38, 0xc9, 0x37,
  0x36, 0x39, 0xc0, 0xb4, 0x93, 0x38, 0x2f, 0x38, 0x6b, 0x39, 0xc3, 0xb4,
  0x78, 0x38, 0x7d, 0x38, 0xa1, 0x39, 0xbe, 0xb4, 0x56, 0x38, 0xcc, 0x38,
  0xd8, 0x39, 0xb2, 0xb4, 0x32, 0x38, 0x1d, 0x39, 0x09, 0x3a, 0x9c, 0xb4,
  0x06, 0x38, 0x6c, 0x39, 0x39, 0x3a, 0x7f, 0xb4, 0xab, 0x37, 0xbb, 0x39,
  0x6a, 0x3a, 0x5c, 0xb4, 0x44, 0x37, 0x0c, 0x3a, 0x95, 0x3a, 0x33, 0xb4,
  0xd1, 0x36, 0x5b, 0x3a, 0xbf, 0x3a, 0x03, 0xb4, 0x5b, 0x36, 0xa9, 0x3a,
  0xe6, 0x3a, 0x98, 0xb3, 0xdd, 0x35, 0xf6, 0x3a, 0x08, 0x3b, 0x20, 0xb3,
  0x5b, 0x35, 0x41, 0x3b, 0x2c, 0x3b, 0x9e, 0xb2, 0xda, 0x34, 0x8c, 0x3b,
  0x48, 0x3b, 0x12, 0xb2, 0x51, 0x34, 0xd7, 0x3b, 0x65, 0x3b, 0x7a, 0xb1,
  0x91, 0x33, 0x12, 0x3c, 0x7c, 0x3b, 0xc9, 0xb0, 0x79, 0x32, 0x36, 0x3c,
  0x8e, 0x3b, 0x0b, 0xb0, 0x70, 0x31, 0x57, 0x3c, 0x9e, 0x3b, 0x7f, 0xae,
  0x6b, 0x30, 0x73, 0x3c, 0xb2, 0x3b, 0xe8, 0xac, 0xb9, 0x2e, 0x8d, 0x3c,
  0xcd, 0x3b, 0x8e, 0xaa, 0x80, 0x2c, 0xa4, 0x3c, 0xe8, 0x3b, 0x85, 0xa6,
  0x7f, 0x28, 0xb8, 0x3c, 0x00, 0x3c, 0xe1, 0x01, 0xf4, 0x00, 0xcc, 0x3c,
  0x44, 0x33, 0x8d, 0x80, 0x78, 0x36, 0x4f, 0x00, 0xac, 0x33, 0x0c, 0x8b,
  0xd4, 0x36, 0xeb, 0x07, 0xad, 0x33, 0x0d, 0x93, 0xd5, 0x36, 0xec, 0x0f,
  0xad, 0x33, 0xef, 0x97, 0xd5, 0x36, 0x75, 0x14, 0xad, 0x33, 0x0d, 0x9b,
  0xd5, 0x36, 0xed, 0x17, 0xae, 0x33, 0x82, 0x9d, 0xd5, 0x36, 0x31, 0x1a,
  0xae, 0x33, 0xee, 0x9f, 0xd5, 0x36, 0x76, 0x1c, 0xae, 0x33, 0x65, 0xa1,
  0xd5, 0x36, 0x14, 0x1e, 0xaf, 0x33, 0x0c, 0xa3, 0xd6, 0x36, 0xf2, 0x1f,
  0xaf, 0x33, 0x75, 0xa4, 0xd6, 0x36, 0x0a, 0x21, 0xb0, 0x33, 0x80, 0xa5,
  0xd7, 0x36, 0x3c, 0x22, 0xb2, 0x33, 0xa6, 0xa6, 0xd8, 0x36, 0x92, 0x23,
  0xb5, 0x33, 0xe3, 0xa7, 0xd9, 0x36, 0x87, 0x24, 0xb8, 0x33, 0x9f, 0xa8,
  0xdb, 0x36, 0x58, 0x25, 0xbb, 0x33, 0x59, 0xa9, 0xdd, 0x36, 0x3e, 0x26,
  0xc0, 0x33, 0x1f, 0xaa, 0xdf, 0x36, 0x3a, 0x27, 0xc6, 0x33, 0xf1, 0xaa,
  0xe3, 0x36, 0x27, 0x28, 0xce, 0x33, 0xcf, 0xab, 0xe6, 0x36, 0xbd, 0x28,
  0xd8, 0x33, 0x5c, 0xac, 0xec, 0x36, 0x62, 0x29, 0xe5, 0x33, 0xd6, 0xac,
  0xf2, 0x36, 0x16, 0x2a, 0xf6, 0x33, 0x55, 0xad, 0xfb, 0x36, 0xdb, 0x2a,
  0x07, 0x34, 0xd9, 0xad, 0x08, 0x37, 0xb4, 0x2b, 0x16, 0x34, 0x64, 0xae,
  0x18, 0x37, 0x51, 0x2c, 0x29, 0x34, 0xf3, 0xae, 0x2e, 0x37, 0xd4, 0x2c,
  0x42, 0x34, 0x89, 0xaf, 0x4a, 0x37, 0x66, 0x2d, 0x5f, 0x34, 0x13, 0xb0,
  0x67, 0x37, 0x07, 0x2e, 0x84, 0x34, 0x65, 0xb0, 0x8e, 0x37, 0xbb, 0x2e,
  0xb1, 0x34, 0xba, 0xb0, 0xbd, 0x37, 0x84, 0x2f, 0xe0, 0x34, 0x11, 0xb1,
  0xe6, 0x37, 0x30, 0x30, 0x16, 0x35, 0x6b, 0xb1, 0x0a, 0x38, 0xaa, 0x30,
  0x55, 0x35, 0xc7, 0xb1, 0x23, 0x38, 0x30, 0x31, 0x99, 0x35, 0x24, 0xb2,
  0x3b, 0x38, 0xc4, 0x31, 0xe3, 0x35, 0x80, 0xb2, 0x53, 0x38, 0x64, 0x32,
  0x34, 0x36, 0xdd, 0xb2, 0x6a, 0x38, 0x13, 0x33, 0x88, 0x36, 0x38, 0xb3,
  0x7d, 0x38, 0xcf, 0x33, 0xe2, 0x36, 0x91, 0xb3, 0x8f, 0x38, 0x4c, 0x34,
  0x3e, 0x37, 0xe4, 0xb3, 0x9c, 0x38, 0xb6, 0x34, 0x9f, 0x37, 0x19, 0xb4,
  0xa6, 0x38, 0x27, 0x35, 0x02, 0x38, 0x3f, 0xb4, 0xae, 0x38, 0x9e, 0x35,
  0x39, 0x38, 0x61, 0xb4, 0xb3, 0x38, 0x19, 0x36, 0x72, 0x38, 0x80, 0xb4,
  0xb7, 0x38, 0x9c, 0x36, 0xa7, 0x38, 0x99, 0xb4, 0xae, 0x38, 0x21, 0x37,
  0xde, 0x38, 0xaf, 0xb4, 0xa2, 0x38, 0xac, 0x37, 0x16, 0x39, 0xbd, 0xb4,
  0x92, 0x38, 0x1e, 0x38, 0x52, 0x39, 0xc2, 0xb4, 0x7d, 0x38, 0x6b, 0x38,
  0x87, 0x39, 0xbf, 0xb4, 0x5b, 0x38, 0xbb, 0x38, 0xbe, 0x39, 0xb3, 0xb4,
  0x36, 0x38, 0x0c, 0x39, 0xf4, 0x39, 0xa0, 0xb4, 0x0b, 0x38, 0x5e, 0x39,
  0x26, 0x3a, 0x84, 0xb4, 0xb8, 0x37, 0xb0, 0x39, 0x59, 0x3a, 0x61, 0xb4,
  0x51, 0x37, 0x01, 0x3a, 0x85, 0x3a, 0x36, 0xb4, 0xdd, 0x36, 0x51, 0x3a,
  0xaf, 0x3a, 0x06, 0xb4, 0x64, 0x36, 0xa1, 0x3a, 0xd7, 0x3a, 0xa0, 0xb3,
  0xe7, 0x35, 0xef, 0x3a, 0xfc, 0x3a, 0x28, 0xb3, 0x63, 0x35, 0x3f, 0x3b,
  0x1e, 0x3b, 0xa4, 0xb2, 0xdd, 0x34, 0x8c, 0x3b, 0x3d, 0x3b, 0x17, 0xb2,
  0x55, 0x34, 0xd8, 0x3b, 0x5a, 0x3b, 0x81, 0xb1, 0x99, 0x33, 0x14, 0x3c,
  0x72, 0x3b, 0xde, 0xb0, 0x8b, 0x32, 0x38, 0x3c, 0x88, 0x3b, 0x25, 0xb0,
  0x85, 0x31, 0x59, 0x3c, 0x99, 0x3b, 0xac, 0xae, 0x7c, 0x30, 0x76, 0x3c,
  0xaf, 0x3b, 0x01, 0xad, 0xd0, 0x2e, 0x90, 0x3c, 0xcc, 0x3b, 0x9e, 0xaa,
  0x8e, 0x2c, 0xa8, 0x3c, 0xe8, 0x3b, 0x80, 0xa6, 0x89, 0x28, 0xbd, 0x3c,
  0x00, 0x3c, 0x97, 0x12, 0x6c, 0x8d, 0xd2, 0x3c, 0xdf, 0x32, 0x8a, 0x80,
  0x82, 0x36, 0x49, 0x00, 0xfa, 0x32, 0xd2, 0x8a, 0x9c, 0x36, 0x34, 0x07,
  0xfa, 0x32, 0xd1, 0x92, 0x9b, 0x36, 0x33, 0x0f, 0xfa, 0x32, 0xab, 0x97,
  0x9b, 0x36, 0x0d, 0x14, 0xfa, 0x32, 0xd1, 0x9a, 0x9b, 0x36, 0x33, 0x17,
  0xfa, 0x32, 0x53, 0x9d, 0x9b, 0x36, 0xa0, 0x19, 0xfa, 0x32, 0xab, 0x9f,
  0x9b, 0x36, 0x0e, 0x1c, 0xfa, 0x32, 0x38, 0xa1, 0x9b, 0x36, 0x86, 0x1d,
  0xfb, 0x32, 0xd0, 0xa2, 0x9c, 0x36, 0x39, 0x1f, 0xfc, 0x32, 0x4f, 0xa4,
  0x9c, 0x36, 0x95, 0x20, 0xfd, 0x32, 0x51, 0xa5, 0x9d, 0x36, 0xac, 0x21,
  0xfe, 0x32, 0x6d, 0xa6, 0x9e, 0x36, 0xe4, 0x22, 0x01, 0x33, 0xa0, 0xa7,
  0xa0, 0x36, 0x20, 0x24, 0x04, 0x33, 0x77, 0xa8, 0xa1, 0x36, 0xdf, 0x24,
  0x08, 0x33, 0x2c, 0xa9, 0xa3, 0x36, 0xb2, 0x25, 0x0d, 0x33, 0xea, 0xa9,
  0xa6, 0x36, 0x9a, 0x26, 0x12, 0x33, 0xb6, 0xaa, 0xa9, 0x36, 0x98, 0x27,
  0x1b, 0x33, 0x8c, 0xab, 0xae, 0x36, 0x58, 0x28, 0x25, 0x33, 0x36, 0xac,
  0xb3, 0x36, 0xf1, 0x28, 0x33, 0x33, 0xad, 0xac, 0xbb, 0x36, 0x99, 0x29,
  0x45, 0x33, 0x27, 0xad, 0xc5, 0x36, 0x52, 0x2a, 0x5d, 0x33, 0xa8, 0xad,
  0xd3, 0x36, 0x1e, 0x2b, 0x7c, 0x33, 0x2f, 0xae, 0xe5, 0x36, 0xff, 0x2b,
  0xa7, 0x33, 0xbc, 0xae, 0xff, 0x36, 0x7e, 0x2c, 0xda, 0x33, 0x50, 0xaf,
  0x1c, 0x37, 0x09, 0x2d, 0x0d, 0x34, 0xea, 0xaf, 0x41, 0x37, 0xa6, 0x2d,
  0x33, 0x34, 0x46, 0xb0, 0x69, 0x37, 0x54, 0x2e, 0x5f, 0x34, 0x9a, 0xb0,
  0x97, 0x37, 0x16, 0x2f, 0x91, 0x34, 0xf2, 0xb0, 0xc8, 0x37, 0xef, 0x2f,
  0xcb, 0x34, 0x4c, 0xb1, 0xfb, 0x37, 0x6f, 0x30, 0x07, 0x35, 0xa8, 0xb1,
  0x15, 0x38, 0xf3, 0x30, 0x4c, 0x35, 0x05, 0xb2, 0x2e, 0x38, 0x85, 0x31,
  0x98, 0x35, 0x63, 0xb2, 0x47, 0x38, 0x25, 0x32, 0xe9, 0x35, 0xbf, 0xb2,
  0x5e, 0x38, 0xd2, 0x32, 0x3f, 0x36, 0x1b, 0xb3, 0x73, 0x38, 0x8d, 0x33,
  0x99, 0x36, 0x75, 0xb3, 0x85, 0x38, 0x2b, 0x34, 0xf9, 0x36, 0xcb, 0xb3,
  0x94, 0x38, 0x97, 0x34, 0x61, 0x37, 0x0e, 0xb4, 0xa3, 0x38, 0x08, 0x35,
  0xc5, 0x37, 0x33, 0xb4, 0xa8, 0x38, 0x7f, 0x35, 0x18, 0x38, 0x56, 0xb4,
  0xad, 0x38, 0xfd, 0x35, 0x52, 0x38, 0x75, 0xb4, 0xae, 0x38, 0x7f, 0x36,
  0x8b, 0x38, 0x8f, 0xb4, 0xab, 0x38, 0x07, 0x37, 0xc1, 0x38, 0xa4, 0xb4,
  0x9e, 0x38, 0x91, 0x37, 0xfc, 0x38, 0xb5, 0xb4, 0x91, 0x38, 0x11, 0x38,
  0x38, 0x39, 0xbe, 0xb4, 0x7e, 0x38, 0x5c, 0x38, 0x6f, 0x39, 0xbf, 0xb4,
  0x5f, 0x38, 0xaa, 0x38, 0xa7, 0x39, 0xb5, 0xb4, 0x3b, 0x38, 0xfb, 0x38,
  0xe0, 0x39, 0xa3, 0xb4, 0x12, 0x38, 0x4f, 0x39, 0x12, 0x3a, 0x89, 0xb4,
  0xc2, 0x37, 0xa2, 0x39, 0x48, 0x3a, 0x66, 0xb4, 0x5e, 0x37, 0xf6, 0x39,
  0x75, 0x3a, 0x3c, 0xb4, 0xea, 0x36, 0x47, 0x3a, 0x9e, 0x3a, 0x0b, 0xb4,
  0x6e, 0x36, 0x98, 0x3a, 0xcb, 0x3a, 0xa7, 0xb3, 0xf1, 0x35, 0xe9, 0x3a,
  0xf0, 0x3a, 0x2f, 0xb3, 0x6c, 0x35, 0x39, 0x3b, 0x15, 0x3b, 0xab, 0xb2,
  0xe6, 0x34, 0x8b, 0x3b, 0x37, 0x3b, 0x1a, 0xb2, 0x5d, 0x34, 0xda, 0x3b,
  0x54, 0x3b, 0x82, 0xb1, 0xa8, 0x33, 0x15, 0x3c, 0x6d, 0x3b, 0xdf, 0xb0,
  0x98, 0x32, 0x3b, 0x3c, 0x85, 0x3b, 0x2b, 0xb0, 0x8f, 0x31, 0x5c, 0x3c,
  0x97, 0x3b, 0xd5, 0xae, 0x8d, 0x30, 0x79, 0x3c, 0xad, 0x3b, 0x2d, 0xad,
  0xf1, 0x2e, 0x94, 0x3c, 0xc9, 0x3b, 0xe7, 0xaa, 0xa9, 0x2c, 0xac, 0x3c,
  0xe7, 0x3b, 0xbb, 0xa6, 0x9e, 0x28, 0xc3, 0x3c, 0x00, 0x3c, 0x70, 0x15,
  0x95, 0x90, 0xd8, 0x3c, 0x35, 0x32, 0x85, 0x80, 0x46, 0x36, 0x42, 0x00,
  0x4c, 0x32, 0x90, 0x8a, 0x5d, 0x36, 0x7f, 0x06, 0x4b, 0x32, 0x90, 0x92,
  0x5c, 0x36, 0x7e, 0x0e, 0x4b, 0x32, 0x62, 0x97, 0x5c, 0x36, 0x4e, 0x13,
  0x4b, 0x32, 0x90, 0x9a, 0x5c, 0x36, 0x7f, 0x16, 0x4b, 0x32, 0x20, 0x9d,
  0x5c, 0x36, 0x14, 0x19, 0x4b, 0x32, 0x62, 0x9f, 0x5c, 0x36, 0x51, 0x1b,
  0x4c, 0x32, 0x06, 0xa1, 0x5c, 0x36, 0xfc, 0x1c, 0x4c, 0x32, 0x8f, 0xa2,
  0x5d, 0x36, 0x85, 0x1e, 0x4d, 0x32, 0x26, 0xa4, 0x5d, 0x36, 0x23, 0x20,
  0x4e, 0x32, 0x1e, 0xa5, 0x5e, 0x36, 0x1f, 0x21, 0x50, 0x32, 0x2e, 0xa6,
  0x5f, 0x36, 0x3b, 0x22, 0x53, 0x32, 0x57, 0xa7, 0x61, 0x36, 0x76, 0x23,
  0x55, 0x32, 0x4d, 0xa8, 0x62, 0x36, 0x6a, 0x24, 0x59, 0x32, 0xfa, 0xa8,
  0x65, 0x36, 0x2a, 0x25, 0x5e, 0x32, 0xb1, 0xa9, 0x68, 0x36, 0xff, 0x25,
  0x64, 0x32, 0x75, 0xaa, 0x6b, 0x36, 0xe8, 0x26, 0x6d, 0x32, 0x43, 0xab,
  0x70, 0x36, 0xea, 0x27, 0x77, 0x32, 0x0e, 0xac, 0x76, 0x36, 0x83, 0x28,
  0x86, 0x32, 0x80, 0xac, 0x7f, 0x36, 0x20, 0x29, 0x99, 0x32, 0xf7, 0xac,
  0x8b, 0x36, 0xcd, 0x29, 0xb2, 0x32, 0x74, 0xad, 0x9a, 0x36, 0x8d, 0x2a,
  0xd6, 0x32, 0xf7, 0xad, 0xb1, 0x36, 0x64, 0x2b, 0x00, 0x33, 0x81, 0xae,
  0xcb, 0x36, 0x2a, 0x2c, 0x38, 0x33, 0x13, 0xaf, 0xef, 0x36, 0xb1, 0x2c,
  0x7b, 0x33, 0xaa, 0xaf, 0x16, 0x37, 0x47, 0x2d, 0xc5, 0x33, 0x25, 0xb0,
  0x3f, 0x37, 0xf0, 0x2d, 0x14, 0x34, 0x7a, 0xb0, 0x76, 0x37, 0xaf, 0x2e,
  0x44, 0x34, 0xd0, 0xb0, 0xa3, 0x37, 0x80, 0x2f, 0x7e, 0x34, 0x2a, 0xb1,
  0xd9, 0x37, 0x36, 0x30, 0xba, 0x34, 0x85, 0xb1, 0x04, 0x38, 0xb8, 0x30,
  0x01, 0x35, 0xe3, 0xb1, 0x1f, 0x38, 0x48, 0x31, 0x4d, 0x35, 0x42, 0xb2,
  0x39, 0x38, 0xe6, 0x31, 0x9e, 0x35, 0xa0, 0xb2, 0x50, 0x38, 0x92, 0x32,
  0xf4, 0x35, 0xfb, 0xb2, 0x65, 0x38, 0x4c, 0x33, 0x50, 0x36, 0x57, 0xb3,
  0x78, 0x38, 0x0b, 0x34, 0xb7, 0x36, 0xaf, 0xb3, 0x8b, 0x38, 0x77, 0x34,
  0x1a, 0x37, 0xff, 0xb3, 0x96, 0x38, 0xe9, 0x34, 0x8b, 0x37, 0x27, 0xb4,
  0xa4, 0x38, 0x63, 0x35, 0xf3, 0x37, 0x49, 0xb4, 0xa5, 0x38, 0xe1, 0x35,
  0x33, 0x38, 0x69, 0xb4, 0xa7, 0x38, 0x65, 0x36, 0x6d, 0x38, 0x84, 0xb4,
  0xa4, 0x38, 0xee, 0x36, 0xa7, 0x38, 0x9a, 0xb4, 0x9b, 0x38, 0x7b, 0x37,
  0xe0, 0x38, 0xaa, 0xb4, 0x8a, 0x38, 0x06, 0x38, 0x1a, 0x39, 0xb4, 0xb4,
  0x76, 0x38, 0x4f, 0x38, 0x58, 0x39, 0xb9, 0xb4, 0x5f, 0x38, 0x9d, 0x38,
  0x8e, 0x39, 0xb5, 0xb4, 0x3d, 0x38, 0xeb, 0x38, 0xc9, 0x39, 0xa5, 0xb4,
  0x16, 0x38, 0x3f, 0x39, 0xff, 0x39, 0x8d, 0xb4, 0xce, 0x37, 0x95, 0x39,
  0x33, 0x3a, 0x6b, 0xb4, 0x66, 0x37, 0xe8, 0x39, 0x65, 0x3a, 0x42, 0xb4,
  0xf5, 0x36, 0x3d, 0x3a, 0x91, 0x3a, 0x11, 0xb4, 0x7a, 0x36, 0x8f, 0x3a,
  0xbf, 0x3a, 0xb1, 0xb3, 0xfe, 0x35, 0xe2, 0x3a, 0xe5, 0x3a, 0x37, 0xb3,
  0x77, 0x35, 0x35, 0x3b, 0x0c, 0x3b, 0xb3, 0xb2, 0xf1, 0x34, 0x89, 0x3b,
  0x2e, 0x3b, 0x21, 0xb2, 0x67, 0x34, 0xd9, 0x3b, 0x4e, 0x3b, 0x84, 0xb1,
  0xb6, 0x33, 0x16, 0x3c, 0x69, 0x3b, 0xdc, 0xb0, 0xa2, 0x32, 0x3d, 0x3c,
  0x82, 0x3b, 0x29, 0xb0, 0x98, 0x31, 0x5f, 0x3c, 0x95, 0x3b, 0xd1, 0xae,
  0x93, 0x30, 0x7d, 0x3c, 0xab, 0x3b, 0x46, 0xad, 0x09, 0x2f, 0x99, 0x3c,
  0xc7, 0x3b, 0x3c, 0xab, 0xc4, 0x2c, 0xb1, 0x3c, 0xe6, 0x3b, 0x47, 0xa7,
  0xc9, 0x28, 0xc8, 0x3c, 0x00, 0x3c, 0x87, 0x02, 0xc1, 0x82, 0xde, 0x3c,
  0xb3, 0x31, 0x81, 0x80, 0x2b, 0x36, 0x3b, 0x00, 0xa2, 0x31, 0x4a, 0x8a,
  0x19, 0x36, 0xd0, 0x05, 0xa2, 0x31, 0x4a, 0x92, 0x18, 0x36, 0xd0, 0x0d,
  0xa2, 0x31, 0x13, 0x97, 0x18, 0x36, 0x8a, 0x12, 0xa2, 0x31, 0x4a, 0x9a,
  0x18, 0x36, 0xd0, 0x15, 0xa2, 0x31, 0xe9, 0x9c, 0x18, 0x36, 0x8b, 0x18,
  0xa2, 0x31, 0x12, 0x9f, 0x18, 0x36, 0x8c, 0x1a, 0xa2, 0x31, 0xd0, 0xa0,
  0x18, 0x36, 0x76, 0x1c, 0xa3, 0x31, 0x49, 0xa2, 0x18, 0x36, 0xd7, 0x1d,
  0xa4, 0x31, 0xf3, 0xa3, 0x19, 0x36, 0x69, 0x1f, 0xa5, 0x31, 0xe7, 0xa4,
  0x1a, 0x36, 0x98, 0x20, 0xa7, 0x31, 0xeb, 0xa5, 0x1b, 0x36, 0x97, 0x21,
  0xa9, 0x31, 0x08, 0xa7, 0x1d, 0x36, 0xb4, 0x22, 0xac, 0x31, 0x1e, 0xa8,
  0x1f, 0x36, 0xef, 0x23, 0xb0, 0x31, 0xc4, 0xa8, 0x21, 0x36, 0xa7, 0x24,
  0xb5, 0x31, 0x74, 0xa9, 0x24, 0x36, 0x68, 0x25, 0xbc, 0x31, 0x30, 0xaa,
  0x28, 0x36, 0x3e, 0x26, 0xc4, 0x31, 0xf5, 0xaa, 0x2d, 0x36, 0x2b, 0x27,
  0xd0, 0x31, 0xc5, 0xab, 0x34, 0x36, 0x19, 0x28, 0xdf, 0x31, 0x50, 0xac,
  0x3e, 0x36, 0xaa, 0x28, 0xf5, 0x31, 0xc3, 0xac, 0x4e, 0x36, 0x4d, 0x29,
  0x10, 0x32, 0x3c, 0xad, 0x60, 0x36, 0x02, 0x2a, 0x34, 0x32, 0xbb, 0xad,
  0x78, 0x36, 0xcd, 0x2a, 0x63, 0x32, 0x43, 0xae, 0x98, 0x36, 0xb3, 0x2b,
  0x9d, 0x32, 0xd1, 0xae, 0xbe, 0x36, 0x5a, 0x2c, 0xe0, 0x32, 0x67, 0xaf,
  0xe7, 0x36, 0xec, 0x2c, 0x2e, 0x33, 0x02, 0xb0, 0x15, 0x37, 0x8f, 0x2d,
  0x8c, 0x33, 0x56, 0xb0, 0x4a, 0x37, 0x49, 0x2e, 0xf2, 0x33, 0xac, 0xb0,
  0x7d, 0x37, 0x17, 0x2f, 0x35, 0x34, 0x06, 0xb1, 0xb7, 0x37, 0xfe, 0x2f,
  0x77, 0x34, 0x62, 0xb1, 0xf0, 0x37, 0x80, 0x30, 0xb9, 0x34, 0xbf, 0xb1,
  0x0f, 0x38, 0x0d, 0x31, 0x05, 0x35, 0x1f, 0xb2, 0x29, 0x38, 0xaa, 0x31,
  0x56, 0x35, 0x7d, 0xb2, 0x41, 0x38, 0x55, 0x32, 0xb4, 0x35, 0xdd, 0xb2,
  0x5b, 0x38, 0x11, 0x33, 0x10, 0x36, 0x37, 0xb3, 0x6e, 0x38, 0xda, 0x33,
  0x72, 0x36, 0x8f, 0xb3, 0x7e, 0x38, 0x58, 0x34, 0xdb, 0x36, 0xe4, 0xb3,
  0x8c, 0x38, 0xcc, 0x34, 0x47, 0x37, 0x18, 0xb4, 0x96, 0x38, 0x45, 0x35,
  0xb7, 0x37, 0x3b, 0xb4, 0x9c, 0x38, 0xc5, 0x35, 0x14, 0x38, 0x5b, 0xb4,
  0x9d, 0x38, 0x4b, 0x36, 0x4f, 0x38, 0x77, 0xb4, 0x9a, 0x38, 0xd6, 0x36,
  0x8d, 0x38, 0x8d, 0xb4, 0x94, 0x38, 0x65, 0x37, 0xc6, 0x38, 0x9f, 0xb4,
  0x84, 0x38, 0xf8, 0x37, 0x02, 0x39, 0xa9, 0xb4, 0x71, 0x38, 0x47, 0x38,
  0x40, 0x39, 0xaf, 0xb4, 0x5c, 0x38, 0x93, 0x38, 0x79, 0x39, 0xad, 0xb4,
  0x3b, 0x38, 0xe2, 0x38, 0xb2, 0x39, 0xa4, 0xb4, 0x17, 0x38, 0x31, 0x39,
  0xeb, 0x39, 0x90, 0xb4, 0xd7, 0x37, 0x85, 0x39, 0x23, 0x3a, 0x71, 0xb4,
  0x73, 0x37, 0xdc, 0x39, 0x55, 0x3a, 0x48, 0xb4, 0x01, 0x37, 0x31, 0x3a,
  0x85, 0x3a, 0x19, 0xb4, 0x8b, 0x36, 0x87, 0x3a, 0xb2, 0x3a, 0xc1, 0xb3,
  0x0c, 0x36, 0xdb, 0x3a, 0xdb, 0x3a, 0x45, 0xb3, 0x85, 0x35, 0x30, 0x3b,
  0x03, 0x3b, 0xbc, 0xb2, 0xfb, 0x34, 0x84, 0x3b, 0x29, 0x3b, 0x2a, 0xb2,
  0x71, 0x34, 0xd9, 0x3b, 0x4a, 0x3b, 0x8b, 0xb1, 0xc7, 0x33, 0x17, 0x3c,
  0x65, 0x3b, 0xdf, 0xb0, 0xb0, 0x32, 0x3f, 0x3c, 0x7f, 0x3b, 0x25, 0xb0,
  0xa1, 0x31, 0x63, 0x3c, 0x93, 0x3b, 0xc8, 0xae, 0x9a, 0x30, 0x82, 0x3c,
  0xab, 0x3b, 0x34, 0xad, 0x0f, 0x2f, 0x9e, 0x3c, 0xc7, 0x3b, 0x1e, 0xab,
  0xc8, 0x2c, 0xb7, 0x3c, 0xe5, 0x3b, 0xa0, 0xa7, 0xe8, 0x28, 0xce, 0x3c,
  0x00, 0x3c, 0x0a, 0x98, 0x79, 0x13, 0xe5, 0x3c, 0xd6, 0x30, 0x79, 0x80,
  0xa0, 0x35, 0x34, 0x00, 0xfb, 0x30, 0xfd, 0x89, 0xca, 0x35, 0x27, 0x05,
  0xff, 0x30, 0xfe, 0x91, 0xcf, 0x35, 0x28, 0x0d, 0xfe, 0x30, 0xbe, 0x96,
  0xce, 0x35, 0xcc, 0x11, 0xff, 0x30, 0xfe, 0x99, 0xcf, 0x35, 0x28, 0x15,
  0xff, 0x30, 0xae, 0x9c, 0xcf, 0x35, 0x08, 0x18, 0xff, 0x30, 0xbd, 0x9e,
  0xcf, 0x35, 0xcf, 0x19, 0xff, 0x30, 0x96, 0xa0, 0xcf, 0x35, 0xeb, 0x1b,
  0x00, 0x31, 0xfd, 0xa1, 0xcf, 0x35, 0x2f, 0x1d, 0x01, 0x31, 0x94, 0xa3,
  0xd0, 0x35, 0x95, 0x1e, 0x02, 0x31, 0xac, 0xa4, 0xd1, 0x35, 0x15, 0x20,
  0x04, 0x31, 0xa4, 0xa5, 0xd2, 0x35, 0xf9, 0x20, 0x06, 0x31, 0xb3, 0xa6,
  0xd4, 0x35, 0xf8, 0x21, 0x09, 0x31, 0xda, 0xa7, 0xd5, 0x35, 0x14, 0x23,
  0x0d, 0x31, 0x8a, 0xa8, 0xd9, 0x35, 0x28, 0x24, 0x12, 0x31, 0x33, 0xa9,
  0xdc, 0x35, 0xd7, 0x24, 0x19, 0x31, 0xe5, 0xa9, 0xe0, 0x35, 0x9a, 0x25,
  0x22, 0x31, 0xa2, 0xaa, 0xe6, 0x35, 0x74, 0x26, 0x2e, 0x31, 0x69, 0xab,
  0xef, 0x35, 0x65, 0x27, 0x3f, 0x31, 0x1d, 0xac, 0xfb, 0x35, 0x3a, 0x28,
  0x54, 0x31, 0x8b, 0xac, 0x0a, 0x36, 0xd1, 0x28, 0x73, 0x31, 0x00, 0xad,
  0x20, 0x36, 0x7c, 0x29, 0x9a, 0x31, 0x7c, 0xad, 0x3d, 0x36, 0x3d, 0x2a,
  0xcb, 0x31, 0x01, 0xae, 0x60, 0x36, 0x18, 0x2b, 0x08, 0x32, 0x8d, 0xae,
  0x8a, 0x36, 0x09, 0x2c, 0x4e, 0x32, 0x20, 0xaf, 0xb8, 0x36, 0x96, 0x2c,
  0x9d, 0x32, 0xbb, 0xaf, 0xe7, 0x36, 0x34, 0x2d, 0x00, 0x33, 0x31, 0xb0,
  0x22, 0x37, 0xe9, 0x2d, 0x62, 0x33, 0x86, 0xb0, 0x52, 0x37, 0xb1, 0x2e,
  0xdb, 0x33, 0xe0, 0xb0, 0x8f, 0x37, 0x95, 0x2f, 0x2f, 0x34, 0x3c, 0xb1,
  0xc9, 0x37, 0x49, 0x30, 0x70, 0x34, 0x98, 0xb1, 0xf6, 0x37, 0xd4, 0x30,
  0xbf, 0x34, 0xfa, 0xb1, 0x18, 0x38, 0x70, 0x31, 0x16, 0x35, 0x5a, 0xb2,
  0x34, 0x38, 0x1b, 0x32, 0x6e, 0x35, 0xb9, 0xb2, 0x4a, 0x38, 0xd5, 0x32,
  0xcb, 0x35, 0x15, 0xb3, 0x5e, 0x38, 0x9d, 0x33, 0x32, 0x36, 0x6f, 0xb3,
  0x71, 0x38, 0x3b, 0x34, 0x99, 0x36, 0xc3, 0xb3, 0x7e, 0x38, 0xae, 0x34,
  0x07, 0x37, 0x09, 0xb4, 0x89, 0x38, 0x29, 0x35, 0x78, 0x37, 0x2d, 0xb4,
  0x8f, 0x38, 0xaa, 0x35, 0xf0, 0x37, 0x4e, 0xb4, 0x93, 0x38, 0x32, 0x36,
  0x33, 0x38, 0x68, 0xb4, 0x90, 0x38, 0xbe, 0x36, 0x74, 0x38, 0x81, 0xb4,
  0x8d, 0x38, 0x51, 0x37, 0xad, 0x38, 0x92, 0xb4, 0x7b, 0x38, 0xe4, 0x37,
  0xea, 0x38, 0x9d, 0xb4, 0x6b, 0x38, 0x3e, 0x38, 0x2a, 0x39, 0xa3, 0xb4,
  0x56, 0x38, 0x8c, 0x38, 0x63, 0x39, 0xa3, 0xb4, 0x36, 0x38, 0xdb, 0x38,
  0x9e, 0x39, 0x9b, 0xb4, 0x14, 0x38, 0x2b, 0x39, 0xd8, 0x39, 0x8d, 0xb4,
  0xda, 0x37, 0x7c, 0x39, 0x0f, 0x3a, 0x76, 0xb4, 0x7d, 0x37, 0xd0, 0x39,
  0x46, 0x3a, 0x50, 0xb4, 0x10, 0x37, 0x26, 0x3a, 0x77, 0x3a, 0x21, 0xb4,
  0x98, 0x36, 0x7e, 0x3a, 0xa5, 0x3a, 0xd5, 0xb3, 0x17, 0x36, 0xd4, 0x3a,
  0xd1, 0x3a, 0x57, 0xb3, 0x92, 0x35, 0x2a, 0x3b, 0xfb, 0x3a, 0xcd, 0xb2,
  0x09, 0x35, 0x80, 0x3b, 0x22, 0x3b, 0x35, 0xb2, 0x7c, 0x34, 0xd7, 0x3b,
  0x43, 0x3b, 0x97, 0xb1, 0xd9, 0x33, 0x17, 0x3c, 0x61, 0x3b, 0xea, 0xb0,
  0xbf, 0x32, 0x41, 0x3c, 0x7d, 0x3b, 0x2c, 0xb0, 0xad, 0x31, 0x66, 0x3c,
  0x92, 0x3b, 0xc1, 0xae, 0xa0, 0x30, 0x86, 0x3c, 0xa8, 0x3b, 0x20, 0xad,
  0x13, 0x2f, 0xa4, 0x3c, 0xc6, 0x3b, 0xe9, 0xaa, 0xc0, 0x2c, 0xbe, 0x3c,
  0xe5, 0x3b, 0x18, 0xa7, 0xce, 0x28, 0xd6, 0x3c, 0x00, 0x3c, 0x39, 0x90,
  0x6e, 0x08, 0xed, 0x3c, 0x66, 0x30, 0x73, 0x80, 0x85, 0x35, 0x2e, 0x00,
  0x63, 0x30, 0xae, 0x89, 0x81, 0x35, 0x87, 0x04, 0x62, 0x30, 0xad, 0x91,
  0x80, 0x35, 0x86, 0x0c, 0x62, 0x30, 0x63, 0x96, 0x80, 0x35, 0x17, 0x11,
  0x62, 0x30, 0xad, 0x99, 0x80, 0x35, 0x87, 0x14, 0x62, 0x30, 0x6f, 0x9c,
  0x80, 0x35, 0x13, 0x17, 0x63, 0x30, 0x63, 0x9e, 0x81, 0x35, 0x1a, 0x19,
  0x63, 0x30, 0x58, 0xa0, 0x81, 0x35, 0xf4, 0x1a, 0x63, 0x30, 0xac, 0xa1,
  0x81, 0x35, 0x8e, 0x1c, 0x64, 0x30, 0x2d, 0xa3, 0x82, 0x35, 0xc9, 0x1d,
  0x66, 0x30, 0x6c, 0xa4, 0x83, 0x35, 0x30, 0x1f, 0x68, 0x30, 0x57, 0xa5,
  0x84, 0x35, 0x62, 0x20, 0x6a, 0x30, 0x59, 0xa6, 0x86, 0x35, 0x44, 0x21,
  0x6d, 0x30, 0x70, 0xa7, 0x88, 0x35, 0x42, 0x22, 0x71, 0x30, 0x4d, 0xa8,
  0x8b, 0x35, 0x5c, 0x23, 0x76, 0x30, 0xec, 0xa8, 0x8f, 0x35, 0x4c, 0x24,
  0x7d, 0x30, 0x95, 0xa9, 0x94, 0x35, 0xfd, 0x24, 0x87, 0x30, 0x49, 0xaa,
  0x9b, 0x35, 0xc3, 0x25, 0x94, 0x30, 0x06, 0xab, 0xa4, 0x35, 0xa1, 0x26,
  0xa6, 0x30, 0xcf, 0xab, 0xb3, 0x35, 0x9c, 0x27, 0xc1, 0x30, 0x52, 0xac,
  0xc9, 0x35, 0x5c, 0x28, 0xdf, 0x30, 0xc2, 0xac, 0xe0, 0x35, 0xfc, 0x28,
  0x09, 0x31, 0x3b, 0xad, 0x01, 0x36, 0xb4, 0x29, 0x3e, 0x31, 0xbd, 0xad,
  0x29, 0x36, 0x86, 0x2a, 0x7c, 0x31, 0x46, 0xae, 0x56, 0x36, 0x75, 0x2b,
  0xc2, 0x31, 0xd6, 0xae, 0x85, 0x36, 0x42, 0x2c, 0x14, 0x32, 0x70, 0xaf,
  0xb8, 0x36, 0xdd, 0x2c, 0x75, 0x32, 0x0a, 0xb0, 0xf3, 0x36, 0x8d, 0x2d,
  0xdc, 0x32, 0x60, 0xb0, 0x29, 0x37, 0x52, 0x2e, 0x53, 0x33, 0xb9, 0xb0,
  0x65, 0x37, 0x31, 0x2f, 0xd8, 0x33, 0x15, 0xb1, 0xa2, 0x37, 0x15, 0x30,
  0x32, 0x34, 0x73, 0xb1, 0xd8, 0x37, 0x9f, 0x30, 0x80, 0x34, 0xd3, 0xb1,
  0x08, 0x38, 0x3a, 0x31, 0xd1, 0x34, 0x33, 0xb2, 0x20, 0x38, 0xe2, 0x31,
  0x2a, 0x35, 0x94, 0xb2, 0x37, 0x38, 0x9b, 0x32, 0x90, 0x35, 0xf3, 0xb2,
  0x51, 0x38, 0x66, 0x33, 0xef, 0x35, 0x4c, 0xb3, 0x5f, 0x38, 0x1e, 0x34,
  0x5c, 0x36, 0xa2, 0xb3, 0x70, 0x38, 0x93, 0x34, 0xc9, 0x36, 0xf2, 0xb3,
  0x7a, 0x38, 0x0d, 0x35, 0x3f, 0x37, 0x1e, 0xb4, 0x83, 0x38, 0x90, 0x35,
  0xb7, 0x37, 0x3f, 0xb4, 0x86, 0x38, 0x18, 0x36, 0x15, 0x38, 0x5a, 0xb4,
  0x81, 0x38, 0xa6, 0x36, 0x54, 0x38, 0x71, 0xb4, 0x7d, 0x38, 0x3a, 0x37,
  0x93, 0x38, 0x83, 0xb4, 0x70, 0x38, 0xd1, 0x37, 0xd2, 0x38, 0x8f, 0xb4,
  0x60, 0x38, 0x36, 0x38, 0x13, 0x39, 0x96, 0xb4, 0x4d, 0x38, 0x85, 0x38,
  0x4d, 0x39, 0x95, 0xb4, 0x2f, 0x38, 0xd5, 0x38, 0x8a, 0x39, 0x8e, 0xb4,
  0x0e, 0x38, 0x26, 0x39, 0xc4, 0x39, 0x80, 0xb4, 0xd0, 0x37, 0x77, 0x39,
  0xfd, 0x39, 0x6c, 0xb4, 0x76, 0x37, 0xca, 0x39, 0x37, 0x3a, 0x52, 0xb4,
  0x19, 0x37, 0x1e, 0x3a, 0x69, 0x3a, 0x2a, 0xb4, 0xa5, 0x36, 0x72, 0x3a,
  0x9b, 0x3a, 0xeb, 0xb3, 0x28, 0x36, 0xcd, 0x3a, 0xc9, 0x3a, 0x70, 0xb3,
  0xa4, 0x35, 0x25, 0x3b, 0xf4, 0x3a, 0xe8, 0xb2, 0x19, 0x35, 0x7e, 0x3b,
  0x1d, 0x3b, 0x50, 0xb2, 0x8a, 0x34, 0xd8, 0x3b, 0x3f, 0x3b, 0xac, 0xb1,
  0xef, 0x33, 0x19, 0x3c, 0x59, 0x3b, 0xfa, 0xb0, 0xd0, 0x32, 0x45, 0x3c,
  0x73, 0x3b, 0x39, 0xb0, 0xb8, 0x31, 0x6b, 0x3c, 0x89, 0x3b, 0xd5, 0xae,
  0xab, 0x30, 0x8c, 0x3c, 0xa3, 0x3b, 0x27, 0xad, 0x1e, 0x2f, 0xab, 0x3c,
  0xc3, 0x3b, 0xd7, 0xaa, 0xc4, 0x2c, 0xc5, 0x3c, 0xe4, 0x3b, 0x97, 0xa6,
  0xb8, 0x28, 0xde, 0x3c, 0x00, 0x3c, 0xcf, 0x17, 0x37, 0x94, 0xf6, 0x3c,
  0x95, 0x2f, 0x6d, 0x80, 0x2a, 0x35, 0x28, 0x00, 0x9a, 0x2f, 0x58, 0x89,
  0x2d, 0x35, 0xec, 0x03, 0x9a, 0x2f, 0x58, 0x91, 0x2d, 0x35, 0xd9, 0x0b,
  0x9b, 0x2f, 0x03, 0x96, 0x2e, 0x35, 0x6a, 0x10, 0x9a, 0x2f, 0x58, 0x99,
  0x2d, 0x35, 0xda, 0x13, 0x9b, 0x2f, 0x2c, 0x9c, 0x2d, 0x35, 0x23, 0x16,
  0x9b, 0x2f, 0x02, 0x9e, 0x2e, 0x35, 0x6d, 0x18, 0x9c, 0x2f, 0x17, 0xa0,
  0x2e, 0x35, 0x09, 0x1a, 0x9d, 0x2f, 0x57, 0xa1, 0x2e, 0x35, 0xe8, 0x1b,
  0x9f, 0x2f, 0xc1, 0xa2, 0x2f, 0x35, 0x07, 0x1d, 0xa2, 0x2f, 0x29, 0xa4,
  0x30, 0x35, 0x41, 0x1e, 0xa5, 0x2f, 0x07, 0xa5, 0x31, 0x35, 0xa3, 0x1f,
  0xaa, 0x2f, 0xf9, 0xa5, 0x33, 0x35, 0x99, 0x20, 0xb0, 0x2f, 0xfe, 0xa6,
  0x36, 0x35, 0x79, 0x21, 0xb7, 0x2f, 0x0c, 0xa8, 0x38, 0x35, 0x74, 0x22,
  0xc2, 0x2f, 0xa2, 0xa8, 0x3c, 0x35, 0x8f, 0x23, 0xd2, 0x2f, 0x41, 0xa9,
  0x42, 0x35, 0x67, 0x24, 0xe5, 0x2f, 0xeb, 0xa9, 0x4a, 0x35, 0x1b, 0x25,
  0x01, 0x30, 0x9e, 0xaa, 0x57, 0x35, 0xe7, 0x25, 0x17, 0x30, 0x5e, 0xab,
  0x6b, 0x35, 0xcf, 0x26, 0x30, 0x30, 0x14, 0xac, 0x80, 0x35, 0xd8, 0x27,
  0x54, 0x30, 0x82, 0xac, 0x9e, 0x35, 0x84, 0x28, 0x82, 0x30, 0xf8, 0xac,
  0xc5, 0x35, 0x33, 0x29, 0xb2, 0x30, 0x74, 0xad, 0xea, 0x35, 0xfa, 0x29,
  0xf7, 0x30, 0xfc, 0xad, 0x20, 0x36, 0xe2, 0x2a, 0x3f, 0x31, 0x8b, 0xae,
  0x53, 0x36, 0xe9, 0x2b, 0x91, 0x31, 0x22, 0xaf, 0x87, 0x36, 0x8b, 0x2c,
  0xed, 0x31, 0xc3, 0xaf, 0xbd, 0x36, 0x35, 0x2d, 0x58, 0x32, 0x37, 0xb0,
  0xf9, 0x36, 0xf6, 0x2d, 0xd0, 0x32, 0x90, 0xb0, 0x37, 0x37, 0xd2, 0x2e,
  0x54, 0x33, 0xed, 0xb0, 0x74, 0x37, 0xc8, 0x2f, 0xe1, 0x33, 0x4b, 0xb1,
  0xac, 0x37, 0x6d, 0x30, 0x3c, 0x34, 0xa8, 0xb1, 0xe0, 0x37, 0x03, 0x31,
  0x8f, 0x34, 0x0b, 0xb2, 0x0a, 0x38, 0xac, 0x31, 0xee, 0x34, 0x6d, 0xb2,
  0x27, 0x38, 0x65, 0x32, 0x4c, 0x35, 0xcc, 0xb2, 0x3a, 0x38, 0x2d, 0x33,
  0xae, 0x35, 0x27, 0xb3, 0x4a, 0x38, 0x02, 0x34, 0x1b, 0x36, 0x7e, 0xb3,
  0x5c, 0x38, 0x76, 0x34, 0x8d, 0x36, 0xcf, 0xb3, 0x6a, 0x38, 0xf3, 0x34,
  0x00, 0x37, 0x0e, 0xb4, 0x71, 0x38, 0x76, 0x35, 0x7b, 0x37, 0x30, 0xb4,
  0x76, 0x38, 0x01, 0x36, 0xf5, 0x37, 0x4c, 0xb4, 0x74, 0x38, 0x90, 0x36,
  0x3a, 0x38, 0x62, 0xb4, 0x6e, 0x38, 0x25, 0x37, 0x79, 0x38, 0x73, 0xb4,
  0x65, 0x38, 0xbe, 0x37, 0xb7, 0x38, 0x80, 0xb4, 0x52, 0x38, 0x2e, 0x38,
  0xfb, 0x38, 0x87, 0xb4, 0x41, 0x38, 0x7e, 0x38, 0x38, 0x39, 0x86, 0xb4,
  0x25, 0x38, 0xd0, 0x38, 0x74, 0x39, 0x80, 0xb4, 0x04, 0x38, 0x22, 0x39,
  0xb3, 0x39, 0x73, 0xb4, 0xc2, 0x37, 0x76, 0x39, 0xec, 0x39, 0x5e, 0xb4,
  0x6a, 0x37, 0xca, 0x39, 0x26, 0x3a, 0x44, 0xb4, 0x10, 0x37, 0x1c, 0x3a,
  0x5b, 0x3a, 0x22, 0xb4, 0xa5, 0x36, 0x72, 0x3a, 0x8e, 0x3a, 0xf6, 0xb3,
  0x31, 0x36, 0xc7, 0x3a, 0xbf, 0x3a, 0x8f, 0xb3, 0xb3, 0x35, 0x21, 0x3b,
  0xe6, 0x3a, 0x09, 0xb3, 0x21, 0x35, 0x7d, 0x3b, 0x11, 0x3b, 0x75, 0xb2,
  0x91, 0x34, 0xdc, 0x3b, 0x34, 0x3b, 0xd0, 0xb1, 0xfe, 0x33, 0x1d, 0x3c,
  0x52, 0x3b, 0x19, 0xb1, 0xde, 0x32, 0x49, 0x3c, 0x6d, 0x3b, 0x50, 0xb0,
  0xc5, 0x31, 0x71, 0x3c, 0x87, 0x3b, 0xfc, 0xae, 0xb5, 0x30, 0x93, 0x3c,
  0xa1, 0x3b, 0x42, 0xad, 0x33, 0x2f, 0xb2, 0x3c, 0xc2, 0x3b, 0xf2, 0xaa,
  0xd0, 0x2c, 0xcd, 0x3c, 0xe3, 0x3b, 0xa2, 0xa6, 0xbe, 0x28, 0xe7, 0x3c,
  0x00, 0x3c, 0x1b, 0x1a, 0x38, 0x96, 0x00, 0x3d, 0x76, 0x2e, 0x65, 0x80,
  0xce, 0x34, 0x22, 0x00, 0x80, 0x2e, 0xfc, 0x88, 0xd5, 0x34, 0x5a, 0x03,
  0x80, 0x2e, 0xfd, 0x90, 0xd5, 0x34, 0xb6, 0x0a, 0x80, 0x2e, 0x9d, 0x95,
  0xd5, 0x34, 0x8d, 0x0f, 0x80, 0x2e, 0xfd, 0x98, 0xd5, 0x34, 0xb7, 0x12,
  0x81, 0x2e, 0xcb, 0x9b, 0xd6, 0x34, 0x40, 0x15, 0x81, 0x2e, 0x9c, 0x9d,
  0xd6, 0x34, 0x92, 0x17, 0x82, 0x2e, 0xa3, 0x9f, 0xd6, 0x34, 0x2a, 0x19,
  0x83, 0x2e, 0xfc, 0xa0, 0xd6, 0x34, 0xc6, 0x1a, 0x85, 0x2e, 0x4d, 0xa2,
  0xd7, 0x34, 0x50, 0x1c, 0x88, 0x2e, 0xc4, 0xa3, 0xd8, 0x34, 0x5f, 0x1d,
  0x8b, 0x2e, 0xb1, 0xa4, 0xda, 0x34, 0x92, 0x1e, 0x90, 0x2e, 0x93, 0xa5,
  0xdc, 0x34, 0xed, 0x1f, 0x96, 0x2e, 0x88, 0xa6, 0xde, 0x34, 0xbb, 0x20,
  0x9e, 0x2e, 0x8e, 0xa7, 0xe2, 0x34, 0x99, 0x21, 0xaa, 0x2e, 0x53, 0xa8,
  0xe7, 0x34, 0x95, 0x22, 0xba, 0x2e, 0xe9, 0xa8, 0xed, 0x34, 0xb3, 0x23,
  0xd2, 0x2e, 0x88, 0xa9, 0xf9, 0x34, 0x7c, 0x24, 0xf1, 0x2e, 0x33, 0xaa,
  0x08, 0x35, 0x37, 0x25, 0x1b, 0x2f, 0xe7, 0xaa, 0x1b, 0x35, 0x0d, 0x26,
  0x57, 0x2f, 0xaa, 0xab, 0x38, 0x35, 0x05, 0x27, 0xa0, 0x2f, 0x3f, 0xac,
  0x59, 0x35, 0x12, 0x28, 0xfc, 0x2f, 0xb1, 0xac, 0x81, 0x35, 0xb8, 0x28,
  0x35, 0x30, 0x2b, 0xad, 0xb0, 0x35, 0x78, 0x29, 0x75, 0x30, 0xaf, 0xad,
  0xe2, 0x35, 0x55, 0x2a, 0xbd, 0x30, 0x3b, 0xae, 0x15, 0x36, 0x54, 0x2b,
  0x17, 0x31, 0xd3, 0xae, 0x55, 0x36, 0x3e, 0x2c, 0x6f, 0x31, 0x70, 0xaf,
  0x87, 0x36, 0xe2, 0x2c, 0xdc, 0x31, 0x0d, 0xb0, 0xc7, 0x36, 0xa1, 0x2d,
  0x52, 0x32, 0x65, 0xb0, 0x03, 0x37, 0x77, 0x2e, 0xd5, 0x32, 0xc2, 0xb0,
  0x41, 0x37, 0x6a, 0x2f, 0x61, 0x33, 0x20, 0xb1, 0x78, 0x37, 0x3c, 0x30,
  0xf9, 0x33, 0x7f, 0xb1, 0xae, 0x37, 0xd2, 0x30, 0x53, 0x34, 0xe1, 0xb1,
  0xea, 0x37, 0x79, 0x31, 0xad, 0x34, 0x42, 0xb2, 0x0e, 0x38, 0x30, 0x32,
  0x0a, 0x35, 0xa1, 0xb2, 0x22, 0x38, 0xf6, 0x32, 0x75, 0x35, 0x02, 0xb3,
  0x3a, 0x38, 0xd1, 0x33, 0xe3, 0x35, 0x5b, 0xb3, 0x4c, 0x38, 0x5d, 0x34,
  0x4f, 0x36, 0xac, 0xb3, 0x55, 0x38, 0xd8, 0x34, 0xc6, 0x36, 0xf8, 0xb3,
  0x5f, 0x38, 0x5d, 0x35, 0x43, 0x37, 0x1e, 0xb4, 0x65, 0x38, 0xe8, 0x35,
  0xbf, 0x37, 0x3c, 0xb4, 0x65, 0x38, 0x79, 0x36, 0x1f, 0x38, 0x54, 0xb4,
  0x60, 0x38, 0x10, 0x37, 0x60, 0x38, 0x65, 0xb4, 0x57, 0x38, 0xab, 0x37,
  0x9d, 0x38, 0x70, 0xb4, 0x44, 0x38, 0x25, 0x38, 0xe4, 0x38, 0x77, 0xb4,
  0x34, 0x38, 0x78, 0x38, 0x21, 0x39, 0x77, 0xb4, 0x18, 0x38, 0xcb, 0x38,
  0x5f, 0x39, 0x70, 0xb4, 0xee, 0x37, 0x1f, 0x39, 0x9b, 0x39, 0x62, 0xb4,
  0xa4, 0x37, 0x73, 0x39, 0xd7, 0x39, 0x4e, 0xb4, 0x54, 0x37, 0xc8, 0x39,
  0x11, 0x3a, 0x32, 0xb4, 0xf5, 0x36, 0x1d, 0x3a, 0x46, 0x3a, 0x12, 0xb4,
  0x8c, 0x36, 0x73, 0x3a, 0x7a, 0x3a, 0xd7, 0xb3, 0x20, 0x36, 0xca, 0x3a,
  0xae, 0x3a, 0x7c, 0xb3, 0xaa, 0x35, 0x24, 0x3b, 0xdb, 0x3a, 0x15, 0xb3,
  0x26, 0x35, 0x7d, 0x3b, 0x05, 0x3b, 0x98, 0xb2, 0x9c, 0x34, 0xdc, 0x3b,
  0x2e, 0x3b, 0xf9, 0xb1, 0x0d, 0x34, 0x1e, 0x3c, 0x4f, 0x3b, 0x45, 0xb1,
  0xfa, 0x32, 0x4d, 0x3c, 0x6c, 0x3b, 0x7b, 0xb0, 0xdd, 0x31, 0x76, 0x3c,
  0x86, 0x3b, 0x40, 0xaf, 0xc8, 0x30, 0x99, 0x3c, 0x9f, 0x3b, 0x77, 0xad,
  0x4e, 0x2f, 0xb9, 0x3c, 0xc1, 0x3b, 0x48, 0xab, 0xed, 0x2c, 0xd6, 0x3c,
  0xe2, 0x3b, 0x14, 0xa7, 0xe1, 0x28, 0xf1, 0x3c, 0x00, 0x3c, 0xe5, 0x18,
  0x32, 0x95, 0x0a, 0x3d, 0x75, 0x2d, 0x5e, 0x80, 0x77, 0x34, 0x1d, 0x00,
  0x77, 0x2d, 0x9e, 0x88, 0x79, 0x34, 0xd2, 0x02, 0x78, 0x2d, 0x9e, 0x90,
  0x79, 0x34, 0xa4, 0x09, 0x78, 0x2d, 0x31, 0x95, 0x79, 0x34, 0x59, 0x0e,
  0x78, 0x2d, 0x9d, 0x98, 0x79, 0x34, 0xa5, 0x11, 0x78, 0x2d, 0x36, 0x9b,
  0x79, 0x34, 0x6a, 0x14, 0x78, 0x2d, 0x31, 0x9d, 0x79, 0x34, 0x5f, 0x16,
  0x79, 0x2d, 0x10, 0x9f, 0x79, 0x34, 0x59, 0x18, 0x7a, 0x2d, 0x9d, 0xa0,
  0x7a, 0x34, 0xb5, 0x19, 0x7c, 0x2d, 0xd4, 0xa1, 0x7b, 0x34, 0x48, 0x1b,
  0x7f, 0x2d, 0x2f, 0xa3, 0x7c, 0x34, 0x8a, 0x1c, 0x82, 0x2d, 0x58, 0xa4,
  0x7e, 0x34, 0x91, 0x1d, 0x87, 0x2d, 0x28, 0xa5, 0x80, 0x34, 0xbd, 0x1e,
  0x8d, 0x2d, 0x0b, 0xa6, 0x83, 0x34, 0x09, 0x20, 0x95, 0x2d, 0xfe, 0xa6,
  0x86, 0x34, 0xcb, 0x20, 0xa1, 0x2d, 0x01, 0xa8, 0x8c, 0x34, 0xa9, 0x21,
  0xb4, 0x2d, 0x8c, 0xa8, 0x95, 0x34, 0xa9, 0x22, 0xce, 0x2d, 0x22, 0xa9,
  0xa3, 0x34, 0xcf, 0x23, 0xf0, 0x2d, 0xc1, 0xa9, 0xb4, 0x34, 0x92, 0x24,
  0x22, 0x2e, 0x6e, 0xaa, 0xcf, 0x34, 0x59, 0x25, 0x60, 0x2e, 0x29, 0xab,
  0xee, 0x34, 0x41, 0x26, 0xb1, 0x2e, 0xf7, 0xab, 0x16, 0x35, 0x51, 0x27,
  0x13, 0x2f, 0x6b, 0xac, 0x45, 0x35, 0x47, 0x28, 0x83, 0x2f, 0xe2, 0xac,
  0x76, 0x35, 0xff, 0x28, 0x02, 0x30, 0x63, 0xad, 0xaa, 0x35, 0xd6, 0x29,
  0x4a, 0x30, 0xec, 0xad, 0xde, 0x35, 0xcb, 0x2a, 0x9c, 0x30, 0x7f, 0xae,
  0x15, 0x36, 0xe7, 0x2b, 0xfe, 0x30, 0x1f, 0xaf, 0x56, 0x36, 0x98, 0x2c,
  0x67, 0x31, 0xc6, 0xaf, 0x92, 0x36, 0x51, 0x2d, 0xdc, 0x31, 0x3a, 0xb0,
  0xcd, 0x36, 0x24, 0x2e, 0x5c, 0x32, 0x96, 0xb0, 0x0a, 0x37, 0x12, 0x2f,
  0xeb, 0x32, 0xf4, 0xb0, 0x46, 0x37, 0x0e, 0x30, 0x84, 0x33, 0x55, 0xb1,
  0x7e, 0x37, 0xa3, 0x30, 0x18, 0x34, 0xb7, 0xb1, 0xba, 0x37, 0x4a, 0x31,
  0x6e, 0x34, 0x16, 0xb2, 0xe5, 0x37, 0xfe, 0x31, 0xd2, 0x34, 0x79, 0xb2,
  0x0d, 0x38, 0xc6, 0x32, 0x37, 0x35, 0xd7, 0xb2, 0x20, 0x38, 0x9d, 0x33,
  0xa5, 0x35, 0x32, 0xb3, 0x34, 0x38, 0x43, 0x34, 0x18, 0x36, 0x87, 0xb3,
  0x43, 0x38, 0xbf, 0x34, 0x90, 0x36, 0xd6, 0xb3, 0x4d, 0x38, 0x44, 0x35,
  0x09, 0x37, 0x0d, 0xb4, 0x53, 0x38, 0xcf, 0x35, 0x8f, 0x37, 0x2b, 0xb4,
  0x58, 0x38, 0x63, 0x36, 0x04, 0x38, 0x44, 0xb4, 0x50, 0x38, 0xfb, 0x36,
  0x47, 0x38, 0x56, 0xb4, 0x48, 0x38, 0x98, 0x37, 0x85, 0x38, 0x62, 0xb4,
  0x35, 0x38, 0x1d, 0x38, 0xc7, 0x38, 0x68, 0xb4, 0x22, 0x38, 0x70, 0x38,
  0x0b, 0x39, 0x68, 0xb4, 0x0d, 0x38, 0xc6, 0x38, 0x49, 0x39, 0x60, 0xb4,
  0xd6, 0x37, 0x1b, 0x39, 0x89, 0x39, 0x52, 0xb4, 0x90, 0x37, 0x72, 0x39,
  0xc4, 0x39, 0x3d, 0xb4, 0x3c, 0x37, 0xc9, 0x39, 0x01, 0x3a, 0x22, 0xb4,
  0xe3, 0x36, 0x21, 0x3a, 0x38, 0x3a, 0x00, 0xb4, 0x7d, 0x36, 0x79, 0x3a,
  0x6e, 0x3a, 0xaf, 0xb3, 0x0e, 0x36, 0xd2, 0x3a, 0xa1, 0x3a, 0x52, 0xb3,
  0x99, 0x35, 0x2a, 0x3b, 0xd0, 0x3a, 0xef, 0xb2, 0x1a, 0x35, 0x87, 0x3b,
  0xfe, 0x3a, 0x7d, 0xb2, 0x9a, 0x34, 0xe6, 0x3b, 0x28, 0x3b, 0xfc, 0xb1,
  0x12, 0x34, 0x22, 0x3c, 0x4c, 0x3b, 0x67, 0xb1, 0x15, 0x33, 0x50, 0x3c,
  0x6b, 0x3b, 0xb0, 0xb0, 0xfa, 0x31, 0x7a, 0x3c, 0x86, 0x3b, 0xae, 0xaf,
  0xe0, 0x30, 0xa0, 0x3c, 0x9f, 0x3b, 0xdf, 0xad, 0x85, 0x2f, 0xc1, 0x3c,
  0xbf, 0x3b, 0xf1, 0xab, 0x1a, 0x2d, 0xdf, 0x3c, 0xe2, 0x3b, 0x08, 0xa8,
  0x27, 0x29, 0xfb, 0x3c, 0x00, 0x3c, 0xb6, 0x90, 0x40, 0x07, 0x16, 0x3d,
  0x7f, 0x2c, 0x56, 0x80, 0x16, 0x34, 0x18, 0x00, 0x80, 0x2c, 0x39, 0x88,
  0x16, 0x34, 0x53, 0x02, 0x81, 0x2c, 0x39, 0x90, 0x17, 0x34, 0xa6, 0x08,
  0x81, 0x2c, 0xc0, 0x94, 0x18, 0x34, 0x3b, 0x0d, 0x81, 0x2c, 0x39, 0x98,
  0x18, 0x34, 0xa7, 0x10, 0x82, 0x2c, 0x99, 0x9a, 0x18, 0x34, 0x48, 0x13,
  0x82, 0x2c, 0xc0, 0x9c, 0x18, 0x34, 0x41, 0x15, 0x83, 0x2c, 0x77, 0x9e,
  0x18, 0x34, 0x2e, 0x17, 0x84, 0x2c, 0x38, 0xa0, 0x19, 0x34, 0xb8, 0x18,
  0x86, 0x2c, 0x55, 0xa1, 0x1a, 0x34, 0x08, 0x1a, 0x88, 0x2c, 0x93, 0xa2,
  0x1b, 0x34, 0x8a, 0x1b, 0x8c, 0x2c, 0xf2, 0xa3, 0x1d, 0x34, 0xa3, 0x1c,
  0x91, 0x2c, 0xb8, 0xa4, 0x1f, 0x34, 0xa1, 0x1d, 0x97, 0x2c, 0x88, 0xa5,
  0x22, 0x34, 0xc5, 0x1e, 0xa1, 0x2c, 0x66, 0xa6, 0x28, 0x34, 0x0c, 0x20,
  0xae, 0x2c, 0x56, 0xa7, 0x2f, 0x34, 0xcf, 0x20, 0xc2, 0x2c, 0x2c, 0xa8,
  0x3a, 0x34, 0xb1, 0x21, 0xde, 0x2c, 0xb7, 0xa8, 0x4a, 0x34, 0xbb, 0x22,
  0x05, 0x2d, 0x4e, 0xa9, 0x61, 0x34, 0xf3, 0x23, 0x3d, 0x2d, 0xf3, 0xa9,
  0x82, 0x34, 0xb3, 0x24, 0x7d, 0x2d, 0xa6, 0xaa, 0xa4, 0x34, 0x8c, 0x25,
  0xd0, 0x2d, 0x6c, 0xab, 0xd0, 0x34, 0x8d, 0x26, 0x31, 0x2e, 0x21, 0xac,
  0xff, 0x34, 0xbb, 0x27, 0xa3, 0x2e, 0x96, 0xac, 0x33, 0x35, 0x8f, 0x28,
  0x24, 0x2f, 0x14, 0xad, 0x69, 0x35, 0x5d, 0x29, 0xbd, 0x2f, 0x9c, 0xad,
  0xa5, 0x35, 0x4e, 0x2a, 0x2f, 0x30, 0x2d, 0xae, 0xdc, 0x35, 0x62, 0x2b,
  0x8e, 0x30, 0xc8, 0xae, 0x18, 0x36, 0x50, 0x2c, 0xf9, 0x30, 0x70, 0xaf,
  0x58, 0x36, 0x08, 0x2d, 0x6d, 0x31, 0x0f, 0xb0, 0x95, 0x36, 0xd7, 0x2d,
  0xed, 0x31, 0x6b, 0xb0, 0xd2, 0x36, 0xc2, 0x2e, 0x75, 0x32, 0xc7, 0xb0,
  0x09, 0x37, 0xc7, 0x2f, 0x15, 0x33, 0x29, 0xb1, 0x4a, 0x37, 0x78, 0x30,
  0xba, 0x33, 0x8b, 0xb1, 0x81, 0x37, 0x1b, 0x31, 0x35, 0x34, 0xec, 0xb1,
  0xb2, 0x37, 0xcf, 0x31, 0x97, 0x34, 0x4d, 0xb2, 0xe5, 0x37, 0x96, 0x32,
  0xfc, 0x34, 0xaa, 0xb2, 0x07, 0x38, 0x6b, 0x33, 0x6b, 0x35, 0x08, 0xb3,
  0x1b, 0x38, 0x2a, 0x34, 0xdb, 0x35, 0x60, 0xb3, 0x28, 0x38, 0xa7, 0x34,
  0x56, 0x36, 0xaf, 0xb3, 0x37, 0x38, 0x2c, 0x35, 0xcf, 0x36, 0xf4, 0xb3,
  0x3b, 0x38, 0xb7, 0x35, 0x50, 0x37, 0x19, 0xb4, 0x3f, 0x38, 0x4b, 0x36,
  0xd0, 0x37, 0x33, 0xb4, 0x3b, 0x38, 0xe5, 0x36, 0x2e, 0x38, 0x46, 0xb4,
  0x38, 0x38, 0x86, 0x37, 0x6f, 0x38, 0x54, 0xb4, 0x29, 0x38, 0x15, 0x38,
  0xb1, 0x38, 0x5a, 0xb4, 0x15, 0x38, 0x6a, 0x38, 0xf5, 0x38, 0x5a, 0xb4,
  0xfd, 0x37, 0xc0, 0x38, 0x35, 0x39, 0x51, 0xb4, 0xbe, 0x37, 0x17, 0x39,
  0x76, 0x39, 0x43, 0xb4, 0x7b, 0x37, 0x70, 0x39, 0xb7, 0x39, 0x2e, 0xb4,
  0x30, 0x37, 0xcb, 0x39, 0xf1, 0x39, 0x11, 0xb4, 0xd0, 0x36, 0x23, 0x3a,
  0x2b, 0x3a, 0xdc, 0xb3, 0x6b, 0x36, 0x7f, 0x3a, 0x61, 0x3a, 0x8a, 0xb3,
  0xfd, 0x35, 0xda, 0x3a, 0x96, 0x3a, 0x2a, 0xb3, 0x8a, 0x35, 0x35, 0x3b,
  0xc8, 0x3a, 0xbf, 0xb2, 0x0f, 0x35, 0x92, 0x3b, 0xf7, 0x3a, 0x4a, 0xb2,
  0x8d, 0x34, 0xf3, 0x3b, 0x21, 0x3b, 0xc9, 0xb1, 0x07, 0x34, 0x2a, 0x3c,
  0x46, 0x3b, 0x3a, 0xb1, 0x03, 0x33, 0x58, 0x3c, 0x68, 0x3b, 0x96, 0xb0,
  0xf7, 0x31, 0x82, 0x3c, 0x85, 0x3b, 0xc4, 0xaf, 0xe9, 0x30, 0xa8, 0x3c,
  0x9f, 0x3b, 0x3c, 0xae, 0xb4, 0x2f, 0xca, 0x3c, 0xbe, 0x3b, 0x79, 0xac,
  0x58, 0x2d, 0xe9, 0x3c, 0xe1, 0x3b, 0xfe, 0xa8, 0x9f, 0x29, 0x07, 0x3d,
  0x00, 0x3c, 0x2d, 0x9f, 0x77, 0x1a, 0x23, 0x3d, 0x20, 0x2b, 0x4d, 0x80,
  0x46, 0x33, 0x13, 0x00, 0x3c, 0x2b, 0xa1, 0x87, 0x63, 0x33, 0xde, 0x01,
  0x3e, 0x2b, 0xa1, 0x8f, 0x65, 0x33, 0x79, 0x07, 0x3e, 0x2b, 0x4b, 0x94,
  0x65, 0x33, 0x34, 0x0c, 0x3e, 0x2b, 0xa1, 0x97, 0x65, 0x33, 0x7b, 0x0f,
  0x3e, 0x2b, 0xf6, 0x99, 0x65, 0x33, 0xdb, 0x11, 0x3f, 0x2b, 0x4a, 0x9c,
  0x65, 0x33, 0x3a, 0x14, 0x40, 0x2b, 0xd7, 0x9d, 0x66, 0x33, 0xc9, 0x15,
  0x43, 0x2b, 0x9d, 0x9f, 0x68, 0x33, 0x9f, 0x17, 0x47, 0x2b, 0xd0, 0xa0,
  0x6a, 0x33, 0xe1, 0x18, 0x4b, 0x2b, 0xf0, 0xa1, 0x6c, 0x33, 0x1e, 0x1a,
  0x53, 0x2b, 0x2c, 0xa3, 0x70, 0x33, 0x8e, 0x1b, 0x5d, 0x2b, 0x43, 0xa4,
  0x76, 0x33, 0x9c, 0x1c, 0x6b, 0x2b, 0xff, 0xa4, 0x7e, 0x33, 0x95, 0x1d,
  0x80, 0x2b, 0xc9, 0xa5, 0x8a, 0x33, 0xb7, 0x1e, 0xa0, 0x2b, 0xa4, 0xa6,
  0x9f, 0x33, 0x06, 0x20, 0xcc, 0x2b, 0x92, 0xa7, 0xbb, 0x33, 0xcf, 0x20,
  0x06, 0x2c, 0x4a, 0xa8, 0xe5, 0x33, 0xbf, 0x21, 0x34, 0x2c, 0xd9, 0xa8,
  0x11, 0x34, 0xdf, 0x22, 0x6d, 0x2c, 0x76, 0xa9, 0x34, 0x34, 0x1b, 0x24,
  0xb0, 0x2c, 0x21, 0xaa, 0x5a, 0x34, 0xe7, 0x24, 0x03, 0x2d, 0xdf, 0xaa,
  0x87, 0x34, 0xda, 0x25, 0x67, 0x2d, 0xb0, 0xab, 0xbb, 0x34, 0xfc, 0x26,
  0xd9, 0x2d, 0x4a, 0xac, 0xf1, 0x34, 0x28, 0x28, 0x5d, 0x2e, 0xc5, 0xac,
  0x2b, 0x35, 0xf0, 0x28, 0xed, 0x2e, 0x4b, 0xad, 0x62, 0x35, 0xda, 0x29,
  0x97, 0x2f, 0xdb, 0xad, 0xa1, 0x35, 0xe9, 0x2a, 0x29, 0x30, 0x74, 0xae,
  0xdd, 0x35, 0x11, 0x2c, 0x91, 0x30, 0x18, 0xaf, 0x1b, 0x36, 0xc4, 0x2c,
  0x03, 0x31, 0xc4, 0xaf, 0x57, 0x36, 0x8f, 0x2d, 0x82, 0x31, 0x3d, 0xb0,
  0x95, 0x36, 0x76, 0x2e, 0x0a, 0x32, 0x9a, 0xb0, 0xcd, 0x36, 0x7a, 0x2f,
  0xa9, 0x32, 0xfc, 0xb0, 0x10, 0x37, 0x50, 0x30, 0x4b, 0x33, 0x5d, 0xb1,
  0x45, 0x37, 0xf1, 0x30, 0xfc, 0x33, 0xbf, 0xb1, 0x7a, 0x37, 0xa3, 0x31,
  0x61, 0x34, 0x21, 0xb2, 0xaf, 0x37, 0x68, 0x32, 0xbe, 0x34, 0x7c, 0xb2,
  0xce, 0x37, 0x3a, 0x33, 0x30, 0x35, 0xda, 0xb2, 0xfe, 0x37, 0x12, 0x34,
  0xa6, 0x35, 0x35, 0xb3, 0x14, 0x38, 0x90, 0x34, 0x1c, 0x36, 0x84, 0xb3,
  0x1d, 0x38, 0x13, 0x35, 0xa0, 0x36, 0xd1, 0xb3, 0x2c, 0x38, 0xa1, 0x35,
  0x20, 0x37, 0x09, 0xb4, 0x2f, 0x38, 0x36, 0x36, 0xa1, 0x37, 0x23, 0xb4,
  0x2b, 0x38, 0xd0, 0x36, 0x13, 0x38, 0x37, 0xb4, 0x24, 0x38, 0x71, 0x37,
  0x58, 0x38, 0x45, 0xb4, 0x1a, 0x38, 0x0c, 0x38, 0x99, 0x38, 0x4b, 0xb4,
  0x07, 0x38, 0x62, 0x38, 0xe0, 0x38, 0x4c, 0xb4, 0xe3, 0x37, 0xba, 0x38,
  0x22, 0x39, 0x45, 0xb4, 0xa9, 0x37, 0x14, 0x39, 0x64, 0x39, 0x36, 0xb4,
  0x68, 0x37, 0x6f, 0x39, 0xa4, 0x39, 0x1f, 0xb4, 0x16, 0x37, 0xca, 0x39,
  0xe1, 0x39, 0x03, 0xb4, 0xbe, 0x36, 0x26, 0x3a, 0x1c, 0x3a, 0xbd, 0xb3,
  0x5a, 0x36, 0x84, 0x3a, 0x56, 0x3a, 0x65, 0xb3, 0xee, 0x35, 0xe1, 0x3a,
  0x8a, 0x3a, 0x04, 0xb3, 0x7a, 0x35, 0x41, 0x3b, 0xbf, 0x3a, 0x95, 0xb2,
  0x01, 0x35, 0xa2, 0x3b, 0xef, 0x3a, 0x19, 0xb2, 0x7f, 0x34, 0x02, 0x3c,
  0x1b, 0x3b, 0x91, 0xb1, 0xf3, 0x33, 0x34, 0x3c, 0x42, 0x3b, 0xfa, 0xb0,
  0xea, 0x32, 0x63, 0x3c, 0x64, 0x3b, 0x50, 0xb0, 0xdd, 0x31, 0x8e, 0x3c,
  0x83, 0x3b, 0x33, 0xaf, 0xd0, 0x30, 0xb4, 0x3c, 0x9f, 0x3b, 0xb3, 0xad,
  0x80, 0x2f, 0xd6, 0x3c, 0xc0, 0x3b, 0x23, 0xac, 0x34, 0x2d, 0xf6, 0x3c,
  0xe1, 0x3b, 0xf1, 0xa8, 0xa0, 0x29, 0x15, 0x3d, 0x01, 0x3c, 0x57, 0xa2,
  0x21, 0x1e, 0x32, 0x3d, 0x9b, 0x29, 0x45, 0x80, 0x87, 0x32, 0x0f, 0x00,
  0xa2, 0x29, 0xc7, 0x86, 0x90, 0x32, 0x74, 0x01, 0xa4, 0x29, 0xc7, 0x8e,
  0x91, 0x32, 0xd2, 0x05, 0xa3, 0x29, 0xa0, 0x93, 0x91, 0x32, 0x8d, 0x0a,
  0xa1, 0x29, 0xc6, 0x96, 0x8f, 0x32, 0xd3, 0x0d, 0xa4, 0x29, 0x4b, 0x99,
  0x91, 0x32, 0x90, 0x10, 0xa5, 0x29, 0xa0, 0x9b, 0x92, 0x32, 0x99, 0x12,
  0xa6, 0x29, 0x30, 0x9d, 0x93, 0x32, 0x85, 0x14, 0xa9, 0x29, 0xc3, 0x9e,
  0x95, 0x32, 0xf8, 0x15, 0xac, 0x29, 0x47, 0xa0, 0x97, 0x32, 0xac, 0x17,
  0xb2, 0x29, 0x46, 0xa1, 0x9a, 0x32, 0xd5, 0x18, 0xb9, 0x29, 0x5f, 0xa2,
  0x9e, 0x32, 0x00, 0x1a, 0xc3, 0x29, 0x93, 0xa3, 0xa5, 0x32, 0x60, 0x1b,
  0xd2, 0x29, 0x70, 0xa4, 0xaf, 0x32, 0x7f, 0x1c, 0xeb, 0x29, 0x26, 0xa5,
  0xc1, 0x32, 0x77, 0x1d, 0x10, 0x2a, 0xee, 0xa5, 0xdc, 0x32, 0xa0, 0x1e,
  0x46, 0x2a, 0xc8, 0xa6, 0x05, 0x33, 0x03, 0x20, 0x90, 0x2a, 0xba, 0xa7,
  0x3c, 0x33, 0xdd, 0x20, 0xee, 0x2a, 0x63, 0xa8, 0x7e, 0x33, 0xe5, 0x21,
  0x69, 0x2b, 0xf9, 0xa8, 0xd1, 0x33, 0x27, 0x23, 0xf2, 0x2b, 0x9e, 0xa9,
  0x12, 0x34, 0x54, 0x24, 0x4f, 0x2c, 0x56, 0xaa, 0x44, 0x34, 0x3d, 0x25,
  0xaf, 0x2c, 0x1f, 0xab, 0x76, 0x34, 0x50, 0x26, 0x25, 0x2d, 0xff, 0xab,
  0xb0, 0x34, 0x9b, 0x27, 0xa1, 0x2d, 0x77, 0xac, 0xe5, 0x34, 0x8e, 0x28,
  0x36, 0x2e, 0xfc, 0xac, 0x23, 0x35, 0x73, 0x29, 0xd1, 0x2e, 0x87, 0xad,
  0x58, 0x35, 0x79, 0x2a, 0x89, 0x2f, 0x1e, 0xae, 0x96, 0x35, 0xab, 0x2b,
  0x2a, 0x30, 0xc0, 0xae, 0xd2, 0x35, 0x85, 0x2c, 0x9f, 0x30, 0x6b, 0xaf,
  0x15, 0x36, 0x4e, 0x2d, 0x1b, 0x31, 0x0f, 0xb0, 0x51, 0x36, 0x31, 0x2e,
  0xa3, 0x31, 0x6c, 0xb0, 0x8b, 0x36, 0x31, 0x2f, 0x3b, 0x32, 0xcc, 0xb0,
  0xca, 0x36, 0x29, 0x30, 0xd9, 0x32, 0x2c, 0xb1, 0xfe, 0x36, 0xc7, 0x30,
  0x89, 0x33, 0x8f, 0xb1, 0x34, 0x37, 0x78, 0x31, 0x2b, 0x34, 0xf3, 0xb1,
  0x76, 0x37, 0x3d, 0x32, 0x90, 0x34, 0x53, 0xb2, 0xa3, 0x37, 0x11, 0x33,
  0xfa, 0x34, 0xae, 0xb2, 0xc9, 0x37, 0xf5, 0x33, 0x6c, 0x35, 0x06, 0xb3,
  0xeb, 0x37, 0x77, 0x34, 0xeb, 0x35, 0x5a, 0xb3, 0x08, 0x38, 0xfd, 0x34,
  0x65, 0x36, 0xa5, 0xb3, 0x10, 0x38, 0x89, 0x35, 0xe3, 0x36, 0xe6, 0xb3,
  0x14, 0x38, 0x1c, 0x36, 0x6d, 0x37, 0x10, 0xb4, 0x17, 0x38, 0xb9, 0x36,
  0xf4, 0x37, 0x26, 0xb4, 0x12, 0x38, 0x5c, 0x37, 0x3e, 0x38, 0x36, 0xb4,
  0x08, 0x38, 0x03, 0x38, 0x87, 0x38, 0x40, 0xb4, 0xf8, 0x37, 0x5b, 0x38,
  0xcb, 0x38, 0x41, 0xb4, 0xcc, 0x37, 0xb4, 0x38, 0x0d, 0x39, 0x39, 0xb4,
  0x91, 0x37, 0x0e, 0x39, 0x50, 0x39, 0x2b, 0xb4, 0x50, 0x37, 0x6b, 0x39,
  0x95, 0x39, 0x16, 0xb4, 0x0a, 0x37, 0xca, 0x39, 0xd2, 0x39, 0xf2, 0xb3,
  0xb0, 0x36, 0x2a, 0x3a, 0x0d, 0x3a, 0xa7, 0xb3, 0x49, 0x36, 0x8a, 0x3a,
  0x49, 0x3a, 0x4d, 0xb3, 0xe3, 0x35, 0xea, 0x3a, 0x80, 0x3a, 0xe7, 0xb2,
  0x6e, 0x35, 0x4d, 0x3b, 0xb7, 0x3a, 0x74, 0xb2, 0xf3, 0x34, 0xb3, 0x3b,
  0xe9, 0x3a, 0xf1, 0xb1, 0x73, 0x34, 0x0c, 0x3c, 0x15, 0x3b, 0x60, 0xb1,
  0xd9, 0x33, 0x3f, 0x3c, 0x3d, 0x3b, 0xbf, 0xb0, 0xce, 0x32, 0x70, 0x3c,
  0x60, 0x3b, 0x0b, 0xb0, 0xbf, 0x31, 0x9a, 0x3c, 0x7f, 0x3b, 0x96, 0xae,
  0xb2, 0x30, 0xc1, 0x3c, 0x9d, 0x3b, 0x07, 0xad, 0x37, 0x2f, 0xe5, 0x3c,
  0xbd, 0x3b, 0xc9, 0xaa, 0xdd, 0x2c, 0x07, 0x3d, 0xe0, 0x3b, 0xc8, 0xa6,
  0xe8, 0x28, 0x27, 0x3d, 0x00, 0x3c, 0xbc, 0x11, 0x91, 0x8a, 0x44, 0x3d,
  0x2c, 0x28, 0x3c, 0x80, 0xa8, 0x31, 0x0b, 0x00, 0x37, 0x28, 0xe5, 0x85,
  0xb6, 0x31, 0x16, 0x01, 0x37, 0x28, 0xe4, 0x8d, 0xb6, 0x31, 0x59, 0x04,
  0x36, 0x28, 0xa1, 0x92, 0xb5, 0x31, 0xe5, 0x08, 0x37, 0x28, 0xe4, 0x95,
  0xb5, 0x31, 0x5b, 0x0c, 0x37, 0x28, 0x9a, 0x98, 0xb6, 0x31, 0xd3, 0x0e,
  0x38, 0x28, 0xa0, 0x9a, 0xb6, 0x31, 0xf1, 0x10, 0x3a, 0x28, 0x81, 0x9c,
  0xb8, 0x31, 0xcb, 0x12, 0x3c, 0x28, 0xe1, 0x9d, 0xb9, 0x31, 0x80, 0x14,
  0x3f, 0x28, 0x6f, 0x9f, 0xbc, 0x31, 0xd0, 0x15, 0x45, 0x28, 0x95, 0xa0,
  0xbf, 0x31, 0x5f, 0x17, 0x4c, 0x28, 0x8a, 0xa1, 0xc5, 0x31, 0x9d, 0x18,
  0x58, 0x28, 0x97, 0xa2, 0xce, 0x31, 0xbb, 0x19, 0x6b, 0x28, 0xbd, 0xa3,
  0xde, 0x31, 0x14, 0x1b, 0x89, 0x28, 0x81, 0xa4, 0xf9, 0x31, 0x5c, 0x1c,
  0xb7, 0x28, 0x36, 0xa5, 0x21, 0x32, 0x60, 0x1d, 0xf1, 0x28, 0xfe, 0xa5,
  0x52, 0x32, 0xa0, 0x1e, 0x40, 0x29, 0xe0, 0xa6, 0x93, 0x32, 0x16, 0x20,
  0xa9, 0x29, 0xdf, 0xa7, 0xe4, 0x32, 0x0c, 0x21, 0x20, 0x2a, 0x7e, 0xa8,
  0x38, 0x33, 0x37, 0x22, 0xb0, 0x2a, 0x1d, 0xa9, 0x95, 0x33, 0xa6, 0x23,
  0x5b, 0x2b, 0xce, 0xa9, 0xfb, 0x33, 0xb1, 0x24, 0x0a, 0x2c, 0x91, 0xaa,
  0x2e, 0x34, 0xba, 0x25, 0x7d, 0x2c, 0x6a, 0xab, 0x68, 0x34, 0xf9, 0x26,
  0xfa, 0x2c, 0x2a, 0xac, 0xa0, 0x34, 0x38, 0x28, 0x85, 0x2d, 0xaa, 0xac,
  0xd7, 0x34, 0x14, 0x29, 0x27, 0x2e, 0x35, 0xad, 0x13, 0x35, 0x17, 0x2a,
  0xd9, 0x2e, 0xca, 0xad, 0x4f, 0x35, 0x42, 0x2b, 0xa1, 0x2f, 0x68, 0xae,
  0x8c, 0x35, 0x4d, 0x2c, 0x41, 0x30, 0x10, 0xaf, 0xcc, 0x35, 0x13, 0x2d,
  0xba, 0x30, 0xc0, 0xaf, 0x08, 0x36, 0xf2, 0x2d, 0x3c, 0x31, 0x3c, 0xb0,
  0x40, 0x36, 0xed, 0x2e, 0xd5, 0x31, 0x9b, 0xb0, 0x81, 0x36, 0x04, 0x30,
  0x75, 0x32, 0xfd, 0xb0, 0xba, 0x36, 0xa2, 0x30, 0x34, 0x33, 0x63, 0xb1,
  0x04, 0x37, 0x56, 0x31, 0xed, 0x33, 0xc3, 0xb1, 0x35, 0x37, 0x14, 0x32,
  0x56, 0x34, 0x21, 0xb2, 0x5c, 0x37, 0xe3, 0x32, 0xbf, 0x34, 0x7f, 0xb2,
  0x84, 0x37, 0xc8, 0x33, 0x37, 0x35, 0xda, 0xb2, 0xb6, 0x37, 0x60, 0x34,
  0xaa, 0x35, 0x2c, 0xb3, 0xcd, 0x37, 0xe3, 0x34, 0x26, 0x36, 0x79, 0xb3,
  0xe2, 0x37, 0x70, 0x35, 0xae, 0x36, 0xbd, 0xb3, 0xfa, 0x37, 0x05, 0x36,
  0x34, 0x37, 0xf6, 0xb3, 0xfe, 0x37, 0xa1, 0x36, 0xb3, 0x37, 0x13, 0xb4,
  0xec, 0x37, 0x44, 0x37, 0x27, 0x38, 0x26, 0xb4, 0xf1, 0x37, 0xf1, 0x37,
  0x6a, 0x38, 0x30, 0xb4, 0xce, 0x37, 0x4f, 0x38, 0xb3, 0x38, 0x35, 0xb4,
  0xac, 0x37, 0xab, 0x38, 0xf9, 0x38, 0x32, 0xb4, 0x7c, 0x37, 0x09, 0x39,
  0x3d, 0x39, 0x25, 0xb4, 0x3c, 0x37, 0x68, 0x39, 0x7f, 0x39, 0x11, 0xb4,
  0xf0, 0x36, 0xc9, 0x39, 0xc2, 0x39, 0xe7, 0xb3, 0x9e, 0x36, 0x2b, 0x3a,
  0x01, 0x3a, 0x9b, 0xb3, 0x3f, 0x36, 0x8f, 0x3a, 0x3e, 0x3a, 0x40, 0xb3,
  0xd7, 0x35, 0xf3, 0x3a, 0x79, 0x3a, 0xdb, 0xb2, 0x65, 0x35, 0x5c, 0x3b,
  0xb1, 0x3a, 0x63, 0xb2, 0xeb, 0x34, 0xc6, 0x3b, 0xe5, 0x3a, 0xdd, 0xb1,
  0x68, 0x34, 0x19, 0x3c, 0x16, 0x3b, 0x49, 0xb1, 0xca, 0x33, 0x50, 0x3c,
  0x3d, 0x3b, 0x9f, 0xb0, 0xc0, 0x32, 0x83, 0x3c, 0x53, 0x3b, 0xc3, 0xaf,
  0xa6, 0x31, 0xb1, 0x3c, 0x73, 0x3b, 0x28, 0xae, 0x94, 0x30, 0xd7, 0x3c,
  0x96, 0x3b, 0x7a, 0xac, 0xeb, 0x2e, 0xfb, 0x3c, 0xbc, 0x3b, 0x79, 0xa9,
  0x89, 0x2c, 0x1c, 0x3d, 0xe0, 0x3b, 0x87, 0xa3, 0x24, 0x28, 0x3c, 0x3d,
  0xff, 0x3b, 0x47, 0x23, 0x71, 0x9f, 0x5a, 0x3d, 0xde, 0x25, 0x32, 0x80,
  0xc2, 0x30, 0x08, 0x00, 0xf2, 0x25, 0xf9, 0x84, 0xd1, 0x30, 0xc4, 0x00,
  0xf3, 0x25, 0xfa, 0x8c, 0xd2, 0x30, 0x12, 0x03, 0xf3, 0x25, 0x99, 0x91,
  0xd2, 0x30, 0xea, 0x06, 0xf1, 0x25, 0xf9, 0x94, 0xd0, 0x30, 0x27, 0x0a,
  0xf4, 0x25, 0xc6, 0x97, 0xd2, 0x30, 0xd5, 0x0c, 0xf6, 0x25, 0x99, 0x99,
  0xd3, 0x30, 0x03, 0x0f, 0xf9, 0x25, 0x9b, 0x9b, 0xd5, 0x30, 0xd8, 0x10,
  0xfe, 0x25, 0xf7, 0x9c, 0xd6, 0x30, 0x74, 0x12, 0x05, 0x26, 0x47, 0x9e,
  0xda, 0x30, 0x33, 0x14, 0x10, 0x26, 0xbe, 0x9f, 0xde, 0x30, 0x61, 0x15,
  0x22, 0x26, 0xaf, 0xa0, 0xe7, 0x30, 0xd3, 0x16, 0x41, 0x26, 0x95, 0xa1,
  0xf7, 0x30, 0x4e, 0x18, 0x70, 0x26, 0x96, 0xa2, 0x0f, 0x31, 0x6a, 0x19,
  0xb9, 0x26, 0xb6, 0xa3, 0x35, 0x31, 0xd1, 0x1a, 0x1d, 0x27, 0x7e, 0xa4,
  0x68, 0x31, 0x4c, 0x1c, 0xa4, 0x27, 0x39, 0xa5, 0xa9, 0x31, 0x6d, 0x1d,
  0x2a, 0x28, 0x0e, 0xa6, 0xf9, 0x31, 0xdc, 0x1e, 0x8d, 0x28, 0xfd, 0xa6,
  0x48, 0x32, 0x50, 0x20, 0x07, 0x29, 0x06, 0xa8, 0xa3, 0x32, 0x6b, 0x21,
  0x97, 0x29, 0x9f, 0xa8, 0x04, 0x33, 0xc8, 0x22, 0x36, 0x2a, 0x49, 0xa9,
  0x62, 0x33, 0x38, 0x24, 0xef, 0x2a, 0x05, 0xaa, 0xc7, 0x33, 0x37, 0x25,
  0xcd, 0x2b, 0xd9, 0xaa, 0x1d, 0x34, 0x6d, 0x26, 0x63, 0x2c, 0xc0, 0xab,
  0x56, 0x34, 0xdb, 0x27, 0xea, 0x2c, 0x5b, 0xac, 0x8c, 0x34, 0xc3, 0x28,
  0x89, 0x2d, 0xe5, 0xac, 0xc9, 0x34, 0xc2, 0x29, 0x34, 0x2e, 0x75, 0xad,
  0x03, 0x35, 0xe4, 0x2a, 0xf1, 0x2e, 0x10, 0xae, 0x3c, 0x35, 0x1a, 0x2c,
  0xca, 0x2f, 0xb5, 0xae, 0x7a, 0x35, 0xdc, 0x2c, 0x60, 0x30, 0x64, 0xaf,
  0xbc, 0x35, 0xb9, 0x2d, 0xe5, 0x30, 0x0d, 0xb0, 0xfc, 0x35, 0xb1, 0x2e,
  0x74, 0x31, 0x6b, 0xb0, 0x36, 0x36, 0xc9, 0x2f, 0x20, 0x32, 0xce, 0xb0,
  0x81, 0x36, 0x83, 0x30, 0xc5, 0x32, 0x2d, 0xb1, 0xb3, 0x36, 0x2d, 0x31,
  0x79, 0x33, 0x8d, 0xb1, 0xe3, 0x36, 0xe8, 0x31, 0x20, 0x34, 0xef, 0xb1,
  0x16, 0x37, 0xb9, 0x32, 0x91, 0x34, 0x4e, 0xb2, 0x51, 0x37, 0x9c, 0x33,
  0xfd, 0x34, 0xa7, 0xb2, 0x6f, 0x37, 0x47, 0x34, 0x73, 0x35, 0xfd, 0xb2,
  0x90, 0x37, 0xca, 0x34, 0xf7, 0x35, 0x4e, 0xb3, 0xb8, 0x37, 0x58, 0x35,
  0x72, 0x36, 0x93, 0xb3, 0xc0, 0x37, 0xea, 0x35, 0xf4, 0x36, 0xd0, 0xb3,
  0xc1, 0x37, 0x86, 0x36, 0x84, 0x37, 0x02, 0xb4, 0xcb, 0x37, 0x2d, 0x37,
  0x0a, 0x38, 0x15, 0xb4, 0xc5, 0x37, 0xd8, 0x37, 0x52, 0x38, 0x23, 0xb4,
  0xb3, 0x37, 0x47, 0x38, 0x9c, 0x38, 0x29, 0xb4, 0x93, 0x37, 0xa3, 0x38,
  0xdf, 0x38, 0x27, 0xb4, 0x5d, 0x37, 0x01, 0x39, 0x2c, 0x39, 0x20, 0xb4,
  0x35, 0x37, 0x65, 0x39, 0x70, 0x39, 0x0f, 0xb4, 0xe8, 0x36, 0xc9, 0x39,
  0xb7, 0x39, 0xeb, 0xb3, 0x9a, 0x36, 0x30, 0x3a, 0xf6, 0x39, 0xa7, 0xb3,
  0x3b, 0x36, 0x98, 0x3a, 0x3a, 0x3a, 0x53, 0xb3, 0xd9, 0x35, 0x03, 0x3b,
  0x75, 0x3a, 0xeb, 0xb2, 0x67, 0x35, 0x70, 0x3b, 0xae, 0x3a, 0x75, 0xb2,
  0xea, 0x34, 0xe2, 0x3b, 0xe2, 0x3a, 0xee, 0xb1, 0x63, 0x34, 0x2c, 0x3c,
  0x05, 0x3b, 0x4e, 0xb1, 0xb0, 0x33, 0x65, 0x3c, 0x30, 0x3b, 0x9b, 0xb0,
  0xa4, 0x32, 0x96, 0x3c, 0x54, 0x3b, 0xa6, 0xaf, 0x99, 0x31, 0xc3, 0x3c,
  0x74, 0x3b, 0xf8, 0xad, 0x87, 0x30, 0xeb, 0x3c, 0x98, 0x3b, 0x34, 0xac,
  0xc2, 0x2e, 0x10, 0x3d, 0xbd, 0x3b, 0xbd, 0xa8, 0x59, 0x2c, 0x33, 0x3d,
  0xe0, 0x3b, 0x7a, 0x9f, 0x40, 0x27, 0x54, 0x3d, 0xff, 0x3b, 0x02, 0x26,
  0x3c, 0xa2, 0x75, 0x3d, 0xca, 0x23, 0x29, 0x80, 0xdc, 0x2f, 0x05, 0x00,
  0xc4, 0x23, 0x09, 0x84, 0xd5, 0x2f, 0x80, 0x00, 0xbe, 0x23, 0x08, 0x8c,
  0xcf, 0x2f, 0xff, 0x01, 0xbe, 0x23, 0x89, 0x90, 0xcf, 0x2f, 0x80, 0x04,
  0xbe, 0x23, 0x08, 0x94, 0xcf, 0x2f, 0x03, 0x08, 0xc1, 0x23, 0x4c, 0x96,
  0xd1, 0x2f, 0x51, 0x0a, 0xc4, 0x23, 0x87, 0x98, 0xd3, 0x2f, 0x9c, 0x0c,
  0xca, 0x23, 0x29, 0x9a, 0xd5, 0x2f, 0x67, 0x0e, 0xd4, 0x23, 0x05, 0x9c,
  0xda, 0x2f, 0x50, 0x10, 0xe4, 0x23, 0x16, 0x9d, 0xe3, 0x2f, 0xb0, 0x11,
  0xff, 0x23, 0x48, 0x9e, 0xf3, 0x2f, 0x6b, 0x13, 0x16, 0x24, 0x9f, 0x9f,
  0x08, 0x30, 0xce, 0x14, 0x3e, 0x24, 0x92, 0xa0, 0x22, 0x30, 0x39, 0x16,
  0x7a, 0x24, 0x71, 0xa1, 0x49, 0x30, 0x09, 0x18, 0xd3, 0x24, 0x74, 0xa2,
  0x80, 0x30, 0x40, 0x19, 0x43, 0x25, 0x9f, 0xa3, 0xc1, 0x30, 0xd5, 0x1a,
  0xce, 0x25, 0x7c, 0xa4, 0x09, 0x31, 0x71, 0x1c, 0x73, 0x26, 0x41, 0xa5,
  0x55, 0x31, 0xc0, 0x1d, 0x43, 0x27, 0x27, 0xa6, 0xb1, 0x31, 0x6e, 0x1f,
  0x14, 0x28, 0x27, 0xa7, 0x06, 0x32, 0xc1, 0x20, 0x9f, 0x28, 0x27, 0xa8,
  0x67, 0x32, 0x0f, 0x22, 0x35, 0x29, 0xc8, 0xa8, 0xbe, 0x32, 0xa3, 0x23,
  0xf0, 0x29, 0x81, 0xa9, 0x2c, 0x33, 0xcb, 0x24, 0xbb, 0x2a, 0x49, 0xaa,
  0x90, 0x33, 0xf2, 0x25, 0xa8, 0x2b, 0x28, 0xab, 0x00, 0x34, 0x56, 0x27,
  0x59, 0x2c, 0x0e, 0xac, 0x39, 0x34, 0x7d, 0x28, 0xf0, 0x2c, 0x93, 0xac,
  0x73, 0x34, 0x74, 0x29, 0xa4, 0x2d, 0x24, 0xad, 0xb9, 0x34, 0x96, 0x2a,
  0x61, 0x2e, 0xbd, 0xad, 0xf6, 0x34, 0xe2, 0x2b, 0x37, 0x2f, 0x61, 0xae,
  0x36, 0x35, 0xb0, 0x2c, 0x0c, 0x30, 0x07, 0xaf, 0x6e, 0x35, 0x85, 0x2d,
  0x90, 0x30, 0xbc, 0xaf, 0xb1, 0x35, 0x7b, 0x2e, 0x1b, 0x31, 0x39, 0xb0,
  0xeb, 0x35, 0x8c, 0x2f, 0xaa, 0x31, 0x95, 0xb0, 0x1a, 0x36, 0x5c, 0x30,
  0x64, 0x32, 0xf8, 0xb0, 0x69, 0x36, 0x08, 0x31, 0x11, 0x33, 0x59, 0xb1,
  0x98, 0x36, 0xc2, 0x31, 0xcc, 0x33, 0xb5, 0xb1, 0xc5, 0x36, 0x8b, 0x32,
  0x5b, 0x34, 0x18, 0xb2, 0x08, 0x37, 0x6e, 0x33, 0xc3, 0x34, 0x71, 0xb2,
  0x27, 0x37, 0x2e, 0x34, 0x34, 0x35, 0xc7, 0xb2, 0x46, 0x37, 0xaf, 0x34,
  0xb7, 0x35, 0x1a, 0xb3, 0x71, 0x37, 0x3a, 0x35, 0x33, 0x36, 0x62, 0xb3,
  0x7f, 0x37, 0xcc, 0x35, 0xc5, 0x36, 0xa8, 0xb3, 0x9d, 0x37, 0x6d, 0x36,
  0x49, 0x37, 0xe0, 0xb3, 0x9a, 0x37, 0x12, 0x37, 0xe5, 0x37, 0x06, 0xb4,
  0xa6, 0x37, 0xbf, 0x37, 0x36, 0x38, 0x17, 0xb4, 0x89, 0x37, 0x3b, 0x38,
  0x7c, 0x38, 0x20, 0xb4, 0x69, 0x37, 0x98, 0x38, 0xcb, 0x38, 0x21, 0xb4,
  0x4e, 0x37, 0xf9, 0x38, 0x14, 0x39, 0x1b, 0xb4, 0x19, 0x37, 0x5d, 0x39,
  0x5a, 0x39, 0x0d, 0xb4, 0xdc, 0x36, 0xc7, 0x39, 0xa5, 0x39, 0xec, 0xb3,
  0x95, 0x36, 0x2e, 0x3a, 0xea, 0x39, 0xb3, 0xb3, 0x39, 0x36, 0x9c, 0x3a,
  0x2c, 0x3a, 0x68, 0xb3, 0xd4, 0x35, 0x0e, 0x3b, 0x6d, 0x3a, 0x0b, 0xb3,
  0x66, 0x35, 0x82, 0x3b, 0xa1, 0x3a, 0x9d, 0xb2, 0xe3, 0x34, 0xfb, 0x3b,
  0xd7, 0x3a, 0x1a, 0xb2, 0x61, 0x34, 0x3a, 0x3c, 0x08, 0x3b, 0x7c, 0xb1,
  0xc0, 0x33, 0x73, 0x3c, 0x30, 0x3b, 0xc7, 0xb0, 0xb5, 0x32, 0xa8, 0x3c,
  0x57, 0x3b, 0xf5, 0xaf, 0xa9, 0x31, 0xd7, 0x3c, 0x77, 0x3b, 0x3a, 0xae,
  0x92, 0x30, 0x02, 0x3d, 0x9b, 0x3b, 0x60, 0xac, 0xd5, 0x2e, 0x29, 0x3d,
  0xc0, 0x3b, 0xd9, 0xa8, 0x5d, 0x2c, 0x4f, 0x3d, 0xe1, 0x3b, 0x34, 0x9e,
  0x03, 0x27, 0x72, 0x3d, 0x00, 0x3c, 0xbd, 0x26, 0x12, 0xa3, 0x94, 0x3d,
  0x71, 0x20, 0x1f, 0x80, 0xf2, 0x2d, 0x03, 0x00, 0x6c, 0x20, 0x0e, 0x83,
  0xec, 0x2d, 0x49, 0x00, 0x6d, 0x20, 0x1d, 0x8a, 0xed, 0x2d, 0x24, 0x01,
  0x6d, 0x20, 0xe0, 0x8e, 0xeb, 0x2d, 0x93, 0x02, 0x6c, 0x20, 0x1d, 0x92,
  0xeb, 0x2d, 0x9b, 0x04, 0x72, 0x20, 0xc5, 0x94, 0xf2, 0x2d, 0x49, 0x07,
  0x74, 0x20, 0xdf, 0x96, 0xf1, 0x2d, 0x5f, 0x09, 0x7a, 0x20, 0xac, 0x98,
  0xf5, 0x2d, 0x92, 0x0b, 0x85, 0x20, 0x1a, 0x9a, 0xfd, 0x2d, 0x33, 0x0d,
  0x9a, 0x20, 0xbb, 0x9b, 0x0e, 0x2e, 0x0c, 0x0f, 0xc2, 0x20, 0xce, 0x9c,
  0x31, 0x2e, 0xc1, 0x10, 0x02, 0x21, 0xe5, 0x9d, 0x68, 0x2e, 0x6b, 0x12,
  0x6a, 0x21, 0x2f, 0x9f, 0xc0, 0x2e, 0x5b, 0x14, 0xfd, 0x21, 0x5c, 0xa0,
  0x33, 0x2f, 0xed, 0x15, 0xad, 0x22, 0x43, 0xa1, 0xac, 0x2f, 0x06, 0x18,
  0x99, 0x23, 0x57, 0xa2, 0x21, 0x30, 0x75, 0x19, 0x52, 0x24, 0x96, 0xa3,
  0x69, 0x30, 0x57, 0x1b, 0xf5, 0x24, 0x85, 0xa4, 0xba, 0x30, 0xe5, 0x1c,
  0xb3, 0x25, 0x5b, 0xa5, 0x0d, 0x31, 0x78, 0x1e, 0x94, 0x26, 0x50, 0xa6,
  0x64, 0x31, 0x3b, 0x20, 0x8b, 0x27, 0x63, 0xa7, 0xb7, 0x31, 0x77, 0x21,
  0x5b, 0x28, 0x4e, 0xa8, 0x17, 0x32, 0xff, 0x22, 0x0b, 0x29, 0xff, 0xa8,
  0x7f, 0x32, 0x70, 0x24, 0xcf, 0x29, 0xc3, 0xa9, 0xe7, 0x32, 0x91, 0x25,
  0xae, 0x2a, 0x99, 0xaa, 0x51, 0x33, 0xe9, 0x26, 0xaf, 0x2b, 0x87, 0xab,
  0xc5, 0x33, 0x42, 0x28, 0x6e, 0x2c, 0x45, 0xac, 0x21, 0x34, 0x34, 0x29,
  0x15, 0x2d, 0xd1, 0xac, 0x61, 0x34, 0x4d, 0x2a, 0xc6, 0x2d, 0x63, 0xad,
  0x9b, 0x34, 0x8e, 0x2b, 0x87, 0x2e, 0xfe, 0xad, 0xd2, 0x34, 0x7e, 0x2c,
  0x6d, 0x2f, 0xa7, 0xae, 0x14, 0x35, 0x53, 0x2d, 0x39, 0x30, 0x56, 0xaf,
  0x59, 0x35, 0x42, 0x2e, 0xbe, 0x30, 0x04, 0xb0, 0x92, 0x35, 0x4c, 0x2f,
  0x4e, 0x31, 0x5e, 0xb0, 0xc7, 0x35, 0x39, 0x30, 0xe8, 0x31, 0xba, 0xb0,
  0xfa, 0x35, 0xdc, 0x30, 0xa4, 0x32, 0x1c, 0xb1, 0x42, 0x36, 0x95, 0x31,
  0x5d, 0x33, 0x7a, 0xb1, 0x71, 0x36, 0x5d, 0x32, 0x1d, 0x34, 0xda, 0xb1,
  0xb0, 0x36, 0x3a, 0x33, 0x80, 0x34, 0x32, 0xb2, 0xcf, 0x36, 0x10, 0x34,
  0xfe, 0x34, 0x8d, 0xb2, 0x0c, 0x37, 0x92, 0x34, 0x72, 0x35, 0xe1, 0xb2,
  0x20, 0x37, 0x1b, 0x35, 0xec, 0x35, 0x31, 0xb3, 0x32, 0x37, 0xb0, 0x35,
  0x84, 0x36, 0x79, 0xb3, 0x5f, 0x37, 0x4d, 0x36, 0x06, 0x37, 0xb5, 0xb3,
  0x5f, 0x37, 0xf1, 0x36, 0xa5, 0x37, 0xec, 0xb3, 0x75, 0x37, 0xa3, 0x37,
  0x16, 0x38, 0x07, 0xb4, 0x5c, 0x37, 0x2a, 0x38, 0x68, 0x38, 0x17, 0xb4,
  0x59, 0x37, 0x8b, 0x38, 0xb0, 0x38, 0x1d, 0xb4, 0x34, 0x37, 0xed, 0x38,
  0xf7, 0x38, 0x1f, 0xb4, 0x01, 0x37, 0x57, 0x39, 0x49, 0x39, 0x15, 0xb4,
  0xd4, 0x36, 0xc0, 0x39, 0x91, 0x39, 0x05, 0xb4, 0x8c, 0x36, 0x2e, 0x3a,
  0xdb, 0x39, 0xd5, 0xb3, 0x3e, 0x36, 0x9e, 0x3a, 0x16, 0x3a, 0x94, 0xb3,
  0xcd, 0x35, 0x16, 0x3b, 0x5b, 0x3a, 0x3b, 0xb3, 0x65, 0x35, 0x8d, 0x3b,
  0x99, 0x3a, 0xd8, 0xb2, 0xef, 0x34, 0x09, 0x3c, 0xd7, 0x3a, 0x54, 0xb2,
  0x75, 0x34, 0x45, 0x3c, 0x06, 0x3b, 0xbc, 0xb1, 0xe1, 0x33, 0x83, 0x3c,
  0x33, 0x3b, 0x0b, 0xb1, 0xd3, 0x32, 0xbc, 0x3c, 0x5a, 0x3b, 0x43, 0xb0,
  0xcb, 0x31, 0xed, 0x3c, 0x7b, 0x3b, 0xd2, 0xae, 0xb4, 0x30, 0x1b, 0x3d,
  0x9e, 0x3b, 0xff, 0xac, 0x1d, 0x2f, 0x46, 0x3d, 0xc1, 0x3b, 0x1f, 0xaa,
  0xaa, 0x2c, 0x6f, 0x3d, 0xe2, 0x3b, 0x19, 0xa4, 0x2c, 0x28, 0x96, 0x3d,
  0x00, 0x3c, 0x6f, 0x24, 0xe1, 0xa0, 0xbc, 0x3d, 0xde, 0x1b, 0x15, 0x80,
  0xdb, 0x2b, 0x01, 0x00, 0xfd, 0x1b, 0x0f, 0x82, 0xf9, 0x2b, 0x21, 0x00,
  0xfd, 0x1b, 0x1e, 0x88, 0xf8, 0x2b, 0x84, 0x00, 0xfa, 0x1b, 0xa0, 0x8c,
  0xf2, 0x2b, 0x2a, 0x01, 0x03, 0x1c, 0x1e, 0x90, 0xff, 0x2b, 0x1a, 0x02,
  0x05, 0x1c, 0x6d, 0x92, 0x00, 0x2c, 0x61, 0x03, 0x0e, 0x1c, 0xa0, 0x94,
  0x05, 0x2c, 0x1a, 0x05, 0x1e, 0x1c, 0x4d, 0x96, 0x0e, 0x2c, 0x75, 0x07,
  0x40, 0x1c, 0x23, 0x98, 0x23, 0x2c, 0x64, 0x09, 0x85, 0x1c, 0x53, 0x99,
  0x50, 0x2c, 0xca, 0x0b, 0xf6, 0x1c, 0xc7, 0x9a, 0x96, 0x2c, 0xab, 0x0d,
  0x9f, 0x1d, 0x4a, 0x9c, 0xf6, 0x2c, 0x25, 0x10, 0x84, 0x1e, 0x66, 0x9d,
  0x68, 0x2d, 0x0e, 0x12, 0xa5, 0x1f, 0xc3, 0x9e, 0xe5, 0x2d, 0x66, 0x14,
  0x7d, 0x20, 0x31, 0xa0, 0x62, 0x2e, 0x4c, 0x16, 0x48, 0x21, 0x29, 0xa1,
  0xe0, 0x2e, 0x73, 0x18, 0x50, 0x22, 0x55, 0xa2, 0x7e, 0x2f, 0x37, 0x1a,
  0x7d, 0x23, 0xae, 0xa3, 0x0c, 0x30, 0x43, 0x1c, 0x69, 0x24, 0x9f, 0xa4,
  0x57, 0x30, 0xc0, 0x1d, 0x3b, 0x25, 0x87, 0xa5, 0xae, 0x30, 0xa8, 0x1f,
  0x2f, 0x26, 0x8f, 0xa6, 0x0a, 0x31, 0x06, 0x21, 0x4a, 0x27, 0xbd, 0xa7,
  0x69, 0x31, 0x83, 0x22, 0x48, 0x28, 0x86, 0xa8, 0xd0, 0x31, 0x29, 0x24,
  0x02, 0x29, 0x42, 0xa9, 0x39, 0x32, 0x42, 0x25, 0xd2, 0x29, 0x0f, 0xaa,
  0xa0, 0x32, 0x90, 0x26, 0xcc, 0x2a, 0xf3, 0xaa, 0x18, 0x33, 0x0f, 0x28,
  0xe0, 0x2b, 0xea, 0xab, 0x8e, 0x33, 0xf8, 0x28, 0x80, 0x2c, 0x77, 0xac,
  0xf3, 0x33, 0x03, 0x2a, 0x30, 0x2d, 0x06, 0xad, 0x38, 0x34, 0x3c, 0x2b,
  0xe4, 0x2d, 0x97, 0xad, 0x6a, 0x34, 0x4d, 0x2c, 0xc2, 0x2e, 0x3b, 0xae,
  0xae, 0x34, 0x1c, 0x2d, 0xa6, 0x2f, 0xde, 0xae, 0xe7, 0x34, 0xfd, 0x2d,
  0x4d, 0x30, 0x87, 0xaf, 0x1a, 0x35, 0xfc, 0x2e, 0xe9, 0x30, 0x20, 0xb0,
  0x67, 0x35, 0x11, 0x30, 0x7b, 0x31, 0x7a, 0xb0, 0x99, 0x35, 0xb0, 0x30,
  0x1d, 0x32, 0xd7, 0xb0, 0xc9, 0x35, 0x60, 0x31, 0xe2, 0x32, 0x37, 0xb1,
  0x0e, 0x36, 0x26, 0x32, 0x9c, 0x33, 0x93, 0xb1, 0x38, 0x36, 0xf9, 0x32,
  0x45, 0x34, 0xf4, 0xb1, 0x7e, 0x36, 0xe7, 0x33, 0xaf, 0x34, 0x4d, 0xb2,
  0xa0, 0x36, 0x71, 0x34, 0x31, 0x35, 0xa4, 0xb2, 0xd5, 0x36, 0xf9, 0x34,
  0xac, 0x35, 0xf8, 0xb2, 0xef, 0x36, 0x8c, 0x35, 0x3d, 0x36, 0x45, 0xb3,
  0x1a, 0x37, 0x2a, 0x36, 0xbb, 0x36, 0x86, 0xb3, 0x1e, 0x37, 0xcd, 0x36,
  0x5b, 0x37, 0xc5, 0xb3, 0x3a, 0x37, 0x7f, 0x37, 0xed, 0x37, 0xf6, 0xb3,
  0x36, 0x37, 0x1b, 0x38, 0x47, 0x38, 0x0e, 0xb4, 0x37, 0x37, 0x7c, 0x38,
  0x94, 0x38, 0x1a, 0xb4, 0x20, 0x37, 0xe1, 0x38, 0xe6, 0x38, 0x1f, 0xb4,
  0x05, 0x37, 0x4a, 0x39, 0x27, 0x39, 0x1c, 0xb4, 0xbf, 0x36, 0xb6, 0x39,
  0x7e, 0x39, 0x11, 0xb4, 0x93, 0x36, 0x24, 0x3a, 0xc2, 0x39, 0xfe, 0xb3,
  0x3e, 0x36, 0x9a, 0x3a, 0x0a, 0x3a, 0xd1, 0xb3, 0xe3, 0x35, 0x1b, 0x3b,
  0x56, 0x3a, 0x86, 0xb3, 0x85, 0x35, 0x96, 0x3b, 0x94, 0x3a, 0x34, 0xb3,
  0x0f, 0x35, 0x11, 0x3c, 0xd3, 0x3a, 0xc1, 0xb2, 0x98, 0x34, 0x53, 0x3c,
  0x0a, 0x3b, 0x39, 0xb2, 0x16, 0x34, 0x94, 0x3c, 0x37, 0x3b, 0x92, 0xb1,
  0x22, 0x33, 0xcf, 0x3c, 0x5c, 0x3b, 0xd4, 0xb0, 0x14, 0x32, 0x07, 0x3d,
  0x82, 0x3b, 0xff, 0xaf, 0xfe, 0x30, 0x39, 0x3d, 0xa1, 0x3b, 0x32, 0xae,
  0xb6, 0x2f, 0x69, 0x3d, 0xc3, 0x3b, 0x45, 0xac, 0x4d, 0x2d, 0x98, 0x3d,
  0xe2, 0x3b, 0x72, 0xa8, 0x6f, 0x29, 0xc4, 0x3d, 0x01, 0x3c, 0x30, 0x94,
  0x90, 0x11, 0xf0, 0x3d, 0xe9, 0x13, 0x0b, 0x80, 0xd8, 0x27, 0x00, 0x00,
  0x10, 0x14, 0x0a, 0x81, 0x07, 0x28, 0x08, 0x00, 0x0f, 0x14, 0x28, 0x84,
  0x04, 0x28, 0x22, 0x00, 0xfc, 0x13, 0xa2, 0x88, 0xc6, 0x27, 0x4d, 0x00,
  0x17, 0x14, 0x24, 0x8c, 0x08, 0x28, 0x90, 0x00, 0x30, 0x14, 0x7f, 0x8e,
  0x18, 0x28, 0xf9, 0x00, 0x6b, 0x14, 0xbb, 0x90, 0x3e, 0x28, 0xa2, 0x01,
  0xfb, 0x14, 0xb1, 0x92, 0x9a, 0x28, 0xc6, 0x02, 0xec, 0x15, 0xa9, 0x94,
  0x1e, 0x29, 0xc0, 0x04, 0x53, 0x17, 0x6e, 0x96, 0xc4, 0x29, 0x10, 0x08,
  0x9f, 0x18, 0x62, 0x98, 0x81, 0x2a, 0xd5, 0x0a, 0xda, 0x19, 0xe4, 0x99,
  0x47, 0x2b, 0x9a, 0x0d, 0x5f, 0x1b, 0xca, 0x9b, 0x0a, 0x2c, 0x75, 0x10,
  0xaa, 0x1c, 0x15, 0x9d, 0x7e, 0x2c, 0xe7, 0x12, 0xd4, 0x1d, 0x88, 0x9e,
  0xf3, 0x2c, 0x31, 0x15, 0x57, 0x1f, 0x2a, 0xa0, 0x82, 0x2d, 0xa5, 0x17,
  0x88, 0x20, 0x38, 0xa1, 0x0b, 0x2e, 0x78, 0x19, 0x99, 0x21, 0x79, 0xa2,
  0xa7, 0x2e, 0xa9, 0x1b, 0xd8, 0x22, 0xee, 0xa3, 0x48, 0x2f, 0x41, 0x1d,
  0x23, 0x24, 0xcc, 0xa4, 0xe7, 0x2f, 0x0e, 0x1f, 0xf9, 0x24, 0xc0, 0xa5,
  0x4a, 0x30, 0xa9, 0x20, 0xea, 0x25, 0xcf, 0xa6, 0x9b, 0x30, 0x0c, 0x22,
  0x01, 0x27, 0x01, 0xa8, 0xf3, 0x30, 0xbf, 0x23, 0x25, 0x28, 0xaf, 0xa8,
  0x56, 0x31, 0xe9, 0x24, 0xdb, 0x28, 0x6a, 0xa9, 0xb2, 0x31, 0x20, 0x26,
  0xba, 0x29, 0x3d, 0xaa, 0x22, 0x32, 0x98, 0x27, 0xa6, 0x2a, 0x1f, 0xab,
  0x81, 0x32, 0xa5, 0x28, 0xac, 0x2b, 0x0b, 0xac, 0xe7, 0x32, 0xa4, 0x29,
  0x7f, 0x2c, 0x92, 0xac, 0x6d, 0x33, 0xce, 0x2a, 0x2a, 0x2d, 0x20, 0xad,
  0xd9, 0x33, 0x10, 0x2c, 0xe9, 0x2d, 0xb7, 0xad, 0x23, 0x34, 0xd1, 0x2c,
  0xd8, 0x2e, 0x5b, 0xae, 0x6d, 0x34, 0xb0, 0x2d, 0xc2, 0x2f, 0x03, 0xaf,
  0xa3, 0x34, 0xa9, 0x2e, 0x71, 0x30, 0xb6, 0xaf, 0xec, 0x34, 0xc3, 0x2f,
  0xfe, 0x30, 0x33, 0xb0, 0x1f, 0x35, 0x7a, 0x30, 0xb6, 0x31, 0x94, 0xb0,
  0x6f, 0x35, 0x2c, 0x31, 0x55, 0x32, 0xee, 0xb0, 0x99, 0x35, 0xe6, 0x31,
  0x2e, 0x33, 0x52, 0xb1, 0xe9, 0x35, 0xbe, 0x32, 0x09, 0x34, 0xb3, 0xb1,
  0x2e, 0x36, 0xa5, 0x33, 0x70, 0x34, 0x0f, 0xb2, 0x53, 0x36, 0x4f, 0x34,
  0xf7, 0x34, 0x6c, 0xb2, 0x98, 0x36, 0xd7, 0x34, 0x6c, 0x35, 0xbf, 0xb2,
  0xb1, 0x36, 0x65, 0x35, 0xf6, 0x35, 0x10, 0xb3, 0xdc, 0x36, 0x00, 0x36,
  0x7d, 0x36, 0x5d, 0xb3, 0xf1, 0x36, 0xa7, 0x36, 0x14, 0x37, 0x9e, 0xb3,
  0x0a, 0x37, 0x54, 0x37, 0xa3, 0x37, 0xd6, 0xb3, 0x0b, 0x37, 0x06, 0x38,
  0x20, 0x38, 0x03, 0xb4, 0x0f, 0x37, 0x67, 0x38, 0x68, 0x38, 0x16, 0xb4,
  0xf7, 0x36, 0xcf, 0x38, 0xbe, 0x38, 0x20, 0xb4, 0xed, 0x36, 0x37, 0x39,
  0x08, 0x39, 0x29, 0xb4, 0xbd, 0x36, 0xac, 0x39, 0x60, 0x39, 0x23, 0xb4,
  0x97, 0x36, 0x1c, 0x3a, 0xac, 0x39, 0x1b, 0xb4, 0x53, 0x36, 0x98, 0x3a,
  0xf7, 0x39, 0x13, 0xb4, 0x00, 0x36, 0x29, 0x3b, 0x47, 0x3a, 0xef, 0xb3,
  0xaa, 0x35, 0xad, 0x3b, 0x8b, 0x3a, 0xaf, 0xb3, 0x3f, 0x35, 0x20, 0x3c,
  0xc8, 0x3a, 0x5a, 0xb3, 0xc8, 0x34, 0x6d, 0x3c, 0x09, 0x3b, 0xd2, 0xb2,
  0x4e, 0x34, 0xa8, 0x3c, 0x39, 0x3b, 0x3f, 0xb2, 0x92, 0x33, 0xea, 0x3c,
  0x62, 0x3b, 0x96, 0xb1, 0x83, 0x32, 0x29, 0x3d, 0x8f, 0x3b, 0xce, 0xb0,
  0x6d, 0x31, 0x5e, 0x3d, 0xad, 0x3b, 0xf1, 0xaf, 0x59, 0x30, 0x95, 0x3d,
  0xc7, 0x3b, 0x26, 0xae, 0x57, 0x2e, 0xce, 0x3d, 0xe4, 0x3b, 0x35, 0xac,
  0xb6, 0x2b, 0x03, 0x3e, 0x00, 0x3c, 0x45, 0xa8, 0xc8, 0x24, 0x37, 0x3e,
  0x68, 0x00, 0x02, 0x80, 0xf8, 0x1f, 0x00, 0x00, 0x00, 0x00, 0x02, 0x80,
  0xda, 0x01, 0x00, 0x00, 0x11, 0x00, 0x1c, 0x80, 0x1a, 0x0c, 0x00, 0x00,
  0x3b, 0x00, 0x6b, 0x80, 0xdb, 0x0d, 0x01, 0x00, 0x8b, 0x00, 0x25, 0x81,
  0x3b, 0x10, 0x05, 0x00, 0x97, 0x01, 0xf4, 0x82, 0x30, 0x14, 0x16, 0x00,
  0xfc, 0x02, 0xd6, 0x85, 0xe9, 0x15, 0x3f, 0x00, 0x5d, 0x06, 0xd8, 0x89,
  0xf4, 0x18, 0xac, 0x00, 0x9e, 0x09, 0x25, 0x8d, 0x45, 0x1b, 0x8d, 0x01,
  0xcc, 0x0c, 0x43, 0x90, 0x43, 0x1d, 0x40, 0x03, 0x78, 0x12, 0xd7, 0x94,
  0x1c, 0x26, 0x8e, 0x08, 0xac, 0x14, 0x0a, 0x97, 0x57, 0x27, 0x00, 0x0c,
  0x37, 0x17, 0x1d, 0x99, 0xb8, 0x28, 0xe4, 0x0e, 0x8e, 0x18, 0xd6, 0x9a,
  0x20, 0x29, 0x61, 0x11, 0x08, 0x1b, 0xef, 0x9c, 0xdc, 0x2a, 0x7a, 0x14,
  0x61, 0x1c, 0x27, 0x9e, 0x4f, 0x2b, 0x5c, 0x16, 0xba, 0x1c, 0x8e, 0x9f,
  0x0e, 0x2b, 0x67, 0x18, 0x20, 0x1f, 0xf9, 0xa0, 0x95, 0x2c, 0x7c, 0x1a,
  0x71, 0x20, 0x31, 0xa2, 0x14, 0x2d, 0x7a, 0x1c, 0x76, 0x21, 0x97, 0xa3,
  0x90, 0x2d, 0x0a, 0x1e, 0x30, 0x23, 0xb3, 0xa4, 0x80, 0x2e, 0x17, 0x20,
  0x53, 0x24, 0xa2, 0xa5, 0x0d, 0x2f, 0x56, 0x21, 0x2c, 0x25, 0xb2, 0xa6,
  0x9e, 0x2f, 0xdf, 0x22, 0x85, 0x26, 0x01, 0xa8, 0x55, 0x30, 0x6e, 0x24,
  0xa3, 0x27, 0xa4, 0xa8, 0x99, 0x30, 0x84, 0x25, 0x80, 0x28, 0x68, 0xa9,
  0xf7, 0x30, 0xe2, 0x26, 0x79, 0x29, 0x41, 0xaa, 0x7b, 0x31, 0x41, 0x28,
  0x56, 0x2a, 0x24, 0xab, 0xd1, 0x31, 0x2d, 0x29, 0x95, 0x2b, 0x11, 0xac,
  0x5c, 0x32, 0x46, 0x2a, 0x5d, 0x2c, 0x99, 0xac, 0xbc, 0x32, 0x88, 0x2b,
  0x27, 0x2d, 0x2e, 0xad, 0x53, 0x33, 0x80, 0x2c, 0x08, 0x2e, 0xcd, 0xad,
  0xe7, 0x33, 0x56, 0x2d, 0xd5, 0x2e, 0x6a, 0xae, 0x24, 0x34, 0x3f, 0x2e,
  0xf7, 0x2f, 0x18, 0xaf, 0x75, 0x34, 0x4e, 0x2f, 0x6e, 0x30, 0xc2, 0xaf,
  0x98, 0x34, 0x39, 0x30, 0x1b, 0x31, 0x3e, 0xb0, 0xea, 0x34, 0xe2, 0x30,
  0xa5, 0x31, 0x98, 0xb0, 0x0d, 0x35, 0x97, 0x31, 0x75, 0x32, 0xfa, 0xb0,
  0x5e, 0x35, 0x65, 0x32, 0x5a, 0x33, 0x59, 0xb1, 0xaf, 0x35, 0x44, 0x33,
  0x01, 0x34, 0xb4, 0xb1, 0xc3, 0x35, 0x19, 0x34, 0x84, 0x34, 0x14, 0xb2,
  0x0f, 0x36, 0x9e, 0x34, 0x01, 0x35, 0x6f, 0xb2, 0x45, 0x36, 0x2c, 0x35,
  0x77, 0x35, 0xc5, 0xb2, 0x5d, 0x36, 0xc5, 0x35, 0x0a, 0x36, 0x15, 0xb3,
  0x90, 0x36, 0x66, 0x36, 0xb1, 0x36, 0x60, 0xb3, 0xc7, 0x36, 0x14, 0x37,
  0x1e, 0x37, 0xaa, 0xb3, 0xb4, 0x36, 0xd2, 0x37, 0xd3, 0x37, 0xdf, 0xb3,
  0xd7, 0x36, 0x48, 0x38, 0x2a, 0x38, 0x10, 0xb4, 0xc1, 0x36, 0xb8, 0x38,
  0x8c, 0x38, 0x1b, 0xb4, 0xd6, 0x36, 0x1a, 0x39, 0xcc, 0x38, 0x38, 0xb4,
  0xa4, 0x36, 0xa0, 0x39, 0x23, 0x39, 0x4d, 0xb4, 0x8a, 0x36, 0x2c, 0x3a,
  0x7c, 0x39, 0x4f, 0xb4, 0x65, 0x36, 0xb0, 0x3a, 0xdc, 0x39, 0x44, 0xb4,
  0x38, 0x36, 0x2f, 0x3b, 0x29, 0x3a, 0x49, 0xb4, 0xe8, 0x35, 0xde, 0x3b,
  0x74, 0x3a, 0x37, 0xb4, 0x8c, 0x35, 0x40, 0x3c, 0xbf, 0x3a, 0x13, 0xb4,
  0x24, 0x35, 0x8a, 0x3c, 0xfc, 0x3a, 0xc5, 0xb3, 0xac, 0x34, 0xd4, 0x3c,
  0x44, 0x3b, 0x46, 0xb3, 0x32, 0x34, 0x19, 0x3d, 0x7e, 0x3b, 0xa5, 0xb2,
  0x53, 0x33, 0x54, 0x3d, 0x9a, 0x3b, 0x04, 0xb2, 0x3c, 0x32, 0x9e, 0x3d,
  0xb7, 0x3b, 0x49, 0xb1, 0x39, 0x31, 0xe5, 0x3d, 0xd7, 0x3b, 0x75, 0xb0,
  0x15, 0x30, 0x25, 0x3e, 0xdc, 0x3b, 0x20, 0xaf, 0xc8, 0x2d, 0x66, 0x3e,
  0xf9, 0x3b, 0x2c, 0xad, 0x42, 0x2a, 0xa1, 0x3e
